LLH,norm,alpha,beta
77.39448115740929,1.5,2.2,0.0
70.4935925520346,1.5,2.2,0.0526315789473684
67.28024670638038,1.5,2.2,0.1052631578947368
66.46735213137647,1.5,2.2,0.1578947368421052
67.11536027848881,1.5,2.2,0.2105263157894736
68.76498531370684,1.5,2.2,0.2631578947368421
71.12228669169819,1.5,2.2,0.3157894736842105
73.99153130038154,1.5,2.2,0.3684210526315789
77.27163123933508,1.5,2.2,0.4210526315789473
80.87219477918532,1.5,2.2,0.4736842105263157
84.71436184343796,1.5,2.2,0.5263157894736842
88.73941108507447,1.5,2.2,0.5789473684210527
92.90297542336477,1.5,2.2,0.631578947368421
97.1710799925866,1.5,2.2,0.6842105263157894
101.51738695433151,1.5,2.2,0.7368421052631579
105.9212518938815,1.5,2.2,0.7894736842105263
110.36633366193234,1.5,2.2,0.8421052631578947
114.8395866054457,1.5,2.2,0.894736842105263
119.3305203475667,1.5,2.2,0.9473684210526316
123.83064908299954,1.5,2.2,1.0
66.687831342213,1.5,2.2526315789473688,0.0
61.94606457981776,1.5,2.2526315789473688,0.0526315789473684
60.35685321550688,1.5,2.2526315789473688,0.1052631578947368
60.682930195024966,1.5,2.2526315789473688,0.1578947368421052
62.22330767230258,1.5,2.2526315789473688,0.2105263157894736
64.5992727326255,1.5,2.2526315789473688,0.2631578947368421
67.56586801060665,1.5,2.2526315789473688,0.3157894736842105
70.99611571347414,1.5,2.2526315789473688,0.3684210526315789
74.7738352385802,1.5,2.2526315789473688,0.4210526315789473
78.80767278652672,1.5,2.2526315789473688,0.4736842105263157
83.03083360919605,1.5,2.2526315789473688,0.5263157894736842
87.39371184343716,1.5,2.2526315789473688,0.5789473684210527
91.85894342422088,1.5,2.2526315789473688,0.631578947368421
96.39802437038372,1.5,2.2526315789473688,0.6842105263157894
100.98896084302062,1.5,2.2526315789473688,0.7368421052631579
105.61461120212736,1.5,2.2526315789473688,0.7894736842105263
110.26149942250596,1.5,2.2526315789473688,0.8421052631578947
114.91895416635104,1.5,2.2526315789473688,0.894736842105263
119.57847586745125,1.5,2.2526315789473688,0.9473684210526316
124.23326551264188,1.5,2.2526315789473688,1.0
57.83941850018401,1.5,2.305263157894737,0.0
54.6762524902254,1.5,2.305263157894737,0.0526315789473684
54.278749787274045,1.5,2.305263157894737,0.1052631578947368
55.49642421647683,1.5,2.305263157894737,0.1578947368421052
57.77230474670806,1.5,2.305263157894737,0.2105263157894736
60.77293379600589,1.5,2.305263157894737,0.2631578947368421
64.31955209874319,1.5,2.305263157894737,0.3157894736842105
68.25984919115866,1.5,2.305263157894737,0.3684210526315789
72.48267683410589,1.5,2.305263157894737,0.4210526315789473
76.90872201946001,1.5,2.305263157894737,0.4736842105263157
81.48034748131109,1.5,2.305263157894737,0.5263157894736842
86.15500081493755,1.5,2.305263157894737,0.5789473684210527
90.90083092075986,1.5,2.305263157894737,0.631578947368421
95.69370955360716,1.5,2.305263157894737,0.6842105263157894
100.51516942140948,1.5,2.305263157894737,0.7368421052631579
105.35095274542904,1.5,2.305263157894737,0.7894736842105263
110.18997383761054,1.5,2.305263157894737,0.8421052631578947
115.02356701287955,1.5,2.305263157894737,0.894736842105263
119.84493404707978,1.5,2.305263157894737,0.9473684210526316
124.64873309757922,1.5,2.305263157894737,1.0
50.78415989851669,1.5,2.357894736842105,0.0
48.60641540355462,1.5,2.357894736842105,0.0526315789473684
48.97557340009496,1.5,2.357894736842105,0.1052631578947368
50.86264250350405,1.5,2.357894736842105,0.1578947368421052
53.73685764263492,1.5,2.357894736842105,0.2105263157894736
57.30815676229742,1.5,2.357894736842105,0.2631578947368421
61.36053031777537,1.5,2.357894736842105,0.3157894736842105
65.74671863354068,1.5,2.357894736842105,0.3684210526315789
70.36547520025047,1.5,2.357894736842105,0.4210526315789473
75.14546746298672,1.5,2.357894736842105,0.4736842105263157
80.03542013260169,1.5,2.357894736842105,0.5263157894736842
84.99786109149343,1.5,2.357894736842105,0.5789473684210527
90.00502953722078,1.5,2.357894736842105,0.631578947368421
95.03612811052608,1.5,2.357894736842105,0.6842105263157894
100.07543612080364,1.5,2.357894736842105,0.7368421052631579
105.11098893694316,1.5,2.357894736842105,0.7894736842105263
110.13363792740026,1.5,2.357894736842105,0.8421052631578947
115.13637109678032,1.5,2.357894736842105,0.894736842105263
120.11381532196584,1.5,2.357894736842105,0.9473684210526316
125.06186700143827,1.5,2.357894736842105,1.0
45.58294881929988,1.5,2.4105263157894736,0.0
43.69867442823877,1.5,2.4105263157894736,0.0526315789473684
44.451734161108085,1.5,2.4105263157894736,0.1052631578947368
46.79352411117867,1.5,2.4105263157894736,0.1578947368421052
50.15916588352214,1.5,2.4105263157894736,0.2105263157894736
54.19089814145632,1.5,2.4105263157894736,0.2631578947368421
58.66389039472266,1.5,2.4105263157894736,0.3157894736842105
63.43249060466054,1.5,2.4105263157894736,0.3684210526315789
68.39891587050033,1.5,2.4105263157894736,0.4210526315789473
73.49559500931541,1.5,2.4105263157894736,0.4736842105263157
78.67475011860775,1.5,2.4105263157894736,0.5263157894736842
83.90198597628702,1.5,2.4105263157894736,0.5789473684210527
89.15219601220463,1.5,2.4105263157894736,0.631578947368421
94.40686285513354,1.5,2.4105263157894736,0.6842105263157894
99.65222974142718,1.5,2.4105263157894736,0.7368421052631579
104.87803336233512,1.5,2.4105263157894736,0.7894736842105263
110.07660864462474,1.5,2.4105263157894736,0.8421052631578947
115.2422456731294,1.5,2.4105263157894736,0.894736842105263
120.37072094633275,1.5,2.4105263157894736,0.9473684210526316
125.45895124356431,1.5,2.4105263157894736,1.0
42.458421429678616,1.5,2.463157894736842,0.0
40.06351169553926,1.5,2.463157894736842,0.0526315789473684
40.80339735979272,1.5,2.463157894736842,0.1052631578947368
43.374376840498165,1.5,2.463157894736842,0.1578947368421052
47.05261027144319,1.5,2.463157894736842,0.2105263157894736
51.41830600192712,1.5,2.463157894736842,0.2631578947368421
56.22147619353963,1.5,2.463157894736842,0.3157894736842105
61.30594045378726,1.5,2.463157894736842,0.3684210526315789
66.56998640934542,1.5,2.463157894736842,0.4210526315789473
71.9450803534265,1.5,2.463157894736842,0.4736842105263157
77.38379505794003,1.5,2.463157894736842,0.5263157894736842
82.85264148466732,1.5,2.463157894736842,0.5789473684210527
88.3276261329811,1.5,2.463157894736842,0.631578947368421
93.79139131071815,1.5,2.463157894736842,0.6842105263157894
99.23131379578862,1.5,2.463157894736842,0.7368421052631579
104.6382060065679,1.5,2.463157894736842,0.7894736842105263
110.00540854932544,1.5,2.463157894736842,0.8421052631578947
115.32814416517728,1.5,2.463157894736842,0.894736842105263
120.60305040331508,1.5,2.463157894736842,0.9473684210526316
125.82783693884656,1.5,2.463157894736842,1.0
41.831506646355614,1.5,2.515789473684211,0.0
37.9846824443173,1.5,2.515789473684211,0.0526315789473684
38.21380040902267,1.5,2.515789473684211,0.1052631578947368
40.68633097911764,1.5,2.515789473684211,0.1578947368421052
44.45983401640687,1.5,2.515789473684211,0.2105263157894736
49.01353043238,1.5,2.515789473684211,0.2631578947368421
54.0445889667845,1.5,2.515789473684211,0.3157894736842105
59.370824694433146,1.5,2.515789473684211,0.3684210526315789
64.8774656228552,1.5,2.515789473684211,0.4210526315789473
70.48934153066405,1.5,2.515789473684211,0.4736842105263157
76.15568010311029,1.5,2.515789473684211,0.5263157894736842
81.84139245055843,1.5,2.515789473684211,0.5789473684210527
87.52184144332398,1.5,2.515789473684211,0.631578947368421
93.17956401006067,1.5,2.515789473684211,0.6842105263157894
98.802139373992,1.5,2.515789473684211,0.7368421052631579
104.38075807573571,1.5,2.515789473684211,0.7894736842105263
109.90923597053911,1.5,2.515789473684211,0.8421052631578947
115.38332009945154,1.5,2.515789473684211,0.894736842105263
120.8001913336308,1.5,2.515789473684211,0.9473684210526316
126.15810275358749,1.5,2.515789473684211,1.0
44.54329126555279,1.5,2.568421052631579,0.0
37.92462775928779,1.5,2.568421052631579,0.0526315789473684
36.913089175659024,1.5,2.568421052631579,0.1052631578947368
38.86627543611964,1.5,2.568421052631579,0.1578947368421052
42.46844551833052,1.5,2.568421052631579,0.2105263157894736
47.03153153213331,1.5,2.568421052631579,0.2631578947368421
52.16799763393541,1.5,2.568421052631579,0.3157894736842105
57.648780260350186,1.5,2.568421052631579,0.3684210526315789
63.3340949885628,1.5,2.568421052631579,0.4210526315789473
69.1349090548761,1.5,2.568421052631579,0.4736842105263157
74.99250852938182,1.5,2.568421052631579,0.5263157894736842
80.86714695484078,1.5,2.568421052631579,0.5789473684210527
86.73143180852898,1.5,2.568421052631579,0.631578947368421
92.5662910747116,1.5,2.568421052631579,0.6842105263157894
98.35840940976418,1.5,2.568421052631579,0.7368421052631579
104.09853921799365,1.5,2.568421052631579,0.7894736842105263
109.78035447878092,1.5,2.568421052631579,0.8421052631578947
115.39965377553555,1.5,2.568421052631579,0.894736842105263
120.95379511379492,1.5,2.568421052631579,0.9473684210526316
126.44128865905154,1.5,2.568421052631579,1.0
51.85764319442386,1.5,2.6210526315789475,0.0
40.54572754350036,1.5,2.6210526315789475,0.0526315789473684
37.270804504648304,1.5,2.6210526315789475,0.1052631578947368
38.13041049650052,1.5,2.6210526315789475,0.1578947368421052
41.21930737603444,1.5,2.6210526315789475,0.2105263157894736
45.56747053601921,1.5,2.6210526315789475,0.2631578947368421
50.65565362331101,1.5,2.6210526315789475,0.3157894736842105
56.1834092911405,1.5,2.6210526315789475,0.3684210526315789
61.96961064788678,1.5,2.6210526315789475,0.4210526315789473
67.90174207499314,1.5,2.6210526315789475,0.4736842105263157
73.90717012059433,1.5,2.6210526315789475,0.5263157894736842
79.93759227450683,1.5,2.6210526315789475,0.5789473684210527
85.96021100616919,1.5,2.6210526315789475,0.631578947368421
91.95248246120686,1.5,2.6210526315789475,0.6842105263157894
97.89885086844365,1.5,2.6210526315789475,0.7368421052631579
103.78863686338404,1.5,2.6210526315789475,0.7894736842105263
109.6146260907062,1.5,2.6210526315789475,0.8421052631578947
115.37209991116592,1.5,2.6210526315789475,0.894736842105263
121.05815498950604,1.5,2.6210526315789475,0.9473684210526316
126.67121720268202,1.5,2.6210526315789475,1.0
65.7081945026261,1.5,2.673684210526316,0.0
46.83781300631047,1.5,2.673684210526316,0.0526315789473684
39.83968162115054,1.5,2.673684210526316,0.1052631578947368
38.811337564139606,1.5,2.673684210526316,0.1578947368421052
40.91999304924788,1.5,2.673684210526316,0.2105263157894736
44.76531122332118,1.5,2.673684210526316,0.2631578947368421
49.60867284670086,1.5,2.673684210526316,0.3157894736842105
55.04591041149786,1.5,2.673684210526316,0.3684210526315789
60.834880671971874,1.5,2.673684210526316,0.4210526315789473
66.82636424496111,1.5,2.673684210526316,0.4736842105263157
72.925775240132,1.5,2.673684210526316,0.5263157894736842
79.07111924708634,1.5,2.673684210526316,0.5789473684210527
85.22076041349052,1.5,2.673684210526316,0.631578947368421
91.34630107679682,1.5,2.673684210526316,0.6842105263157894
97.42824222273296,1.5,2.673684210526316,0.7368421052631579
103.4532260369569,1.5,2.673684210526316,0.7894736842105263
109.41221958556032,1.5,2.673684210526316,0.8421052631578947
115.2992821694107,1.5,2.673684210526316,0.894736842105263
121.1107083265492,1.5,2.673684210526316,0.9473684210526316
126.84442037589828,1.5,2.673684210526316,1.0
89.0386497052818,1.5,2.726315789473684,0.0
58.32333364304345,1.5,2.726315789473684,0.0526315789473684
45.43990068212442,1.5,2.726315789473684,0.1052631578947368
41.38422487591568,1.5,2.726315789473684,0.1578947368421052
41.87865581040292,1.5,2.726315789473684,0.2105263157894736
44.82631579623151,1.5,2.726315789473684,0.2631578947368421
49.17422967565221,1.5,2.726315789473684,0.3157894736842105
54.342759033151374,1.5,2.726315789473684,0.3684210526315789
60.00748225575854,1.5,2.726315789473684,0.4210526315789473
65.96605326689306,1.5,2.726315789473684,0.4736842105263157
72.09088471208037,1.5,2.726315789473684,0.5263157894736842
78.29936264631523,1.5,2.726315789473684,0.5789473684210527
84.53645883476342,1.5,2.726315789473684,0.631578947368421
90.7648055558098,1.5,2.726315789473684,0.6842105263157894
96.9587572993057,1.5,2.726315789473684,0.7368421052631579
103.10067886096029,1.5,2.726315789473684,0.7894736842105263
109.17853402334195,1.5,2.726315789473684,0.8421052631578947
115.18426753695344,1.5,2.726315789473684,0.894736842105263
121.11269032297211,1.5,2.726315789473684,0.9473684210526316
126.9606949310902,1.5,2.726315789473684,1.0
126.322429142529,1.5,2.778947368421053,0.0
77.28806377265657,1.5,2.778947368421053,0.0526315789473684
55.30833167219748,1.5,2.778947368421053,0.1052631578947368
46.55212146684786,1.5,2.778947368421053,0.1578947368421052
44.51437930399366,1.5,2.778947368421053,0.2105263157894736
46.04188832239023,1.5,2.778947368421053,0.2631578947368421
49.550672845379374,1.5,2.778947368421053,0.3157894736842105
54.22485253166767,1.5,2.778947368421053,0.3684210526315789
59.59917681161267,1.5,2.778947368421053,0.4210526315789473
65.40439914805071,1.5,2.778947368421053,0.4736842105263157
71.46576156370325,1.5,2.778947368421053,0.5263157894736842
77.6705252899241,1.5,2.778947368421053,0.5789473684210527
83.94412622023816,1.5,2.778947368421053,0.631578947368421
90.23608203913152,1.5,2.778947368421053,0.6842105263157894
96.511704042518,1.5,2.778947368421053,0.7368421052631579
102.74699670615412,1.5,2.778947368421053,0.7894736842105263
108.92538851938312,1.5,2.778947368421053,0.8421052631578947
115.03556237158308,1.5,2.778947368421053,0.894736842105263
121.06997374028606,1.5,2.778947368421053,0.9473684210526316
127.0238149343381,1.5,2.778947368421053,1.0
184.35836038997545,1.5,2.8315789473684214,0.0
107.1581484492331,1.5,2.8315789473684214,0.0526315789473684
71.26919603492898,1.5,2.8315789473684214,0.1052631578947368
55.35027062790526,1.5,2.8315789473684214,0.1578947368421052
49.448873939893375,1.5,2.8315789473684214,0.2105263157894736
48.79352500962386,1.5,2.8315789473684214,0.2631578947368421
51.01488237824602,1.5,2.8315789473684214,0.3157894736842105
54.8905988095085,1.5,2.8315789473684214,0.3684210526315789
59.76524736301207,1.5,2.8315789473684214,0.4210526315789473
65.25865632723456,1.5,2.8315789473684214,0.4736842105263157
71.13994536138749,1.5,2.8315789473684214,0.5263157894736842
77.25370643607778,1.5,2.8315789473684214,0.5789473684210527
83.49744770418397,1.5,2.8315789473684214,0.631578947368421
89.80199338649074,1.5,2.8315789473684214,0.6842105263157894
96.11975909382896,1.5,2.8315789473684214,0.7368421052631579
102.41764543132592,1.5,2.8315789473684214,0.7894736842105263
108.67254319683371,1.5,2.8315789473684214,0.8421052631578947
114.86838307336966,1.5,2.8315789473684214,0.894736842105263
120.99413825026406,1.5,2.8315789473684214,0.9473684210526316
127.04243774566665,1.5,2.8315789473684214,1.0
273.49790638829955,1.5,2.8842105263157896,0.0
153.077876553265,1.5,2.8842105263157896,0.0526315789473684
96.0155540303828,1.5,2.8842105263157896,0.1052631578947368
69.27871844812377,1.5,2.8842105263157896,0.1578947368421052
57.57590932713355,1.5,2.8842105263157896,0.2105263157894736
53.64643219171885,1.5,2.8842105263157896,0.2631578947368421
53.92863603359841,1.5,2.8842105263157896,0.3157894736842105
56.60371428938972,1.5,2.8842105263157896,0.3684210526315789
60.706105018194165,1.5,2.8842105263157896,0.4210526315789473
65.68920383081732,1.5,2.8842105263157896,0.4736842105263157
71.23655037276332,1.5,2.8842105263157896,0.5263157894736842
77.14452507470854,1.5,2.8842105263157896,0.5789473684210527
83.27139504230452,1.5,2.8842105263157896,0.631578947368421
89.52171196774881,1.5,2.8842105263157896,0.6842105263157894
95.82982783205972,1.5,2.8842105263157896,0.7368421052631579
102.14989647490626,1.5,2.8842105263157896,0.7894736842105263
108.44963384549084,1.5,2.8842105263157896,0.8421052631578947
114.70626840126106,1.5,2.8842105263157896,0.894736842105263
120.90382435915949,1.5,2.8842105263157896,0.9473684210526316
127.03124889122364,1.5,2.8842105263157896,1.0
409.5430115818912,1.5,2.936842105263158,0.0
222.79536169596508,1.5,2.936842105263158,0.0526315789473684
133.53571581365077,1.5,2.936842105263158,0.1052631578947368
90.51627349049136,1.5,2.936842105263158,0.1578947368421052
70.16793552035816,1.5,2.936842105263158,0.2105263157894736
61.39577853056308,1.5,2.936842105263158,0.2631578947368421
58.81717192369945,1.5,2.936842105263158,0.3157894736842105
59.71989972898994,1.5,2.936842105263158,0.3684210526315789
62.67569836205137,1.5,2.936842105263158,0.4210526315789473
66.89897486075463,1.5,2.936842105263158,0.4736842105263157
71.92177538173729,1.5,2.936842105263158,0.5263157894736842
77.47242219684038,1.5,2.936842105263158,0.5789473684210527
83.3679292433314,1.5,2.936842105263158,0.631578947368421
89.47625132706722,1.5,2.936842105263158,0.6842105263157894
95.7066966510822,1.5,2.936842105263158,0.7368421052631579
101.99580518873854,1.5,2.936842105263158,0.7894736842105263
108.29862525163615,1.5,2.936842105263158,0.8421052631578947
114.58311828549816,1.5,2.936842105263158,0.894736842105263
120.82644120622172,1.5,2.936842105263158,0.9473684210526316
127.01240293676986,1.5,2.936842105263158,1.0
616.6870980470912,1.5,2.9894736842105267,0.0
328.0241865793713,1.5,2.9894736842105267,0.0526315789473684
189.76166189819108,1.5,2.9894736842105267,0.1052631578947368
122.24113706459585,1.5,2.9894736842105267,0.1578947368421052
89.04250752194362,1.5,2.9894736842105267,0.2105263157894736
73.1546457830068,1.5,2.9894736842105267,0.2631578947368421
66.40778968739137,1.5,2.9894736842105267,0.3157894736842105
64.73688197471687,1.5,2.9894736842105267,0.3684210526315789
66.02982068933395,1.5,2.9894736842105267,0.4210526315789473
69.13786385460796,1.5,2.9894736842105267,0.4736842105263157
73.4011007685789,1.5,2.9894736842105267,0.5263157894736842
78.41015166065344,1.5,2.9894736842105267,0.5789473684210527
83.92335654504204,1.5,2.9894736842105267,0.631578947368421
89.77427636368539,1.5,2.9894736842105267,0.6842105263157894
95.8376924142188,1.5,2.9894736842105267,0.7368421052631579
102.0259946464404,1.5,2.9894736842105267,0.7894736842105263
108.2769168495791,1.5,2.9894736842105267,0.8421052631578947
114.545766651684,1.5,2.9894736842105267,0.894736842105263
120.8003156660928,1.5,2.9894736842105267,0.9473684210526316
127.01730854887376,1.5,2.9894736842105267,1.0
932.0813791756838,1.5,3.042105263157895,0.0
486.5425177489419,1.5,3.042105263157895,0.0526315789473684
273.5588043085486,1.5,3.042105263157895,0.1052631578947368
169.1138107134924,1.5,3.042105263157895,0.1578947368421052
116.80865206569538,1.5,3.042105263157895,0.2105263157894736
90.48686046333972,1.5,3.042105263157895,0.2631578947368421
77.7027342318242,1.5,3.042105263157895,0.3157894736842105
72.3360512931401,1.5,3.042105263157895,0.3684210526315789
71.25152299831763,1.5,3.042105263157895,0.4210526315789473
72.76385173662115,1.5,3.042105263157895,0.4736842105263157
75.92589456332637,1.5,3.042105263157895,0.5263157894736842
80.16533465418347,1.5,3.042105263157895,0.5789473684210527
85.11768311082054,1.5,3.042105263157895,0.631578947368421
90.55955632911162,1.5,3.042105263157895,0.6842105263157894
96.3386267535408,1.5,3.042105263157895,0.7368421052631579
102.3344607474128,1.5,3.042105263157895,0.7894736842105263
108.46127114116842,1.5,3.042105263157895,0.8421052631578947
114.656858245836,1.5,3.042105263157895,0.894736842105263
120.8740216050878,1.5,3.042105263157895,0.9473684210526316
127.07979378113409,1.5,3.042105263157895,1.0
1412.9213802680677,1.5,3.094736842105263,0.0
725.4368869797684,1.5,3.094736842105263,0.0526315789473684
398.2420716523805,1.5,3.094736842105263,0.1052631578947368
238.00786156990023,1.5,3.094736842105263,0.1578947368421052
157.2337854163323,1.5,3.094736842105263,0.2105263157894736
115.60097232140976,1.5,3.094736842105263,0.2631578947368421
94.08817648736422,1.5,3.094736842105263,0.3157894736842105
83.44365386929505,1.5,3.094736842105263,0.3684210526315789
78.99122646854336,1.5,3.094736842105263,0.4210526315789473
78.25578797712292,1.5,3.094736842105263,0.4736842105263157
79.85874501028736,1.5,3.094736842105263,0.5263157894736842
82.99632794676042,1.5,3.094736842105263,0.5789473684210527
87.16004760715151,1.5,3.094736842105263,0.631578947368421
92.01873854066925,1.5,3.094736842105263,0.6842105263157894
97.36138492313285,1.5,3.094736842105263,0.7368421052631579
103.0437016227374,1.5,3.094736842105263,0.7894736842105263
108.94771030774498,1.5,3.094736842105263,0.8421052631578947
114.98861639624292,1.5,3.094736842105263,0.894736842105263
121.10464359051424,1.5,3.094736842105263,0.9473684210526316
127.25044097475248,1.5,3.094736842105263,1.0
2147.463693448756,1.5,3.147368421052632,0.0
1086.0708080176785,1.5,3.147368421052632,0.0526315789473684
583.8886320038383,1.5,3.147368421052632,0.1052631578947368
339.11998976867744,1.5,3.147368421052632,0.1578947368421052
215.79328921430263,1.5,3.147368421052632,0.2105263157894736
151.6354925913545,1.5,3.147368421052632,0.2631578947368421
117.49105261121454,1.5,3.147368421052632,0.3157894736842105
99.3224824219925,1.5,3.147368421052632,0.3684210526315789
90.12448520911089,1.5,3.147368421052632,0.4210526315789473
86.24442338373527,1.5,3.147368421052632,0.4736842105263157
85.679021341795,1.5,3.147368421052632,0.5263157894736842
87.27224662774468,1.5,3.147368421052632,0.5789473684210527
90.32129021377207,1.5,3.147368421052632,0.631578947368421
94.36382503274,1.5,3.147368421052632,0.6842105263157894
99.09139726046564,1.5,3.147368421052632,0.7368421052631579
104.30239826826462,1.5,3.147368421052632,0.7894736842105263
109.85712183610522,1.5,3.147368421052632,0.8421052631578947
115.64527843391384,1.5,3.147368421052632,0.894736842105263
121.58221919096168,1.5,3.147368421052632,0.9473684210526316
127.6054826066711,1.5,3.147368421052632,1.0
3272.4010325077875,1.5,3.2,0.0
1631.9413467855998,1.5,3.2,0.0526315789473684
860.882896195623,1.5,3.2,0.1052631578947368
487.606608767319,1.5,3.2,0.1578947368421052
300.4786326584755,1.5,3.2,0.2105263157894736
203.07981976940852,1.5,3.2,0.2631578947368421
150.60649259388248,1.5,3.2,0.3157894736842105
121.70225948715976,1.5,3.2,0.3684210526315789
105.82985519998094,1.5,3.2,0.4210526315789473
97.57318987958698,1.5,3.2,0.4736842105263157
94.00974300657532,1.5,3.2,0.5263157894736842
93.47346174688803,1.5,3.2,0.5789473684210527
94.97006247659807,1.5,3.2,0.631578947368421
97.86749962752816,1.5,3.2,0.6842105263157894
101.741763065064,1.5,3.2,0.7368421052631579
106.30415275213323,1.5,3.2,0.7894736842105263
111.36027617124849,1.5,3.2,0.8421052631578947
116.76838405635614,1.5,3.2,0.894736842105263
122.42450835958878,1.5,3.2,0.9473684210526316
128.24348244293824,1.5,3.2,1.0
76.97892003239568,1.6052631578947367,2.2,0.0
69.02317369771228,1.6052631578947367,2.2,0.0526315789473684
65.05763140967595,1.6052631578947367,2.2,0.1052631578947368
63.71872924249929,1.6052631578947367,2.2,0.1578947368421052
63.98914175167696,1.6052631578947367,2.2,0.2105263157894736
65.34981735202813,1.6052631578947367,2.2,0.2631578947368421
67.4829735172899,1.6052631578947367,2.2,0.3157894736842105
70.1718034148239,1.6052631578947367,2.2,0.3684210526315789
73.27615729050096,1.6052631578947367,2.2,0.4210526315789473
76.72379648975159,1.6052631578947367,2.2,0.4736842105263157
80.4392437137161,1.6052631578947367,2.2,0.5263157894736842
84.35883688919424,1.6052631578947367,2.2,0.5789473684210527
88.43442673764092,1.6052631578947367,2.2,0.631578947368421
92.62910149195956,1.6052631578947367,2.2,0.6842105263157894
96.91421301416467,1.6052631578947367,2.2,0.7368421052631579
101.26727806429967,1.6052631578947367,2.2,0.7894736842105263
105.67047645373248,1.6052631578947367,2.2,0.8421052631578947
110.10956171425464,1.6052631578947367,2.2,0.894736842105263
114.57306050220154,1.6052631578947367,2.2,0.9473684210526316
119.05167661551016,1.6052631578947367,2.2,1.0
65.46133596596387,1.6052631578947367,2.2526315789473688,0.0
59.76695285986487,1.6052631578947367,2.2526315789473688,0.0526315789473684
57.50870565632296,1.6052631578947367,2.2526315789473688,0.1052631578947368
57.385644070581314,1.6052631578947367,2.2526315789473688,0.1578947368421052
58.591060169370046,1.6052631578947367,2.2526315789473688,0.2105263157894736
60.71310301401581,1.6052631578947367,2.2526315789473688,0.2631578947368421
63.47814183045457,1.6052631578947367,2.2526315789473688,0.3157894736842105
66.71601867533586,1.6052631578947367,2.2526315789473688,0.3684210526315789
70.33411094088561,1.6052631578947367,2.2526315789473688,0.4210526315789473
74.23796644324219,1.6052631578947367,2.2526315789473688,0.4736842105263157
78.35481856856624,1.6052631578947367,2.2526315789473688,0.5263157894736842
82.63055927631702,1.6052631578947367,2.2526315789473688,0.5789473684210527
87.02437669842703,1.6052631578947367,2.2526315789473688,0.631578947368421
91.50508927375128,1.6052631578947367,2.2526315789473688,0.6842105263157894
96.048597560737,1.6052631578947367,2.2526315789473688,0.7368421052631579
100.63608554596648,1.6052631578947367,2.2526315789473688,0.7894736842105263
105.25273252874256,1.6052631578947367,2.2526315789473688,0.8421052631578947
109.88677786298076,1.6052631578947367,2.2526315789473688,0.894736842105263
114.52883286719393,1.6052631578947367,2.2526315789473688,0.9473684210526316
119.17136811572657,1.6052631578947367,2.2526315789473688,1.0
56.00267421026625,1.6052631578947367,2.305263157894737,0.0
51.93129509849737,1.6052631578947367,2.305263157894737,0.0526315789473684
50.92942864708282,1.6052631578947367,2.305263157894737,0.1052631578947368
51.72731946454826,1.6052631578947367,2.305263157894737,0.1578947368421052
53.69450228415202,1.6052631578947367,2.305263157894737,0.2105263157894736
56.45417310431339,1.6052631578947367,2.305263157894737,0.2631578947368421
59.78184733747468,1.6052631578947367,2.305263157894737,0.3157894736842105
63.54743215480684,1.6052631578947367,2.305263157894737,0.3684210526315789
67.63091496378125,1.6052631578947367,2.305263157894737,0.4210526315789473
71.94530329725097,1.6052631578947367,2.305263157894737,0.4736842105263157
76.42729069311343,1.6052631578947367,2.305263157894737,0.5263157894736842
81.03006013745411,1.6052631578947367,2.305263157894737,0.5789473684210527
85.71850029505741,1.6052631578947367,2.305263157894737,0.631578947368421
90.46595537127422,1.6052631578947367,2.305263157894737,0.6842105263157894
95.25197447048326,1.6052631578947367,2.305263157894737,0.7368421052631579
100.06072639636444,1.6052631578947367,2.305263157894737,0.7894736842105263
104.87986575367188,1.6052631578947367,2.305263157894737,0.8421052631578947
109.69971017292455,1.6052631578947367,2.305263157894737,0.894736842105263
114.51263522959114,1.6052631578947367,2.305263157894737,0.9473684210526316
119.31262379935318,1.6052631578947367,2.305263157894737,1.0
48.54971262017974,1.6052631578947367,2.357894736842105,0.0
45.45448625330116,1.6052631578947367,2.357894736842105,0.0526315789473684
45.231918234885406,1.6052631578947367,2.357894736842105,0.1052631578947368
46.703103291982856,1.6052631578947367,2.357894736842105,0.1578947368421052
49.2623096467856,1.6052631578947367,2.357894736842105,0.2105263157894736
52.56743412374494,1.6052631578947367,2.357894736842105,0.2631578947368421
56.4145308029723,1.6052631578947367,2.357894736842105,0.3157894736842105
60.64093745582201,1.6052631578947367,2.357894736842105,0.3684210526315789
65.1345917771404,1.6052631578947367,2.357894736842105,0.4210526315789473
69.81643250786716,1.6052631578947367,2.357894736842105,0.4736842105263157
74.62951964943795,1.6052631578947367,2.357894736842105,0.5263157894736842
79.53214205514195,1.6052631578947367,2.357894736842105,0.5789473684210527
84.49331179122804,1.6052631578947367,2.357894736842105,0.631578947368421
89.48973909012258,1.6052631578947367,2.357894736842105,0.6842105263157894
94.50375469495818,1.6052631578947367,2.357894736842105,0.7368421052631579
99.52185468936337,1.6052631578947367,2.357894736842105,0.7894736842105263
104.53366367175362,1.6052631578947367,2.357894736842105,0.8421052631578947
109.53118459687072,1.6052631578947367,2.357894736842105,0.894736842105263
114.50824842721758,1.6052631578947367,2.357894736842105,0.9473684210526316
119.46010519294136,1.6052631578947367,2.357894736842105,1.0
43.19173664993173,1.6052631578947367,2.4105263157894736,0.0
40.3237031234902,1.6052631578947367,2.4105263157894736,0.0526315789473684
40.43408982100139,1.6052631578947367,2.4105263157894736,0.1052631578947368
42.313225223260766,1.6052631578947367,2.4105263157894736,0.1578947368421052
45.321576723999705,1.6052631578947367,2.4105263157894736,0.2105263157894736
49.08747895784301,1.6052631578947367,2.4105263157894736,0.2631578947368421
53.35956508257688,1.6052631578947367,2.4105263157894736,0.3157894736842105
57.97485662689715,1.6052631578947367,2.4105263157894736,0.3684210526315789
62.82381558408619,1.6052631578947367,2.4105263157894736,0.4210526315789473
67.83059742604318,1.6052631578947367,2.4105263157894736,0.4736842105263157
72.94142714163615,1.6052631578947367,2.4105263157894736,0.5263157894736842
78.11745892280132,1.6052631578947367,2.4105263157894736,0.5789473684210527
83.33022047525318,1.6052631578947367,2.4105263157894736,0.631578947368421
88.55860994786931,1.6052631578947367,2.4105263157894736,0.6842105263157894
93.7868609853332,1.6052631578947367,2.4105263157894736,0.7368421052631579
99.00313141954918,1.6052631578947367,2.4105263157894736,0.7894736842105263
104.19850501614472,1.6052631578947367,2.4105263157894736,0.8421052631578947
109.3662733254876,1.6052631578947367,2.4105263157894736,0.894736842105263
114.50141133712783,1.6052631578947367,2.4105263157894736,0.9473684210526316
119.60018957791176,1.6052631578947367,2.4105263157894736,1.0
40.22223916766255,1.6052631578947367,2.463157894736842,0.0
36.65745949605791,1.6052631578947367,2.463157894736842,0.0526315789473684
36.625126432417865,1.6052631578947367,2.463157894736842,0.1052631578947368
38.64857639750097,1.6052631578947367,2.463157894736842,0.1578947368421052
41.93781738228064,1.6052631578947367,2.463157894736842,0.2105263157894736
46.02068892015367,1.6052631578947367,2.463157894736842,0.2631578947368421
50.61447219138581,1.6052631578947367,2.463157894736842,0.3157894736842105
55.542381295885846,1.6052631578947367,2.463157894736842,0.3684210526315789
60.68906207112517,1.6052631578947367,2.463157894736842,0.4210526315789473
65.9765592643642,1.6052631578947367,2.463157894736842,0.4736842105263157
71.35071319087834,1.6052631578947367,2.463157894736842,0.5263157894736842
76.7730928503782,1.6052631578947367,2.463157894736842,0.5789473684210527
82.21599976901422,1.6052631578947367,2.463157894736842,0.631578947368421
87.65925204017202,1.6052631578947367,2.463157894736842,0.6842105263157894
93.08804485973596,1.6052631578947367,2.463157894736842,0.7368421052631579
98.49148738103818,1.6052631578947367,2.463157894736842,0.7894736842105263
103.86157886837653,1.6052631578947367,2.463157894736842,0.8421052631578947
109.19247839503726,1.6052631578947367,2.463157894736842,0.894736842105263
114.47997542872068,1.6052631578947367,2.463157894736842,0.9473684210526316
119.72110069317766,1.6052631578947367,2.463157894736842,1.0
40.14978020820283,1.6052631578947367,2.515789473684211,0.0
34.76122096391856,1.6052631578947367,2.515789473684211,0.0526315789473684
34.01939720725682,1.6052631578947367,2.515789473684211,0.1052631578947368
35.84657899539884,1.6052631578947367,2.515789473684211,0.1578947368421052
39.16915390762982,1.6052631578947367,2.515789473684211,0.2105263157894736
43.4014412282548,1.6052631578947367,2.515789473684211,0.2631578947368421
48.19909200070135,1.6052631578947367,2.515789473684211,0.3157894736842105
53.35392244247769,1.6052631578947367,2.515789473684211,0.3684210526315789
58.73438942188379,1.6052631578947367,2.515789473684211,0.4210526315789473
64.25398062397349,1.6052631578947367,2.515789473684211,0.4736842105263157
69.85395077794807,1.6052631578947367,2.515789473684211,0.5263157894736842
75.49343247098507,1.6052631578947367,2.515789473684211,0.5789473684210527
81.14349982293612,1.6052631578947367,2.515789473684211,0.631578947368421
86.78344750015253,1.6052631578947367,2.515789473684211,0.6842105263157894
92.39836807758203,1.6052631578947367,2.515789473684211,0.7368421052631579
97.97752323626456,1.6052631578947367,2.515789473684211,0.7894736842105263
103.51321917693076,1.6052631578947367,2.515789473684211,0.8421052631578947
109.00001303117917,1.6052631578947367,2.515789473684211,0.894736842105263
114.43414269522329,1.6052631578947367,2.515789473684211,0.9473684210526316
119.81311102439122,1.6052631578947367,2.515789473684211,1.0
43.8769311673752,1.6052631578947367,2.568421052631579,0.0
35.18990246647867,1.6052631578947367,2.568421052631579,0.0526315789473684
32.92259121832962,1.6052631578947367,2.568421052631579,0.1052631578947368
34.0689401403979,1.6052631578947367,2.568421052631579,0.1578947368421052
37.12462339440281,1.6052631578947367,2.568421052631579,0.2105263157894736
41.30066449241616,1.6052631578947367,2.568421052631579,0.2631578947368421
46.160282611080056,1.6052631578947367,2.568421052631579,0.3157894736842105
51.44051967346312,1.6052631578947367,2.568421052631579,0.3684210526315789
56.97999966519392,1.6052631578947367,2.568421052631579,0.4210526315789473
62.675401478777,1.6052631578947367,2.568421052631579,0.4736842105263157
68.45814109745028,1.6052631578947367,2.568421052631579,0.5263157894736842
74.28141614527479,1.6052631578947367,2.568421052631579,0.5789473684210527
80.11265362193528,1.6052631578947367,2.568421052631579,0.631578947368421
85.92889906428321,1.6052631578947367,2.568421052631579,0.6842105263157894
91.71388102659024,1.6052631578947367,2.568421052631579,0.7368421052631579
97.45607329666473,1.6052631578947367,2.568421052631579,0.7894736842105263
103.14737654151116,1.6052631578947367,2.568421052631579,0.8421052631578947
108.7821989689664,1.6052631578947367,2.568421052631579,0.894736842105263
114.35680226341474,1.6052631578947367,2.568421052631579,0.9473684210526316
119.86882860018858,1.6052631578947367,2.568421052631579,1.0
52.9074298554378,1.6052631578947367,2.6210526315789475,0.0
38.71761466084649,1.6052631578947367,2.6210526315789475,0.0526315789473684
33.76732138518188,1.6052631578947367,2.6210526315789475,0.1052631578947368
33.57685030409086,1.6052631578947367,2.6210526315789475,0.1578947368421052
35.968381004466266,1.6052631578947367,2.6210526315789475,0.2105263157894736
39.83546729091165,1.6052631578947367,2.6210526315789475,0.2631578947368421
44.57857187855413,1.6052631578947367,2.6210526315789475,0.3157894736842105
49.85860822140628,1.6052631578947367,2.6210526315789475,0.3684210526315789
55.465786164098965,1.6052631578947367,2.6210526315789475,0.4210526315789473
61.26895592432775,1.6052631578947367,2.6210526315789475,0.4736842105263157
67.18283999660976,1.6052631578947367,2.6210526315789475,0.5263157894736842
73.15022470898182,1.6052631578947367,2.6210526315789475,0.5789473684210527
79.13184274891178,1.6052631578947367,2.6210526315789475,0.631578947368421
85.10034428992864,1.6052631578947367,2.6210526315789475,0.6842105263157894
91.03654032630809,1.6052631578947367,2.6210526315789475,0.7368421052631579
96.9269674600319,1.6052631578947367,2.6210526315789475,0.7894736842105263
102.76225558316766,1.6052631578947367,2.6210526315789475,0.8421052631578947
108.53600323468297,1.6052631578947367,2.6210526315789475,0.894736842105263
114.24398530924958,1.6052631578947367,2.6210526315789475,0.9473684210526316
119.8835848150821,1.6052631578947367,2.6210526315789475,1.0
69.48722152517595,1.6052631578947367,2.673684210526316,0.0
46.51094501127731,1.6052631578947367,2.673684210526316,0.0526315789473684
37.18705414407553,1.6052631578947367,2.673684210526316,0.1052631578947368
34.75265100279055,1.6052631578947367,2.673684210526316,0.1578947368421052
35.95229376830675,1.6052631578947367,2.673684210526316,0.2105263157894736
39.172799319970416,1.6052631578947367,2.673684210526316,0.2631578947368421
43.57740671962309,1.6052631578947367,2.673684210526316,0.3157894736842105
48.69655898071723,1.6052631578947367,2.673684210526316,0.3684210526315789
54.25614901715302,1.6052631578947367,2.673684210526316,0.4210526315789473
60.08202983185914,1.6052631578947367,2.673684210526316,0.4736842105263157
66.06300305240717,1.6052631578947367,2.673684210526316,0.5263157894736842
72.12553554798832,1.6052631578947367,2.673684210526316,0.5789473684210527
78.21970946122464,1.6052631578947367,2.673684210526316,0.631578947368421
84.31102979979362,1.6052631578947367,2.673684210526316,0.6842105263157894
90.37542038174688,1.6052631578947367,2.673684210526316,0.7368421052631579
96.39603564854092,1.6052631578947367,2.673684210526316,0.7894736842105263
102.3611541996954,1.6052631578947367,2.673684210526316,0.8421052631578947
108.26274437429552,1.6052631578947367,2.673684210526316,0.894736842105263
114.09546324961198,1.6052631578947367,2.673684210526316,0.9473684210526316
119.85594422694632,1.6052631578947367,2.673684210526316,1.0
97.00808269133935,1.6052631578947367,2.726315789473684,0.0
60.32977445032228,1.6052631578947367,2.726315789473684,0.0526315789473684
44.15001189007668,1.6052631578947367,2.726315789473684,0.1052631578947368
38.149415221451896,1.6052631578947367,2.726315789473684,0.1578947368421052
37.42207129554492,1.6052631578947367,2.726315789473684,0.2105263157894736
39.55605715653109,1.6052631578947367,2.726315789473684,0.2631578947368421
43.327565760327126,1.6052631578947367,2.726315789473684,0.3157894736842105
48.08356900139919,1.6052631578947367,2.726315789473684,0.3684210526315789
53.446463151486505,1.6052631578947367,2.726315789473684,0.4210526315789473
59.18612857792564,1.6052631578947367,2.726315789473684,0.4736842105263157
65.15274513027616,1.6052631578947367,2.726315789473684,0.5263157894736842
71.24848496658645,1.6052631578947367,2.726315789473684,0.5789473684210527
77.40752806592364,1.6052631578947367,2.726315789473684,0.631578947368421
83.58463409257666,1.6052631578947367,2.726315789473684,0.6842105263157894
89.74828935017426,1.6052631578947367,2.726315789473684,0.7368421052631579
95.87641154881548,1.6052631578947367,2.726315789473684,0.7894736842105263
101.95355099813985,1.6052631578947367,2.726315789473684,0.8421052631578947
107.9690062168124,1.6052631578947367,2.726315789473684,0.894736842105263
113.9155208156675,1.6052631578947367,2.726315789473684,0.9473684210526316
119.78836275690551,1.6052631578947367,2.726315789473684,1.0
140.61211613467714,1.6052631578947367,2.778947368421053,0.0
82.80791949779474,1.6052631578947367,2.778947368421053,0.0526315789473684
56.08654659796972,1.6052631578947367,2.778947368421053,0.1052631578947368
44.59613062413804,1.6052631578947367,2.778947368421053,0.1578947368421052
40.87653440235235,1.6052631578947367,2.778947368421053,0.2105263157894736
41.30772883193019,1.6052631578947367,2.778947368421053,0.2631578947368421
44.06496791732068,1.6052631578947367,2.778947368421053,0.3157894736842105
48.19529319557832,1.6052631578947367,2.778947368421053,0.3684210526315789
53.17172515623536,1.6052631578947367,2.778947368421053,0.4210526315789473
58.68331692064642,1.6052631578947367,2.778947368421053,0.4736842105263157
64.53027435880611,1.6052631578947367,2.778947368421053,0.5263157894736842
70.57953180707288,1.6052631578947367,2.778947368421053,0.5789473684210527
76.7422826392605,1.6052631578947367,2.778947368421053,0.631578947368421
82.9577533190032,1.6052631578947367,2.778947368421053,0.6842105263157894
89.18364001342911,1.6052631578947367,2.778947368421053,0.7368421052631579
95.39020822258485,1.6052631578947367,2.778947368421053,0.7894736842105263
101.55649977735524,1.6052631578947367,2.778947368421053,0.8421052631578947
107.66780741640214,1.6052631578947367,2.778947368421053,0.894736842105263
113.71394389398596,1.6052631578947367,2.778947368421053,0.9473684210526316
119.68802753211216,1.6052631578947367,2.778947368421053,1.0
208.10594974675104,1.6052631578947367,2.8315789473684214,0.0
117.88639969778228,1.6052631578947367,2.8315789473684214,0.0526315789473684
75.10067015372228,1.6052631578947367,2.8315789473684214,0.1052631578947368
55.29129569382979,1.6052631578947367,2.8315789473684214,0.1578947368421052
47.04645173379237,1.6052631578947367,2.8315789473684214,0.2105263157894736
44.89008987284421,1.6052631578947367,2.8315789473684214,0.2631578947368421
46.09904272186339,1.6052631578947367,2.8315789473684214,0.3157894736842105
49.26179285047016,1.6052631578947367,2.8315789473684214,0.3684210526315789
53.61329692023884,1.6052631578947367,2.8315789473684214,0.4210526315789473
58.7147192770624,1.6052631578947367,2.8315789473684214,0.4736842105263157
64.30434604983033,1.6052631578947367,2.8315789473684214,0.5263157894736842
70.20347584777117,1.6052631578947367,2.8315789473684214,0.5789473684210527
76.29064248142105,1.6052631578947367,2.8315789473684214,0.631578947368421
82.4830977801542,1.6052631578947367,2.8315789473684214,0.6842105263157894
88.72329168719035,1.6052631578947367,2.8315789473684214,0.7368421052631579
94.97065820946408,1.6052631578947367,2.8315789473684214,0.7894736842105263
101.1964058453816,1.6052631578947367,2.8315789473684214,0.8421052631578947
107.3800877982486,1.6052631578947367,2.8315789473684214,0.894736842105263
113.50727239731698,1.6052631578947367,2.8315789473684214,0.9473684210526316
119.5679201140354,1.6052631578947367,2.8315789473684214,1.0
311.3666628845854,1.6052631578947367,2.8842105263157896,0.0
171.47547527611138,1.6052631578947367,2.8842105263157896,0.0526315789473684
104.2927584237882,1.6052631578947367,2.8842105263157896,0.1052631578947368
71.96687644331973,1.6052631578947367,2.8842105263157896,0.1578947368421052
56.96772211155514,1.6052631578947367,2.8842105263157896,0.2105263157894736
50.9655068713305,1.6052631578947367,2.8842105263157896,0.2631578947368421
49.86923569313237,1.6052631578947367,2.8842105263157896,0.3157894736842105
51.58557105536868,1.6052631578947367,2.8842105263157896,0.3684210526315789
54.99657952362181,1.6052631578947367,2.8842105263157896,0.4210526315789473
59.46817281093536,1.6052631578947367,2.8842105263157896,0.4736842105263157
64.62269728389035,1.6052631578947367,2.8842105263157896,0.5263157894736842
70.23596481053403,1.6052631578947367,2.8842105263157896,0.5789473684210527
76.14408477608639,1.6052631578947367,2.8842105263157896,0.631578947368421
82.23359015898573,1.6052631578947367,2.8842105263157896,0.6842105263157894
88.42571227175308,1.6052631578947367,2.8842105263157896,0.7368421052631579
94.66483635527509,1.6052631578947367,2.8842105263157896,0.7894736842105263
100.9112791593762,1.6052631578947367,2.8842105263157896,0.8421052631578947
107.13658867735413,1.6052631578947367,2.8842105263157896,0.894736842105263
113.32038147247742,1.6052631578947367,2.8842105263157896,0.9473684210526316
119.44815550026208,1.6052631578947367,2.8842105263157896,1.0
468.5157848124703,1.6052631578947367,2.936842105263158,0.0
252.4693506029342,1.6052631578947367,2.936842105263158,0.0526315789473684
148.2481981316112,1.6052631578947367,2.936842105263158,0.1052631578947368
97.13358683869924,1.6052631578947367,2.936842105263158,0.1578947368421052
72.11113464751242,1.6052631578947367,2.936842105263158,0.2105263157894736
60.45657194003985,1.6052631578947367,2.936842105263158,0.2631578947368421
55.990806987951416,1.6052631578947367,2.936842105263158,0.3157894736842105
55.59555936538575,1.6052631578947367,2.936842105263158,0.3684210526315789
57.62326082466388,1.6052631578947367,2.936842105263158,0.4210526315789473
61.1651965227496,1.6052631578947367,2.936842105263158,0.4736842105263157
65.6792014193642,1.6052631578947367,2.936842105263158,0.5263157894736842
70.8319309649536,1.6052631578947367,2.936842105263158,0.5789473684210527
76.42549041578431,1.6052631578947367,2.936842105263158,0.631578947368421
82.30761285619668,1.6052631578947367,2.936842105263158,0.6842105263157894
88.3702521369871,1.6052631578947367,2.936842105263158,0.7368421052631579
94.53711643790908,1.6052631578947367,2.936842105263158,0.7894736842105263
100.75358501799656,1.6052631578947367,2.936842105263158,0.8421052631578947
106.98022477862028,1.6052631578947367,2.936842105263158,0.894736842105263
113.18847080562206,1.6052631578947367,2.936842105263158,0.9473684210526316
119.35766265537994,1.6052631578947367,2.936842105263158,1.0
707.2880293338271,1.6052631578947367,2.9894736842105267,0.0
374.3060228228581,1.6052631578947367,2.9894736842105267,0.0526315789473684
213.78032600421068,1.6052631578947367,2.9894736842105267,0.1052631578947368
134.44836205313544,1.6052631578947367,2.9894736842105267,0.1578947368421052
94.57318991512616,1.6052631578947367,2.9894736842105267,0.2105263157894736
74.6512038246759,1.6052631578947367,2.9894736842105267,0.2631578947368421
65.30836585052553,1.6052631578947367,2.9894736842105267,0.3157894736842105
61.87467885423879,1.6052631578947367,2.9894736842105267,0.3684210526315789
61.91924984079319,1.6052631578947367,2.9894736842105267,0.4210526315789473
64.11334981084356,1.6052631578947367,2.9894736842105267,0.4736842105263157
67.69529907081744,1.6052631578947367,2.9894736842105267,0.5263157894736842
72.1902936975447,1.6052631578947367,2.9894736842105267,0.5789473684210527
77.29764024956857,1.6052631578947367,2.9894736842105267,0.631578947368421
82.83572558847892,1.6052631578947367,2.9894736842105267,0.6842105263157894
88.66253676925854,1.6052631578947367,2.9894736842105267,0.7368421052631579
94.67355492215444,1.6052631578947367,2.9894736842105267,0.7894736842105263
100.79384594527122,1.6052631578947367,2.9894736842105267,0.8421052631578947
106.96907139289104,1.6052631578947367,2.9894736842105267,0.894736842105263
113.1595625939549,1.6052631578947367,2.9894736842105267,0.9473684210526316
119.33628915716449,1.6052631578947367,2.9894736842105267,1.0
1070.2424741280502,1.6052631578947367,3.042105263157895,0.0
557.3708790170033,1.6052631578947367,3.042105263157895,0.0526315789473684
311.0643352814977,1.6052631578947367,3.042105263157895,0.1052631578947368
189.2677156419478,1.6052631578947367,3.042105263157895,0.1578947368421052
127.35850358159249,1.6052631578947367,3.042105263157895,0.2105263157894736
95.35498319695924,1.6052631578947367,3.042105263157895,0.2631578947368421
78.98265602947907,1.6052631578947367,3.042105263157895,0.3157894736842105
71.21511776348734,1.6052631578947367,3.042105263157895,0.3684210526315789
68.44747841509442,1.6052631578947367,3.042105263157895,0.4210526315789473
68.73774589500255,1.6052631578947367,3.042105263157895,0.4736842105263157
70.98730365803833,1.6052631578947367,3.042105263157895,0.5263157894736842
74.53735557286106,1.6052631578947367,3.042105263157895,0.5789473684210527
78.9633063077444,1.6052631578947367,3.042105263157895,0.631578947368421
83.98927146807355,1.6052631578947367,3.042105263157895,0.6842105263157894
89.4413370402713,1.6052631578947367,3.042105263157895,0.7368421052631579
95.18744975402711,1.6052631578947367,3.042105263157895,0.7894736842105263
101.12519061209748,1.6052631578947367,3.042105263157895,0.8421052631578947
107.18012355809398,1.6052631578947367,3.042105263157895,0.894736842105263
113.29763514205852,1.6052631578947367,3.042105263157895,0.9473684210526316
119.43743378850232,1.6052631578947367,3.042105263157895,1.0
1622.85652453825,1.6052631578947367,3.094736842105263,0.0
832.6529418503384,1.6052631578947367,3.094736842105263,0.0526315789473684
455.3536145875884,1.6052631578947367,3.094736842105263,0.1052631578947368
269.4836180836271,1.6052631578947367,3.094736842105263,0.1578947368421052
174.800306229209,1.6052631578947367,3.094736842105263,0.2105263157894736
125.1135445586016,1.6052631578947367,3.094736842105263,0.2631578947368421
98.61556581013424,1.6052631578947367,3.094736842105263,0.3157894736842105
84.6904253582489,1.6052631578947367,3.094736842105263,0.3684210526315789
77.96599707592904,1.6052631578947367,3.094736842105263,0.4210526315789473
75.59381931473499,1.6052631578947367,3.094736842105263,0.4736842105263157
75.98214866987138,1.6052631578947367,3.094736842105263,0.5263157894736842
78.19940486420825,1.6052631578947367,3.094736842105263,0.5789473684210527
81.6587795614558,1.6052631578947367,3.094736842105263,0.631578947368421
85.97347403757631,1.6052631578947367,3.094736842105263,0.6842105263157894
90.88641911224268,1.6052631578947367,3.094736842105263,0.7368421052631579
96.2263928505448,1.6052631578947367,3.094736842105263,0.7894736842105263
101.86909994686977,1.6052631578947367,3.094736842105263,0.8421052631578947
107.71402644377476,1.6052631578947367,3.094736842105263,0.894736842105263
113.68522673551458,1.6052631578947367,3.094736842105263,0.9473684210526316
119.72580994999396,1.6052631578947367,3.094736842105263,1.0
2466.309455064687,1.6052631578947367,3.147368421052632,0.0
1247.570316252001,1.6052631578947367,3.147368421052632,0.0526315789473684
669.6108167799946,1.6052631578947367,3.147368421052632,0.1052631578947368
386.7349774817154,1.6052631578947367,3.147368421052632,0.1578947368421052
243.16697952631128,1.6052631578947367,3.147368421052632,0.2105263157894736
167.5371337995062,1.6052631578947367,3.147368421052632,0.2631578947368421
126.42997556352417,1.6052631578947367,3.147368421052632,0.3157894736842105
103.7610359565795,1.6052631578947367,3.147368421052632,0.3684210526315789
91.49020482175128,1.6052631578947367,3.147368421052632,0.4210526315789473
85.41807991615254,1.6052631578947367,3.147368421052632,0.4736842105263157
83.23693981115863,1.6052631578947367,3.147368421052632,0.5263157894736842
83.60883721829455,1.6052631578947367,3.147368421052632,0.5789473684210527
85.72107734278356,1.6052631578947367,3.147368421052632,0.631578947368421
89.04002255712412,1.6052631578947367,3.147368421052632,0.6842105263157894
93.20657504951976,1.6052631578947367,3.147368421052632,0.7368421052631579
97.97728413305865,1.6052631578947367,3.147368421052632,0.7894736842105263
103.18018920169918,1.6052631578947367,3.147368421052632,0.8421052631578947
108.69314261329951,1.6052631578947367,3.147368421052632,0.894736842105263
114.41890460555187,1.6052631578947367,3.147368421052632,0.9473684210526316
120.28232699608618,1.6052631578947367,3.147368421052632,1.0
3757.204078098649,1.6052631578947367,3.2,0.0
1874.9224540880289,1.6052631578947367,3.2,0.0526315789473684
988.7293639588686,1.6052631578947367,3.2,0.1052631578947368
558.4254789588999,1.6052631578947367,3.2,0.1578947368421052
341.57929603738114,1.6052631578947367,3.2,0.2105263157894736
227.7221484239612,1.6052631578947367,3.2,0.2631578947368421
165.50277404247623,1.6052631578947367,3.2,0.3157894736842105
130.41958292347633,1.6052631578947367,3.2,0.3684210526315789
110.38396842105954,1.6052631578947367,3.2,0.4210526315789473
99.18919956678788,1.6052631578947367,3.2,0.4736842105263157
93.47681154473624,1.6052631578947367,3.2,0.5263157894736842
91.3282780142964,1.6052631578947367,3.2,0.5789473684210527
91.5913430231235,1.6052631578947367,3.2,0.631578947368421
93.53664823008974,1.6052631578947367,3.2,0.6842105263157894
96.6682174815391,1.6052631578947367,3.2,0.7368421052631579
100.6467853599722,1.6052631578947367,3.2,0.7894736842105263
105.23910663707346,1.6052631578947367,3.2,0.8421052631578947
110.27669781050902,1.6052631578947367,3.2,0.894736842105263
115.6362010276288,1.6052631578947367,3.2,0.9473684210526316
121.22493978357453,1.6052631578947367,3.2,1.0
77.23062733243835,1.7105263157894737,2.2,0.0
68.20100463292447,1.7105263157894737,2.2,0.0526315789473684
63.468749598602216,1.7105263157894737,2.2,0.1052631578947368
61.58479273955288,1.7105263157894737,2.2,0.1578947368421052
61.46799356219883,1.7105263157894737,2.2,0.2105263157894736
62.531552852281486,1.7105263157894737,2.2,0.2631578947368421
64.4334977890298,1.7105263157894737,2.2,0.3157894736842105
66.93898190798005,1.7105263157894737,2.2,0.3684210526315789
69.89042492986515,1.7105263157894737,2.2,0.4210526315789473
73.1840206486748,1.7105263157894737,2.2,0.4736842105263157
76.76834946340638,1.7105263157894737,2.2,0.5263157894736842
80.57852464283506,1.7105263157894737,2.2,0.5789473684210527
84.56256176006252,1.7105263157894737,2.2,0.631578947368421
88.68056822046319,1.7105263157894737,2.2,0.6842105263157894
92.90154742748744,1.7105263157894737,2.2,0.7368421052631579
97.2011425296084,1.7105263157894737,2.2,0.7894736842105263
101.56002108948351,1.7105263157894737,2.2,0.8421052631578947
105.9627028228978,1.7105263157894737,2.2,0.894736842105263
110.39669757040802,1.7105263157894737,2.2,0.9473684210526316
114.851863210848,1.7105263157894737,2.2,1.0
64.9586071100405,1.7105263157894737,2.2526315789473688,0.0
58.28415404825844,1.7105263157894737,2.2526315789473688,0.0526315789473684
55.332393752738255,1.7105263157894737,2.2526315789473688,0.1052631578947368
54.73966514783255,1.7105263157894737,2.2526315789473688,0.1578947368421052
55.59633582630981,1.7105263157894737,2.2526315789473688,0.2105263157894736
57.45278598488395,1.7105263157894737,2.2526315789473688,0.2631578947368421
60.01223382013423,1.7105263157894737,2.2526315789473688,0.3157894736842105
63.07734623339226,1.7105263157894737,2.2526315789473688,0.3684210526315789
66.52911113593714,1.7105263157894737,2.2526315789473688,0.4210526315789473
70.29618798612637,1.7105263157894737,2.2526315789473688,0.4736842105263157
74.30071030779534,1.7105263157894737,2.2526315789473688,0.5263157894736842
78.48397313125761,1.7105263157894737,2.2526315789473688,0.5789473684210527
82.80164979450468,1.7105263157894737,2.2526315789473688,0.631578947368421
87.2198258094238,1.7105263157894737,2.2526315789473688,0.6842105263157894
91.7122277482712,1.7105263157894737,2.2526315789473688,0.7368421052631579
96.25830805628571,1.7105263157894737,2.2526315789473688,0.7894736842105263
100.84185371064372,1.7105263157894737,2.2526315789473688,0.8421052631578947
105.4499747961654,1.7105263157894737,2.2526315789473688,0.894736842105263
110.07235982061756,1.7105263157894737,2.2526315789473688,0.9473684210526316
114.7007204028556,1.7105263157894737,2.2526315789473688,1.0
54.94782634302956,1.7105263157894737,2.305263157894737,0.0
49.93052484225088,1.7105263157894737,2.305263157894737,0.0526315789473684
48.28824982291199,1.7105263157894737,2.305263157894737,0.1052631578947368
48.6437145353846,1.7105263157894737,2.305263157894737,0.1578947368421052
50.28362382872051,1.7105263157894737,2.305263157894737,0.2105263157894736
52.79683744586806,1.7105263157894737,2.305263157894737,0.2631578947368421
55.917920473067774,1.7105263157894737,2.305263157894737,0.3157894736842105
59.49766821203617,1.7105263157894737,2.305263157894737,0.3684210526315789
63.4322206060625,1.7105263157894737,2.305263157894737,0.4210526315789473
67.62663886960688,1.7105263157894737,2.305263157894737,0.4736842105263157
72.01173868933405,1.7105263157894737,2.305263157894737,0.5263157894736842
76.53627524798911,1.7105263157894737,2.305263157894737,0.5789473684210527
81.16174708159511,1.7105263157894737,2.305263157894737,0.631578947368421
85.85886601940224,1.7105263157894737,2.305263157894737,0.6842105263157894
90.60511201178812,1.7105263157894737,2.305263157894737,0.7368421052631579
95.38300997370216,1.7105263157894737,2.305263157894737,0.7894736842105263
100.17889629461972,1.7105263157894737,2.305263157894737,0.8421052631578947
104.98202301657484,1.7105263157894737,2.305263157894737,0.894736842105263
109.78389840039532,1.7105263157894737,2.305263157894737,0.9473684210526316
114.57779530203818,1.7105263157894737,2.305263157894737,1.0
47.1559513950053,1.7105263157894737,2.357894736842105,0.0
43.0907559749059,1.7105263157894737,2.357894736842105,0.0526315789473684
42.23789120795993,1.7105263157894737,2.357894736842105,0.1052631578947368
43.26440557911968,1.7105263157894737,2.357894736842105,0.1578947368421052
45.50052669343672,1.7105263157894737,2.357894736842105,0.2105263157894736
48.54105026792184,1.7105263157894737,2.357894736842105,0.2631578947368421
52.16708002021004,1.7105263157894737,2.357894736842105,0.3157894736842105
56.2203137846032,1.7105263157894737,2.357894736842105,0.3684210526315789
60.57739100168607,1.7105263157894737,2.357894736842105,0.4210526315789473
65.15116891963685,1.7105263157894737,2.357894736842105,0.4736842105263157
69.87877623152107,1.7105263157894737,2.357894736842105,0.5263157894736842
74.714056180429,1.7105263157894737,2.357894736842105,0.5789473684210527
79.62263051435667,1.7105263157894737,2.357894736842105,0.631578947368421
84.57858618867891,1.7105263157894737,2.357894736842105,0.6842105263157894
89.56219914725756,1.7105263157894737,2.357894736842105,0.7368421052631579
94.55833908551796,1.7105263157894737,2.357894736842105,0.7894736842105263
99.5553318089517,1.7105263157894737,2.357894736842105,0.8421052631578947
104.54413523751256,1.7105263157894737,2.357894736842105,0.894736842105263
109.51773414833092,1.7105263157894737,2.357894736842105,0.9473684210526316
114.47068984569428,1.7105263157894737,2.357894736842105,1.0
41.71602191109171,1.7105263157894737,2.4105263157894736,0.0
37.79216169677896,1.7105263157894737,2.4105263157894736,0.0526315789473684
37.21558199988522,1.7105263157894737,2.4105263157894736,0.1052631578947368
38.6165361189069,1.7105263157894737,2.4105263157894736,0.1578947368421052
41.25368273947384,1.7105263157894737,2.4105263157894736,0.2105263157894736
44.73059608950916,1.7105263157894737,2.4105263157894736,0.2631578947368421
48.78257261148386,1.7105263157894737,2.4105263157894736,0.3157894736842105
53.22837966987275,1.7105263157894737,2.4105263157894736,0.3684210526315789
57.94608665689301,1.7105263157894737,2.4105263157894736,0.4210526315789473
62.85111688779666,1.7105263157894737,2.4105263157894736,0.4736842105263157
67.883355880152,1.7105263157894737,2.4105263157894736,0.5263157894736842
72.99924460811704,1.7105263157894737,2.4105263157894736,0.5789473684210527
78.16673926979612,1.7105263157894737,2.4105263157894736,0.631578947368421
83.361989609908,1.7105263157894737,2.4105263157894736,0.6842105263157894
88.56708736928432,1.7105263157894737,2.4105263157894736,0.7368421052631579
93.7685035647614,1.7105263157894737,2.4105263157894736,0.7894736842105263
98.95598191714728,1.7105263157894737,2.4105263157894736,0.8421052631578947
104.12174169415138,1.7105263157894737,2.4105263157894736,0.894736842105263
109.25989477731652,1.7105263157894737,2.4105263157894736,0.9473684210526316
114.36601369137006,1.7105263157894737,2.4105263157894736,1.0
38.98924644920861,1.7105263157894737,2.463157894736842,0.0
34.16699150162214,1.7105263157894737,2.463157894736842,0.0526315789473684
33.32845434094569,1.7105263157894737,2.463157894736842,0.1052631578947368
34.77145277561979,1.7105263157894737,2.463157894736842,0.1578947368421052
37.63602778286802,1.7105263157894737,2.463157894736842,0.2105263157894736
41.40749767697702,1.7105263157894737,2.463157894736842,0.2631578947368421
45.7684247865536,1.7105263157894737,2.463157894736842,0.3157894736842105
50.52015685788192,1.7105263157894737,2.463157894736842,0.3684210526315789
55.5328492008697,1.7105263157894737,2.463157894736842,0.4210526315789473
60.718524500855565,1.7105263157894737,2.463157894736842,0.4736842105263157
66.01584860281963,1.7105263157894737,2.463157894736842,0.5263157894736842
71.38111314036075,1.7105263157894737,2.463157894736842,0.5789473684210527
76.7826541530558,1.7105263157894737,2.463157894736842,0.631578947368421
82.19725948347849,1.7105263157894737,2.463157894736842,0.6842105263157894
87.60777744225702,1.7105263157894737,2.463157894736842,0.7368421052631579
93.00147973997434,1.7105263157894737,2.463157894736842,0.7894736842105263
98.36891432319317,1.7105263157894737,2.463157894736842,0.8421052631578947
103.70308571112984,1.7105263157894737,2.463157894736842,0.894736842105263
108.9988596434831,1.7105263157894737,2.463157894736842,0.9473684210526316
114.25252454004072,1.7105263157894737,2.463157894736842,1.0
39.583714911602186,1.7105263157894737,2.515789473684211,0.0
32.57426624049559,1.7105263157894737,2.515789473684211,0.0526315789473684
30.78786706347596,1.7105263157894737,2.515789473684211,0.1052631578947368
31.913200897496623,1.7105263157894737,2.515789473684211,0.1578947368421052
34.743224620730984,1.7105263157894737,2.515789473684211,0.2105263157894736
38.6186193180008,1.7105263157894737,2.515789473684211,0.2631578947368421
43.15403144403783,1.7105263157894737,2.515789473684211,0.3157894736842105
48.11354954714132,1.7105263157894737,2.515789473684211,0.3684210526315789
53.34772042798134,1.7105263157894737,2.515789473684211,0.4210526315789473
58.75789838399352,1.7105263157894737,2.515789473684211,0.4736842105263157
64.27679128587108,1.7105263157894737,2.515789473684211,0.5263157894736842
69.85732281336689,1.7105263157894737,2.515789473684211,0.5789473684210527
75.46594718927801,1.7105263157894737,2.515789473684211,0.631578947368421
81.07845692511826,1.7105263157894737,2.515789473684211,0.6842105263157894
86.67725076851754,1.7105263157894737,2.515789473684211,0.7368421052631579
92.24949428959786,1.7105263157894737,2.515789473684211,0.7894736842105263
97.7858476005016,1.7105263157894737,2.515789473684211,0.8421052631578947
103.27956564205984,1.7105263157894737,2.515789473684211,0.894736842105263
108.72585022761922,1.7105263157894737,2.515789473684211,0.9473684210526316
114.1213762680014,1.7105263157894737,2.515789473684211,1.0
44.511340372529126,1.7105263157894737,2.568421052631579,0.0
33.60034038754311,1.7105263157894737,2.568421052631579,0.0526315789473684
29.98396265081614,1.7105263157894737,2.568421052631579,0.1052631578947368
30.250795917761,1.7105263157894737,2.568421052631579,0.1578947368421052
32.704909036025995,1.7105263157894737,2.568421052631579,0.2105263157894736
36.45244715076483,1.7105263157894737,2.568421052631579,0.2631578947368421
40.99960595380953,1.7105263157894737,2.568421052631579,0.3157894736842105
46.05003464373013,1.7105263157894737,2.568421052631579,0.3684210526315789
51.41922471608925,1.7105263157894737,2.568421052631579,0.4210526315789473
56.98851663080375,1.7105263157894737,2.568421052631579,0.4736842105263157
62.67870667906338,1.7105263157894737,2.568421052631579,0.5263157894736842
68.43538152698723,1.7105263157894737,2.568421052631579,0.5789473684210527
74.22036496368897,1.7105263157894737,2.568421052631579,0.631578947368421
80.00649103350696,1.7105263157894737,2.568421052631579,0.6842105263157894
85.77427166955309,1.7105263157894737,2.568421052631579,0.7368421052631579
91.50969294563056,1.7105263157894737,2.568421052631579,0.7894736842105263
97.20271249815175,1.7105263157894737,2.568421052631579,0.8421052631578947
102.8462090985347,1.7105263157894737,2.568421052631579,0.894736842105263
108.4352332439454,1.7105263157894737,2.568421052631579,0.9473684210526316
113.96646357056852,1.7105263157894737,2.568421052631579,1.0
55.46978320323308,1.7105263157894737,2.6210526315789475,0.0
38.17938605608159,1.7105263157894737,2.6210526315789475,0.0526315789473684
31.414049143922824,1.7105263157894737,2.6210526315789475,0.1052631578947368
30.088258000930622,1.7105263157894737,2.6210526315789475,0.1578947368421052
31.71553803448769,1.7105263157894737,2.6210526315789475,0.2105263157894736
35.04775498702172,1.7105263157894737,2.6210526315789475,0.2631578947368421
39.403838615361394,1.7105263157894737,2.6210526315789475,0.3157894736842105
44.4001628495532,1.7105263157894737,2.6210526315789475,0.3684210526315789
49.798471713418536,1.7105263157894737,2.6210526315789475,0.4210526315789473
55.44757736442656,1.7105263157894737,2.6210526315789475,0.4736842105263157
61.24857295563589,1.7105263157894737,2.6210526315789475,0.5263157894736842
67.13461405321897,1.7105263157894737,2.6210526315789475,0.5789473684210527
73.05942148579841,1.7105263157894737,2.6210526315789475,0.631578947368421
78.99042124127892,1.7105263157894737,2.6210526315789475,0.6842105263157894
84.90446236887264,1.7105263157894737,2.6210526315789475,0.7368421052631579
90.78503522245056,1.7105263157894737,2.6210526315789475,0.7894736842105263
96.62040222989818,1.7105263157894737,2.6210526315789475,0.8421052631578947
102.40230643858536,1.7105263157894737,2.6210526315789475,0.894736842105263
108.12505892733596,1.7105263157894737,2.6210526315789475,0.9473684210526316
113.78488210762087,1.7105263157894737,2.6210526315789475,1.0
75.06062501051464,1.7105263157894737,2.673684210526316,0.0
47.66388389263225,1.7105263157894737,2.673684210526316,0.0526315789473684
35.82335379818232,1.7105263157894737,2.673684210526316,0.1052631578947368
31.85718372867656,1.7105263157894737,2.673684210526316,0.1578947368421052
32.06534243343035,1.7105263157894737,2.673684210526316,0.2105263157894736
34.599770893777325,1.7105263157894737,2.673684210526316,0.2631578947368421
38.512956081493606,1.7105263157894737,2.673684210526316,0.3157894736842105
43.2710748095212,1.7105263157894737,2.673684210526316,0.3684210526315789
48.5647007340759,1.7105263157894737,2.673684210526316,0.4210526315789473
54.1944177455317,1.7105263157894737,2.673684210526316,0.4736842105263157
60.031111296103845,1.7105263157894737,2.673684210526316,0.5263157894736842
65.98877135169676,1.7105263157894737,2.673684210526316,0.5789473684210527
72.00849964607055,1.7105263157894737,2.673684210526316,0.631578947368421
78.0491701554588,1.7105263157894737,2.673684210526316,0.6842105263157894
84.08171330831189,1.7105263157894737,2.673684210526316,0.7368421052631579
90.08546593693852,1.7105263157894737,2.673684210526316,0.7894736842105263
96.04575332160375,1.7105263157894737,2.673684210526316,0.8421052631578947
101.95223787376236,1.7105263157894737,2.673684210526316,0.894736842105263
107.7977631255949,1.7105263157894737,2.673684210526316,0.9473684210526316
113.57752817784404,1.7105263157894737,2.673684210526316,1.0
107.15768075997867,1.7105263157894737,2.726315789473684,0.0
64.06715163026388,1.7105263157894737,2.726315789473684,0.0526315789473684
44.32693933693223,1.7105263157894737,2.726315789473684,0.1052631578947368
36.21278964899628,1.7105263157894737,2.726315789473684,0.1578947368421052
34.14750410306888,1.7105263157894737,2.726315789473684,0.2105263157894736
35.38627036228744,1.7105263157894737,2.726315789473684,0.2631578947368421
38.5244567313202,1.7105263157894737,2.726315789473684,0.3157894736842105
42.81584696915701,1.7105263157894737,2.726315789473684,0.3684210526315789
47.832705260139214,1.7105263157894737,2.726315789473684,0.4210526315789473
53.31611027277478,1.7105263157894737,2.726315789473684,0.4736842105263157
59.09311486433363,1.7105263157894737,2.726315789473684,0.5263157894736842
65.04944689352527,1.7105263157894737,2.726315789473684,0.5789473684210527
71.10759025063712,1.7105263157894737,2.726315789473684,0.631578947368421
77.21374800881443,1.7105263157894737,2.726315789473684,0.6842105263157894
83.33000930875907,1.7105263157894737,2.726315789473684,0.7368421052631579
89.42942844875449,1.7105263157894737,2.726315789473684,0.7894736842105263
95.49280995524006,1.7105263157894737,2.726315789473684,0.8421052631578947
101.50653777036,1.7105263157894737,2.726315789473684,0.894736842105263
107.46106937122308,1.7105263157894737,2.726315789473684,0.9473684210526316
113.3498681832342,1.7105263157894737,2.726315789473684,1.0
157.6185446109156,1.7105263157894737,2.778947368421053,0.0
90.39565673127778,1.7105263157894737,2.778947368421053,0.0526315789473684
58.562574015759466,1.7105263157894737,2.778947368421053,0.1052631578947368
44.10895323218742,1.7105263157894737,2.778947368421053,0.1578947368421052
38.55418917039947,1.7105263157894737,2.778947368421053,0.2105263157894736
37.77924338702302,1.7105263157894737,2.778947368421053,0.2631578947368421
39.70387532292644,1.7105263157894737,2.778947368421053,0.3157894736842105
43.23498203644536,1.7105263157894737,2.778947368421053,0.3684210526315789
47.76236861375909,1.7105263157894737,2.778947368421053,0.4210526315789473
52.93484874560253,1.7105263157894737,2.778947368421053,0.4736842105263157
58.52911535694757,1.7105263157894737,2.778947368421053,0.5263157894736842
64.39051995506047,1.7105263157894737,2.778947368421053,0.5789473684210527
70.41483632805598,1.7105263157894737,2.778947368421053,0.631578947368421
76.53011923836348,1.7105263157894737,2.778947368421053,0.6842105263157894
82.68577485760096,1.7105263157894737,2.778947368421053,0.7368421052631579
88.84580247849435,1.7105263157894737,2.778947368421053,0.7894736842105263
94.98443905611556,1.7105263157894737,2.778947368421053,0.8421052631578947
101.08325127224028,1.7105263157894737,2.778947368421053,0.894736842105263
107.12913652803576,1.7105263157894737,2.778947368421053,0.9473684210526316
113.11291589750456,1.7105263157894737,2.778947368421053,1.0
235.32724402214708,1.7105263157894737,2.8315789473684214,0.0
131.1412864137488,1.7105263157894737,2.8315789473684214,0.0526315789473684
80.9339657044889,1.7105263157894737,2.8315789473684214,0.1052631578947368
56.9193116242253,1.7105263157894737,2.8315789473684214,0.1578947368421052
46.1263863779557,1.7105263157894737,2.8315789473684214,0.2105263157894736
42.32608947109798,1.7105263157894737,2.8315789473684214,0.2631578947368421
42.41683423641242,1.7105263157894737,2.8315789473684214,0.3157894736842105
44.78561822013291,1.7105263157894737,2.8315789473684214,0.3684210526315789
48.5572616472008,1.7105263157894737,2.8315789473684214,0.4210526315789473
53.21758373426774,1.7105263157894737,2.8315789473684214,0.4736842105263157
58.46878055997612,1.7105263157894737,2.8315789473684214,0.5263157894736842
64.11391467345342,1.7105263157894737,2.8315789473684214,0.5789473684210527
70.01110080472652,1.7105263157894737,2.8315789473684214,0.631578947368421
76.0628796279083,1.7105263157894737,2.8315789473684214,0.6842105263157894
82.20087095628989,1.7105263157894737,2.8315789473684214,0.7368421052631579
88.3763721651111,1.7105263157894737,2.8315789473684214,0.7894736842105263
94.55438146742524,1.7105263157894737,2.8315789473684214,0.8421052631578947
100.70965291180318,1.7105263157894737,2.8315789473684214,0.894736842105263
106.8240094127256,1.7105263157894737,2.8315789473684214,0.9473684210526316
112.88446522671693,1.7105263157894737,2.8315789473684214,1.0
353.791288242084,1.7105263157894737,2.8842105263157896,0.0
193.03338352540396,1.7105263157894737,2.8842105263157896,0.0526315789473684
114.97743982565764,1.7105263157894737,2.8842105263157896,0.1052631578947368
76.62436171882158,1.7105263157894737,2.8842105263157896,0.1578947368421052
58.052538661198746,1.7105263157894737,2.8842105263157896,0.2105263157894736
49.78970568419661,1.7105263157894737,2.8842105263157896,0.2631578947368421
47.17888487125919,1.7105263157894737,2.8842105263157896,0.3157894736842105
47.83326884988238,1.7105263157894737,2.8842105263157896,0.3684210526315789
50.471720719290296,1.7105263157894737,2.8842105263157896,0.4210526315789473
54.370729437485785,1.7105263157894737,2.8842105263157896,0.4736842105263157
59.08656649533222,1.7105263157894737,2.8842105263157896,0.5263157894736842
64.35705491409966,1.7105263157894737,2.8842105263157896,0.5789473684210527
70.00584165780167,1.7105263157894737,2.8842105263157896,0.631578947368421
75.89996162204098,1.7105263157894737,2.8842105263157896,0.6842105263157894
81.94641345089819,1.7105263157894737,2.8842105263157896,0.7368421052631579
88.07895914855344,1.7105263157894737,2.8842105263157896,0.7894736842105263
94.24984753362268,1.7105263157894737,2.8842105263157896,0.8421052631578947
100.4244152397804,1.7105263157894737,2.8842105263157896,0.894736842105263
106.57744463314611,1.7105263157894737,2.8842105263157896,0.9473684210526316
112.69063826334012,1.7105263157894737,2.8842105263157896,1.0
533.6105692326963,1.7105263157894737,2.936842105263158,0.0
286.19124233619,1.7105263157894737,2.936842105263158,0.0526315789473684
165.9170596959379,1.7105263157894737,2.936842105263158,0.1052631578947368
106.09019982430291,1.7105263157894737,2.936842105263158,0.1578947368421052
76.0160757608205,1.7105263157894737,2.936842105263158,0.2105263157894736
61.22950134246841,1.7105263157894737,2.936842105263158,0.2631578947368421
54.70001219999621,1.7105263157894737,2.936842105263158,0.3157894736842105
52.87497487097525,1.7105263157894737,2.936842105263158,0.3684210526315789
53.87312884128743,1.7105263157894737,2.936842105263158,0.4210526315789473
56.65127705281047,1.7105263157894737,2.936842105263158,0.4736842105263157
60.59119071260087,1.7105263157894737,2.936842105263158,0.5263157894736842
65.30216108878933,1.7105263157894737,2.936842105263158,0.5789473684210527
70.54466559084696,1.7105263157894737,2.936842105263158,0.631578947368421
76.15864948549152,1.7105263157894737,2.936842105263158,0.6842105263157894
82.01763118720191,1.7105263157894737,2.936842105263158,0.7368421052631579
88.03139280358288,1.7105263157894737,2.936842105263158,0.7894736842105263
94.13479468929263,1.7105263157894737,2.936842105263158,0.8421052631578947
100.280338775005,1.7105263157894737,2.936842105263158,0.894736842105263
106.43320260146356,1.7105263157894737,2.936842105263158,0.9473684210526316
112.56782364382074,1.7105263157894737,2.936842105263158,1.0
806.2844701458199,1.7105263157894737,2.9894736842105267,0.0
425.8948304951428,1.7105263157894737,2.9894736842105267,0.0526315789473684
241.5085126169164,1.7105263157894737,2.9894736842105267,0.1052631578947368
149.48603037169647,1.7105263157894737,2.9894736842105267,0.1578947368421052
102.41229996557072,1.7105263157894737,2.9894736842105267,0.2105263157894736
78.12091825124791,1.7105263157894737,2.9894736842105267,0.2631578947368421
65.95082705687199,1.7105263157894737,2.9894736842105267,0.3157894736842105
60.58516942825672,1.7105263157894737,2.9894736842105267,0.3684210526315789
59.25189547176095,1.7105263157894737,2.9894736842105267,0.4210526315789473
60.43048668893273,1.7105263157894737,2.9894736842105267,0.4736842105263157
63.24777422149895,1.7105263157894737,2.9894736842105267,0.5263157894736842
67.16028897709892,1.7105263157894737,2.9894736842105267,0.5789473684210527
71.81663806484262,1.7105263157894737,2.9894736842105267,0.631578947368421
76.99326985100112,1.7105263157894737,2.9894736842105267,0.6842105263157894
82.54004512362752,1.7105263157894737,2.9894736842105267,0.7368421052631579
88.33653779854906,1.7105263157894737,2.9894736842105267,0.7894736842105263
94.29406207228732,1.7105263157894737,2.9894736842105267,0.8421052631578947
100.34778415213236,1.7105263157894737,2.9894736842105267,0.894736842105263
106.44992034928104,1.7105263157894737,2.9894736842105267,0.9473684210526316
112.5650993664124,1.7105263157894737,2.9894736842105267,1.0
1220.109178016134,1.7105263157894737,3.042105263157895,0.0
635.2564600985017,1.7105263157894737,3.042105263157895,0.0526315789473684
353.30711684412256,1.7105263157894737,3.042105263157895,0.1052631578947368
212.91149478493705,1.7105263157894737,3.042105263157895,0.1578947368421052
140.66928534015676,1.7105263157894737,3.042105263157895,0.2105263157894736
102.52860498682831,1.7105263157894737,3.042105263157895,0.2631578947368421
82.26213547934285,1.7105263157894737,3.042105263157895,0.3157894736842105
71.87477751624357,1.7105263157894737,3.042105263157895,0.3684210526315789
67.25931225769581,1.7105263157894737,3.042105263157895,0.4210526315789473
66.19901002107692,1.7105263157894737,3.042105263157895,0.4736842105263157
67.43354158663664,1.7105263157894737,3.042105263157895,0.5263157894736842
70.2094311222258,1.7105263157894737,3.042105263157895,0.5789473684210527
74.03868385345211,1.7105263157894737,3.042105263157895,0.631578947368421
78.59855714955285,1.7105263157894737,3.042105263157895,0.6842105263157894
83.67733130051501,1.7105263157894737,3.042105263157895,0.7368421052631579
89.12866120132718,1.7105263157894737,3.042105263157895,0.7894736842105263
94.83858516960052,1.7105263157894737,3.042105263157895,0.8421052631578947
100.71898504708008,1.7105263157894737,3.042105263157895,0.894736842105263
106.70470978432658,1.7105263157894737,3.042105263157895,0.9473684210526316
112.7472583903384,1.7105263157894737,3.042105263157895,1.0
1849.525857148006,1.7105263157894737,3.094736842105263,0.0
949.5082922962304,1.7105263157894737,3.094736842105263,0.0526315789473684
518.6017727768118,1.7105263157894737,3.094736842105263,0.1052631578947368
305.28725781380155,1.7105263157894737,3.094736842105263,0.1578947368421052
195.70288914927733,1.7105263157894737,3.094736842105263,0.2105263157894736
137.35688710895084,1.7105263157894737,3.094736842105263,0.2631578947368421
105.46707723110076,1.7105263157894737,3.094736842105263,0.3157894736842105
87.975446086417,1.7105263157894737,3.094736842105263,0.3684210526315789
78.76796461943701,1.7105263157894737,3.094736842105263,0.4210526315789473
74.59663491214974,1.7105263157894737,3.094736842105263,0.4736842105263157
73.64244488731799,1.7105263157894737,3.094736842105263,0.5263157894736842
74.83443921187322,1.7105263157894737,3.094736842105263,0.5789473684210527
77.50288191469721,1.7105263157894737,3.094736842105263,0.631578947368421
81.20153938638815,1.7105263157894737,3.094736842105263,0.6842105263157894
85.6285429793622,1.7105263157894737,3.094736842105263,0.7368421052631579
90.58131981393784,1.7105263157894737,3.094736842105263,0.7894736842105263
95.91197524268864,1.7105263157894737,3.094736842105263,0.8421052631578947
101.51346865703864,1.7105263157894737,3.094736842105263,0.894736842105263
107.29766418461766,1.7105263157894737,3.094736842105263,0.9473684210526316
113.19858590871644,1.7105263157894737,3.094736842105263,1.0
2809.4625325720745,1.7105263157894737,3.147368421052632,0.0
1422.5591217857705,1.7105263157894737,3.147368421052632,0.0526315789473684
763.5547476740413,1.7105263157894737,3.147368421052632,0.1052631578947368
439.87495228903566,1.7105263157894737,3.147368421052632,0.1578947368421052
274.60047953103526,1.7105263157894737,3.147368421052632,0.2105263157894736
186.65929806796504,1.7105263157894737,3.147368421052632,0.2631578947368421
138.07823359403793,1.7105263157894737,3.147368421052632,0.3157894736842105
110.55541588868388,1.7105263157894737,3.147368421052632,0.3684210526315789
94.9433794757692,1.7105263157894737,3.147368421052632,0.4210526315789473
86.47279107338532,1.7105263157894737,3.147368421052632,0.4736842105263157
82.51413162303177,1.7105263157894737,3.147368421052632,0.5263157894736842
81.5355508333361,1.7105263157894737,3.147368421052632,0.5789473684210527
82.6040782843854,1.7105263157894737,3.147368421052632,0.631578947368421
85.10897372536994,1.7105263157894737,3.147368421052632,0.6842105263157894
88.6354939843706,1.7105263157894737,3.147368421052632,0.7368421052631579
92.8968885555866,1.7105263157894737,3.147368421052632,0.7894736842105263
97.69676183234952,1.7105263157894737,3.147368421052632,0.8421052631578947
102.88487230411766,1.7105263157894737,3.147368421052632,0.894736842105263
108.3570331995224,1.7105263157894737,3.147368421052632,0.9473684210526316
114.02402660708032,1.7105263157894737,3.147368421052632,1.0
4277.7760463461245,1.7105263157894737,3.2,0.0
2137.104922113308,1.7105263157894737,3.2,0.0526315789473684
1127.822474900291,1.7105263157894737,3.2,0.1052631578947368
636.4954600543684,1.7105263157894737,3.2,0.1578947368421052
387.8034287343656,1.7105263157894737,3.2,0.2105263157894736
256.27301775679825,1.7105263157894737,3.2,0.2631578947368421
183.56359026693056,1.7105263157894737,3.2,0.3157894736842105
141.8272231545866,1.7105263157894737,3.2,0.3684210526315789
117.3141210290175,1.7105263157894737,3.2,0.4210526315789473
102.94394863503338,1.7105263157894737,3.2,0.4736842105263157
94.88568036341891,1.7105263157894737,3.2,0.5263157894736842
90.96007983974545,1.7105263157894737,3.2,0.5789473684210527
89.85247359529659,1.7105263157894737,3.2,0.631578947368421
90.72795140725306,1.7105263157894737,3.2,0.6842105263157894
93.01993981960504,1.7105263157894737,3.2,0.7368421052631579
96.3366092720567,1.7105263157894737,3.2,0.7894736842105263
100.40074467751576,1.7105263157894737,3.2,0.8421052631578947
105.0178161229942,1.7105263157894737,3.2,0.894736842105263
110.03606170563864,1.7105263157894737,3.2,0.9473684210526316
115.35054775110966,1.7105263157894737,3.2,1.0
78.05336893774307,1.8157894736842104,2.2,0.0
67.92717876774735,1.8157894736842104,2.2,0.0526315789473684
62.4110935687318,1.8157894736842104,2.2,0.1052631578947368
59.962217291917824,1.8157894736842104,2.2,0.1578947368421052
59.44761677932788,1.8157894736842104,2.2,0.2105263157894736
60.205503494964624,1.8157894736842104,2.2,0.2631578947368421
61.869231238321966,1.8157894736842104,2.2,0.3157894736842105
64.18687940452924,1.8157894736842104,2.2,0.3684210526315789
66.98505339199357,1.8157894736842104,2.2,0.4210526315789473
70.14543665665927,1.8157894736842104,2.2,0.4736842105263157
73.59532556943441,1.8157894736842104,2.2,0.5263157894736842
77.29286702372956,1.8157894736842104,2.2,0.5789473684210527
81.182433521833,1.8157894736842104,2.2,0.631578947368421
85.22106218054799,1.8157894736842104,2.2,0.6842105263157894
89.37533626721694,1.8157894736842104,2.2,0.7368421052631579
93.6189688825136,1.8157894736842104,2.2,0.7894736842105263
97.93107221327726,1.8157894736842104,2.2,0.8421052631578947
102.2949008474026,1.8157894736842104,2.2,0.894736842105263
106.6969271416539,1.8157894736842104,2.2,0.9473684210526316
111.1261521023737,1.8157894736842104,2.2,1.0
65.07423090421052,1.8157894736842104,2.2526315789473688,0.0
57.39212083779637,1.8157894736842104,2.2526315789473688,0.0526315789473684
53.72662102164361,1.8157894736842104,2.2526315789473688,0.1052631578947368
52.6422910826898,1.8157894736842104,2.2526315789473688,0.1578947368421052
53.13819442210022,1.8157894736842104,2.2526315789473688,0.2105263157894736
54.71947058089396,1.8157894736842104,2.2526315789473688,0.2631578947368421
57.06621408040675,1.8157894736842104,2.2526315789473688,0.3157894736842105
59.96193771767314,1.8157894736842104,2.2526315789473688,0.3684210526315789
63.26275256772456,1.8157894736842104,2.2526315789473688,0.4210526315789473
66.8884823511945,1.8157894736842104,2.2526315789473688,0.4736842105263157
70.77668843026947,1.8157894736842104,2.2526315789473688,0.5263157894736842
74.8639077262235,1.8157894736842104,2.2526315789473688,0.5789473684210527
79.10215258597361,1.8157894736842104,2.2526315789473688,0.631578947368421
83.45465822908244,1.8157894736842104,2.2526315789473688,0.6842105263157894
87.89292499305554,1.8157894736842104,2.2526315789473688,0.7368421052631579
92.39462858318282,1.8157894736842104,2.2526315789473688,0.7894736842105263
96.94212174492736,1.8157894736842104,2.2526315789473688,0.8421052631578947
101.52134490306202,1.8157894736842104,2.2526315789473688,0.894736842105263
106.1210235211097,1.8157894736842104,2.2526315789473688,0.9473684210526316
110.73206912706654,1.8157894736842104,2.2526315789473688,1.0
54.5718145030324,1.8157894736842104,2.305263157894737,0.0
48.57625691645683,1.8157894736842104,2.305263157894737,0.0526315789473684
46.26219160068485,1.8157894736842104,2.305263157894737,0.1052631578947368
46.15672935362123,1.8157894736842104,2.305263157894737,0.1578947368421052
47.4551281542213,1.8157894736842104,2.305263157894737,0.2105263157894736
49.7105243238304,1.8157894736842104,2.305263157894737,0.2631578947368421
52.63166688371928,1.8157894736842104,2.305263157894737,0.3157894736842105
56.03193199006068,1.8157894736842104,2.305263157894737,0.3684210526315789
59.81034905329196,1.8157894736842104,2.305263157894737,0.4210526315789473
63.87845150862798,1.8157894736842104,2.305263157894737,0.4736842105263157
68.16101081241592,1.8157894736842104,2.305263157894737,0.5263157894736842
72.60222690002917,1.8157894736842104,2.305263157894737,0.5789473684210527
77.16010760258565,1.8157894736842104,2.305263157894737,0.631578947368421
81.80265051694515,1.8157894736842104,2.305263157894737,0.6842105263157894
86.50519759311516,1.8157894736842104,2.305263157894737,0.7368421052631579
91.24856989841308,1.8157894736842104,2.305263157894737,0.7894736842105263
96.01773148791004,1.8157894736842104,2.305263157894737,0.8421052631578947
100.80081823953158,1.8157894736842104,2.305263157894737,0.894736842105263
105.58842231023716,1.8157894736842104,2.305263157894737,0.9473684210526316
110.37305817132696,1.8157894736842104,2.305263157894737,1.0
46.51938921410866,1.8157894736842104,2.357894736842105,0.0
41.44078441353629,1.8157894736842104,2.357894736842105,0.0526315789473684
39.92048067425552,1.8157894736842104,2.357894736842105,0.1052631578947368
40.47727634314414,1.8157894736842104,2.357894736842105,0.1578947368421052
42.37045954371456,1.8157894736842104,2.357894736842105,0.2105263157894736
45.15277282757617,1.8157894736842104,2.357894736842105,0.2631578947368421
48.55264134668385,1.8157894736842104,2.357894736842105,0.3157894736842105
52.421105292709576,1.8157894736842104,2.357894736842105,0.3684210526315789
56.63158921900519,1.8157894736842104,2.357894736842105,0.4210526315789473
61.08856289949224,1.8157894736842104,2.357894736842105,0.4736842105263157
65.7229974247042,1.8157894736842104,2.357894736842105,0.5263157894736842
70.48411774482814,1.8157894736842104,2.357894736842105,0.5789473684210527
75.33401968437487,1.8157894736842104,2.357894736842105,0.631578947368421
80.24405740163684,1.8157894736842104,2.357894736842105,0.6842105263157894
85.19236100162018,1.8157894736842104,2.357894736842105,0.7368421052631579
90.16209579864416,1.8157894736842104,2.357894736842105,0.7894736842105263
95.14021987521112,1.8157894736842104,2.357894736842105,0.8421052631578947
100.11658326768708,1.8157894736842104,2.357894736842105,0.894736842105263
105.08326553124324,1.8157894736842104,2.357894736842105,0.9473684210526316
110.03408226896492,1.8157894736842104,2.357894736842105,1.0
41.09018065548947,1.8157894736842104,2.4105263157894736,0.0
36.04190346844972,1.8157894736842104,2.4105263157894736,0.0526315789473684
34.736639920052255,1.8157894736842104,2.4105263157894736,0.1052631578947368
35.62652246058516,1.8157894736842104,2.4105263157894736,0.1578947368421052
37.89256292706325,1.8157894736842104,2.4105263157894736,0.2105263157894736
41.06286053539471,1.8157894736842104,2.4105263157894736,0.2631578947368421
44.87659473744265,1.8157894736842104,2.4105263157894736,0.3157894736842105
49.13754833657189,1.8157894736842104,2.4105263157894736,0.3684210526315789
53.71081189634529,1.8157894736842104,2.4105263157894736,0.4210526315789473
58.50266254917441,1.8157894736842104,2.4105263157894736,0.4736842105263157
63.44634238076768,1.8157894736842104,2.4105263157894736,0.5263157894736842
68.49334862753092,1.8157894736842104,2.4105263157894736,0.5789473684210527
73.60788610490212,1.8157894736842104,2.4105263157894736,0.631578947368421
78.76321201512587,1.8157894736842104,2.4105263157894736,0.6842105263157894
83.93915762162851,1.8157894736842104,2.4105263157894736,0.7368421052631579
89.12040693122094,1.8157894736842104,2.4105263157894736,0.7894736842105263
94.29527658297634,1.8157894736842104,2.4105263157894736,0.8421052631578947
99.45483580487496,1.8157894736842104,2.4105263157894736,0.894736842105263
104.59226195978852,1.8157894736842104,2.4105263157894736,0.9473684210526316
109.70236225396704,1.8157894736842104,2.4105263157894736,1.0
38.70675970712122,1.8157894736842104,2.463157894736842,0.0
32.54003348441388,1.8157894736842104,2.463157894736842,0.0526315789473684
30.83825434354079,1.8157894736842104,2.463157894736842,0.1052631578947368
31.68690225789962,1.8157894736842104,2.463157894736842,0.1578947368421052
34.0934454153277,1.8157894736842104,2.463157894736842,0.2105263157894736
37.52515433876064,1.8157894736842104,2.463157894736842,0.2631578947368421
41.62978822713284,1.8157894736842104,2.463157894736842,0.3157894736842105
46.18572138786521,1.8157894736842104,2.463157894736842,0.3684210526315789
51.047802046668885,1.8157894736842104,2.463157894736842,0.4210526315789473
56.117430310990414,1.8157894736842104,2.463157894736842,0.4736842105263157
61.32565554185375,1.8157894736842104,2.463157894736842,0.5263157894736842
66.62315660270474,1.8157894736842104,2.463157894736842,0.5789473684210527
71.97404353319565,1.8157894736842104,2.463157894736842,0.631578947368421
77.35186788872726,1.8157894736842104,2.463157894736842,0.6842105263157894
82.73696579144152,1.8157894736842104,2.463157894736842,0.7368421052631579
88.11463733146626,1.8157894736842104,2.463157894736842,0.7894736842105263
93.47386916186515,1.8157894736842104,2.463157894736842,0.8421052631578947
98.8064203615447,1.8157894736842104,2.463157894736842,0.894736842105263
104.1061572956922,1.8157894736842104,2.463157894736842,0.9473684210526316
109.3685627275255,1.8157894736842104,2.463157894736842,1.0
40.08013686640063,1.8157894736842104,2.515789473684211,0.0
31.34278967852197,1.8157894736842104,2.515789473684211,0.0526315789473684
28.46518781183001,1.8157894736842104,2.515789473684211,0.1052631578947368
28.83257498749168,1.8157894736842104,2.515789473684211,0.1578947368421052
31.12841196797241,1.8157894736842104,2.515789473684211,0.2105263157894736
34.61151894970778,1.8157894736842104,2.515789473684211,0.2631578947368421
38.85586154488375,1.8157894736842104,2.515789473684211,0.3157894736842105
43.59616025651388,1.8157894736842104,2.515789473684211,0.3684210526315789
48.66391288923767,1.8157894736842104,2.515789473684211,0.4210526315789473
53.94754905881394,1.8157894736842104,2.515789473684211,0.4736842105263157
59.37065587496908,1.8157894736842104,2.515789473684211,0.5263157894736842
64.87951772579369,1.8157894736842104,2.515789473684211,0.5789473684210527
70.43563779043951,1.8157894736842104,2.515789473684211,0.631578947368421
76.01104653304769,1.8157894736842104,2.515789473684211,0.6842105263157894
81.58524169488834,1.8157894736842104,2.515789473684211,0.7368421052631579
87.14312548382544,1.8157894736842104,2.515789473684211,0.7894736842105263
92.67357548934136,1.8157894736842104,2.515789473684211,0.8421052631578947
98.16843218018336,1.8157894736842104,2.515789473684211,0.894736842105263
103.62176817890835,1.8157894736842104,2.515789473684211,0.9473684210526316
109.02935273250787,1.8157894736842104,2.515789473684211,1.0
46.372875259728616,1.8157894736842104,2.568421052631579,0.0
33.100364859094846,1.8157894736842104,2.568421052631579,0.0526315789473684
28.0348388018392,1.8157894736842104,2.568421052631579,0.1052631578947368
27.35756205896556,1.8157894736842104,2.568421052631579,0.1578947368421052
29.15538931449612,1.8157894736842104,2.568421052631579,0.2105263157894736
32.433333755269075,1.8157894736842104,2.568421052631579,0.2631578947368421
36.632421910213566,1.8157894736842104,2.568421052631579,0.3157894736842105
41.42377941924094,1.8157894736842104,2.568421052631579,0.3684210526315789
46.59822438933849,1.8157894736842104,2.568421052631579,0.4210526315789473
52.02070875904616,1.8157894736842104,2.568421052631579,0.4736842105263157
57.60065952231092,1.8157894736842104,2.568421052631579,0.5263157894736842
63.27549734806795,1.8157894736842104,2.568421052631579,0.5789473684210527
69.0010200818797,1.8157894736842104,2.568421052631579,0.631578947368421
74.74552123047256,1.8157894736842104,2.568421052631579,0.6842105263157894
80.48603558674243,1.8157894736842104,2.568421052631579,0.7368421052631579
86.20585241298095,1.8157894736842104,2.568421052631579,0.7894736842105263
91.8928165967925,1.8157894736842104,2.568421052631579,0.8421052631578947
97.53813841233028,1.8157894736842104,2.568421052631579,0.894736842105263
103.13554230347668,1.8157894736842104,2.568421052631579,0.9473684210526316
108.68064781828112,1.8157894736842104,2.568421052631579,1.0
59.489811343126526,1.8157894736842104,2.6210526315789475,0.0
38.87749597729539,1.8157894736842104,2.6210526315789475,0.0526315789473684
30.15739143948315,1.8157894736842104,2.6210526315789475,0.1052631578947368
27.60207423110684,1.8157894736842104,2.6210526315789475,0.1578947368421052
28.406474033372756,1.8157894736842104,2.6210526315789475,0.2105263157894736
31.14993874552547,1.8157894736842104,2.6210526315789475,0.2631578947368421
35.07790808182255,1.8157894736842104,2.6210526315789475,0.3157894736842105
39.75452742367102,1.8157894736842104,2.6210526315789475,0.3684210526315789
44.9141215439353,1.8157894736842104,2.6210526315789475,0.4210526315789473
50.38406064337938,1.8157894736842104,2.6210526315789475,0.4736842105263157
56.050823245762594,1.8157894736842104,2.6210526315789475,0.5263157894736842
61.83721455530806,1.8157894736842104,2.6210526315789475,0.5789473684210527
67.68940146491889,1.8157894736842104,2.6210526315789475,0.631578947368421
73.56916756334752,1.8157894736842104,2.6210526315789475,0.6842105263157894
79.44907124422721,1.8157894736842104,2.6210526315789475,0.7368421052631579
85.3092943987297,1.8157894736842104,2.6210526315789475,0.7894736842105263
91.13552027898751,1.8157894736842104,2.6210526315789475,0.8421052631578947
96.91746377096293,1.8157894736842104,2.6210526315789475,0.894736842105263
102.647830091855,1.8157894736842104,2.6210526315789475,0.9473684210526316
108.32156332838802,1.8157894736842104,2.6210526315789475,1.0
82.37485920673188,1.8157894736842104,2.673684210526316,0.0
50.24308389846509,1.8157894736842104,2.673684210526316,0.0526315789473684
35.69503483156065,1.8157894736842104,2.673684210526316,0.1052631578947368
30.071389989887425,1.8157894736842104,2.673684210526316,0.1578947368421052
29.19908678454753,1.8157894736842104,2.673684210526316,0.2105263157894736
30.98988592343925,1.8157894736842104,2.673684210526316,0.2631578947368421
34.36028124597436,1.8157894736842104,2.673684210526316,0.3157894736842105
38.7159121459996,1.8157894736842104,2.673684210526316,0.3684210526315789
43.70699007083024,1.8157894736842104,2.673684210526316,0.4210526315789473
49.10998223406863,1.8157894736842104,2.673684210526316,0.4736842105263157
54.776554219311805,1.8157894736842104,2.673684210526316,0.5263157894736842
60.60728090630149,1.8157894736842104,2.673684210526316,0.5789473684210527
66.5335852161181,1.8157894736842104,2.673684210526316,0.631578947368421
72.50717639188204,1.8157894736842104,2.673684210526316,0.6842105263157894
78.49357525051788,1.8157894736842104,2.673684210526316,0.7368421052631579
84.46797115023963,1.8157894736842104,2.673684210526316,0.7894736842105263
90.41247119937528,1.8157894736842104,2.673684210526316,0.8421052631578947
96.31421691590118,1.8157894736842104,2.673684210526316,0.894736842105263
102.1640622025878,1.8157894736842104,2.673684210526316,0.9473684210526316
107.95562647668125,1.8157894736842104,2.673684210526316,1.0
119.43389815928974,1.8157894736842104,2.726315789473684,0.0
69.48191943095799,1.8157894736842104,2.726315789473684,0.0526315789473684
45.91713727078087,1.8157894736842104,2.726315789473684,0.1052631578947368
35.520802406638616,1.8157894736842104,2.726315789473684,0.1578947368421052
32.00140848106456,1.8157894736842104,2.726315789473684,0.2105263157894736
32.25975201534324,1.8157894736842104,2.726315789473684,0.2631578947368421
34.70486084579706,1.8157894736842104,2.726315789473684,0.3157894736842105
38.48403193508711,1.8157894736842104,2.726315789473684,0.3684210526315789
43.11266282980642,1.8157894736842104,2.726315789473684,0.4210526315789473
48.30245259953029,1.8157894736842104,2.726315789473684,0.4736842105263157
53.858448162342654,1.8157894736842104,2.726315789473684,0.5263157894736842
59.648702675221486,1.8157894736842104,2.726315789473684,0.5789473684210527
65.58309963699364,1.8157894736842104,2.726315789473684,0.631578947368421
71.59860155261303,1.8157894736842104,2.726315789473684,0.6842105263157894
77.65037142315003,1.8157894736842104,2.726315789473684,0.7368421052631579
83.70618380886717,1.8157894736842104,2.726315789473684,0.7894736842105263
89.74276514273247,1.8157894736842104,2.726315789473684,0.8421052631578947
95.74331644568603,1.8157894736842104,2.726315789473684,0.894736842105263
101.69579023772866,1.8157894736842104,2.726315789473684,0.9473684210526316
107.5916654581659,1.8157894736842104,2.726315789473684,1.0
177.2881688193339,1.8157894736842104,2.778947368421053,0.0
99.99772972119538,1.8157894736842104,2.778947368421053,0.0526315789473684
62.68286817365653,1.8157894736842104,2.778947368421053,0.1052631578947368
45.0370435390858,1.8157894736842104,2.778947368421053,0.1578947368421052
37.49379785622479,1.8157894736842104,2.778947368421053,0.2105263157894736
35.402886235758515,1.8157894736842104,2.778947368421053,0.2631578947368421
36.412671141828994,1.8157894736842104,2.778947368421053,0.3157894736842105
39.281346109570464,1.8157894736842104,2.778947368421053,0.3684210526315789
43.31537523964632,1.8157894736842104,2.778947368421053,0.4210526315789473
48.10544887100888,1.8157894736842104,2.778947368421053,0.4736842105263157
53.40873880621741,1.8157894736842104,2.778947368421053,0.5263157894736842
59.04994398197654,1.8157894736842104,2.778947368421053,0.5789473684210527
64.9082415347144,1.8157894736842104,2.778947368421053,0.631578947368421
70.89963404530216,1.8157894736842104,2.778947368421053,0.6842105263157894
76.96456282312339,1.8157894736842104,2.778947368421053,0.7368421052631579
83.06023372197244,1.8157894736842104,2.778947368421053,0.7894736842105263
89.15566060375392,1.8157894736842104,2.778947368421053,0.8421052631578947
95.22834818718734,1.8157894736842104,2.778947368421053,0.894736842105263
101.26200589052516,1.8157894736842104,2.778947368421053,0.9473684210526316
107.24493427860516,1.8157894736842104,2.778947368421053,1.0
265.9686974642532,1.8157894736842104,2.8315789473684214,0.0
146.86926284522235,1.8157894736842104,2.8315789473684214,0.0526315789473684
88.71553693531865,1.8157894736842104,2.8315789473684214,0.1052631578947368
60.18077266718155,1.8157894736842104,2.8315789473684214,0.1578947368421052
46.63513212047313,1.8157894736842104,2.8315789473684214,0.2105263157894736
41.04797805247494,1.8157894736842104,2.8315789473684214,0.2631578947368421
39.91471116998293,1.8157894736842104,2.8315789473684214,0.3157894736842105
41.40851623578693,1.8157894736842104,2.8315789473684214,0.3684210526315789
44.53495012288198,1.8157894736842104,2.8315789473684214,0.4210526315789473
48.71052974668656,1.8157894736842104,2.8315789473684214,0.4736842105263157
53.57970313991459,1.8157894736842104,2.8315789473684214,0.5263157894736842
58.93147716121436,1.8157894736842104,2.8315789473684214,0.5789473684210527
64.60527692219019,1.8157894736842104,2.8315789473684214,0.631578947368421
70.48779317784287,1.8157894736842104,2.8315789473684214,0.6842105263157894
76.49895114921739,1.8157894736842104,2.8315789473684214,0.7368421052631579
82.5812415463567,1.8157894736842104,2.8315789473684214,0.7894736842105263
88.69292431105437,1.8157894736842104,2.8315789473684214,0.8421052631578947
94.80353266212316,1.8157894736842104,2.8315789473684214,0.894736842105263
100.89080354457984,1.8157894736842104,2.8315789473684214,0.9473684210526316
106.93852733180108,1.8157894736842104,2.8315789473684214,1.0
400.7182367088849,1.8157894736842104,2.8842105263157896,0.0
217.6980555492326,1.8157894736842104,2.8842105263157896,0.0526315789473684
128.01605248408072,1.8157894736842104,2.8842105263157896,0.1052631578947368
83.19762852271904,1.8157894736842104,2.8842105263157896,0.1578947368421052
60.77681322415415,1.8157894736842104,2.8842105263157896,0.2105263157894736
50.065482878406975,1.8157894736842104,2.8842105263157896,0.2631578947368421
45.80403781606866,1.8157894736842104,2.8842105263157896,0.3157894736842105
45.29297976549324,1.8157894736842104,2.8842105263157896,0.3684210526315789
47.07798285328943,1.8157894736842104,2.8842105263157896,0.4210526315789473
50.33807919413249,1.8157894736842104,2.8842105263157896,0.4736842105263157
54.56896715592174,1.8157894736842104,2.8842105263157896,0.5263157894736842
59.45424963349526,1.8157894736842104,2.8842105263157896,0.5789473684210527
64.8031199355401,1.8157894736842104,2.8842105263157896,0.631578947368421
70.46728060500429,1.8157894736842104,2.8842105263157896,0.6842105263157894
76.33838561758485,1.8157894736842104,2.8842105263157896,0.7368421052631579
82.33871910283105,1.8157894736842104,2.8842105263157896,0.7894736842105263
88.41179321632012,1.8157894736842104,2.8842105263157896,0.8421052631578947
94.51620233662976,1.8157894736842104,2.8842105263157896,0.894736842105263
100.62146808925527,1.8157894736842104,2.8842105263157896,0.9473684210526316
106.7051514285476,1.8157894736842104,2.8842105263157896,1.0
604.7592926392176,1.8157894736842104,2.936842105263158,0.0
323.90729692034137,1.8157894736842104,2.936842105263158,0.0526315789473684
186.4887547547204,1.8157894736842104,2.936842105263158,0.1052631578947368
117.33256669539216,1.8157894736842104,2.936842105263158,0.1578947368421052
81.82921310837217,1.8157894736842104,2.936842105263158,0.2105263157894736
63.661020985938485,1.8157894736842104,2.936842105263158,0.2631578947368421
54.89124180792364,1.8157894736842104,2.936842105263158,0.3157894736842105
51.50460049384824,1.8157894736842104,2.936842105263158,0.3684210526315789
51.37120260219476,1.8157894736842104,2.936842105263158,0.4210526315789473
53.30367069902708,1.8157894736842104,2.936842105263158,0.4736842105263157
56.6021396100512,1.8157894736842104,2.936842105263158,0.5263157894736842
60.82060877518391,1.8157894736842104,2.936842105263158,0.5789473684210527
65.67190901660913,1.8157894736842104,2.936842105263158,0.631578947368421
70.97581546304154,1.8157894736842104,2.936842105263158,0.6842105263157894
76.59528804981636,1.8157894736842104,2.936842105263158,0.7368421052631579
82.42508853384967,1.8157894736842104,2.936842105263158,0.7894736842105263
88.3887085136142,1.8157894736842104,2.936842105263158,0.8421052631578947
94.4299145227421,1.8157894736842104,2.936842105263158,0.894736842105263
100.507090841836,1.8157894736842104,2.936842105263158,0.9473684210526316
106.589340150182,1.8157894736842104,2.936842105263158,1.0
913.5560510606769,1.8157894736842104,2.9894736842105267,0.0
482.6841147153828,1.8157894736842104,2.9894736842105267,0.0526315789473684
272.8767639375696,1.8157894736842104,2.9894736842105267,0.1052631578947368
167.30012026482635,1.8157894736842104,2.9894736842105267,0.1578947368421052
112.50629192136724,1.8157894736842104,2.9894736842105267,0.2105263157894736
83.51024331081265,1.8157894736842104,2.9894736842105267,0.2631578947368421
68.2816275545205,1.8157894736842104,2.9894736842105267,0.3157894736842105
60.81480794486047,1.8157894736842104,2.9894736842105267,0.3684210526315789
57.974211830327,1.8157894736842104,2.9894736842105267,0.4210526315789473
58.0357287369652,1.8157894736842104,2.9894736842105267,0.4736842105263157
60.00498046871331,1.8157894736842104,2.9894736842105267,0.5263157894736842
63.2662924011256,1.8157894736842104,2.9894736842105267,0.5789473684210527
67.4172325511068,1.8157894736842104,2.9894736842105267,0.631578947368421
72.19267423458354,1.8157894736842104,2.9894736842105267,0.6842105263157894
77.41667172541553,1.8157894736842104,2.9894736842105267,0.7368421052631579
82.96139752371415,1.8157894736842104,2.9894736842105267,0.7894736842105263
88.72401947871718,1.8157894736842104,2.9894736842105267,0.8421052631578947
94.6283591774978,1.8157894736842104,2.9894736842105267,0.894736842105263
100.617843180161,1.8157894736842104,2.9894736842105267,0.9473684210526316
106.6502170115512,1.8157894736842104,2.9894736842105267,1.0
1381.6198764290075,1.8157894736842104,3.042105263157895,0.0
720.1093534815982,1.8157894736842104,3.042105263157895,0.0526315789473684
400.1672081558371,1.8157894736842104,3.042105263157895,0.1052631578947368
239.936276654017,1.8157894736842104,3.042105263157895,0.1578947368421052
156.6688485615309,1.8157894736842104,3.042105263157895,0.2105263157894736
111.95301038507364,1.8157894736842104,3.042105263157895,0.2631578947368421
87.48762682950534,1.8157894736842104,3.042105263157895,0.3157894736842105
74.26148479949859,1.8157894736842104,3.042105263157895,0.3684210526315789
67.63347877421161,1.8157894736842104,3.042105263157895,0.4210526315789473
65.09400461592838,1.8157894736842104,3.042105263157895,0.4736842105263157
65.21106259721111,1.8157894736842104,3.042105263157895,0.5263157894736842
67.1280155503675,1.8157894736842104,3.042105263157895,0.5789473684210527
70.29017177232572,1.8157894736842104,3.042105263157895,0.631578947368421
74.3271090366233,1.8157894736842104,3.042105263157895,0.6842105263157894
78.98974017267197,1.8157894736842104,3.042105263157895,0.7368421052631579
84.10454933740272,1.8157894736842104,3.042105263157895,0.7894736842105263
89.54790906176737,1.8157894736842104,3.042105263157895,0.8421052631578947
95.22026338659974,1.8157894736842104,3.042105263157895,0.894736842105263
101.04507135827978,1.8157894736842104,3.042105263157895,0.9473684210526316
106.96494119059646,1.8157894736842104,3.042105263157895,1.0
2092.8758323454263,1.8157894736842104,3.094736842105263,0.0
1075.9493925655338,1.8157894736842104,3.094736842105263,0.0526315789473684
587.9257206350279,1.8157894736842104,3.094736842105263,0.1052631578947368
345.3313652820923,1.8157894736842104,3.094736842105263,0.1578947368421052
219.8226826870345,1.8157894736842104,3.094736842105263,0.2105263157894736
152.21876304508433,1.8157894736842104,3.094736842105263,0.2631578947368421
114.56627092148936,1.8157894736842104,3.094736842105263,0.3157894736842105
93.2425564355564,1.8157894736842104,3.094736842105263,0.3684210526315789
81.34358334715706,1.8157894736842104,3.094736842105263,0.4210526315789473
75.21068901745704,1.8157894736842104,3.094736842105263,0.4736842105263157
72.78530515656159,1.8157894736842104,3.094736842105263,0.5263157894736842
72.84788523784512,1.8157894736842104,3.094736842105263,0.5789473684210527
74.63880891496555,1.8157894736842104,3.094736842105263,0.631578947368421
77.64907327192422,1.8157894736842104,3.094736842105263,0.6842105263157894
81.53141204936033,1.8157894736842104,3.094736842105263,0.7368421052631579
86.04830486300965,1.8157894736842104,3.094736842105263,0.7894736842105263
91.0278628141115,1.8157894736842104,3.094736842105263,0.8421052631578947
96.34554869730177,1.8157894736842104,3.094736842105263,0.894736842105263
101.9064190317724,1.8157894736842104,3.094736842105263,0.9473684210526316
107.63300408103773,1.8157894736842104,3.094736842105263,1.0
3176.869380219008,1.8157894736842104,3.147368421052632,0.0
1610.983678867077,1.8157894736842104,3.147368421052632,0.0526315789473684
865.6668789340687,1.8157894736842104,3.147368421052632,0.1052631578947368
498.4863684387276,1.8157894736842104,3.147368421052632,0.1578947368421052
310.034395542992,1.8157894736842104,3.147368421052632,0.2105263157894736
208.918453470084,1.8157894736842104,3.147368421052632,0.2631578947368421
152.31924730372717,1.8157894736842104,3.147368421052632,0.3157894736842105
119.589634559174,1.8157894736842104,3.147368421052632,0.3684210526315789
100.4012443860094,1.8157894736842104,3.147368421052632,0.4210526315789473
89.34973339108389,1.8157894736842104,3.147368421052632,0.4736842105263157
83.45705102550423,1.8157894736842104,3.147368421052632,0.5263157894736842
80.99883808569534,1.8157894736842104,3.147368421052632,0.5789473684210527
80.91674728666736,1.8157894736842104,3.147368421052632,0.631578947368421
82.51882082861232,1.8157894736842104,3.147368421052632,0.6842105263157894
85.33072722781932,1.8157894736842104,3.147368421052632,0.7368421052631579
89.02179960818788,1.8157894736842104,3.147368421052632,0.7894736842105263
93.36266136387364,1.8157894736842104,3.147368421052632,0.8421052631578947
98.18243593926162,1.8157894736842104,3.147368421052632,0.894736842105263
103.35223889346744,1.8157894736842104,3.147368421052632,0.9473684210526316
108.78158867126614,1.8157894736842104,3.147368421052632,1.0
4834.063391498302,1.8157894736842104,3.2,0.0
2418.435205109527,1.8157894736842104,3.2,0.0526315789473684
1278.1086832679773,1.8157894736842104,3.2,0.1052631578947368
721.7630063018148,1.8157894736842104,3.2,0.1578947368421052
439.0974849975184,1.8157894736842104,3.2,0.2105263157894736
288.6788820160094,1.8157894736842104,3.2,0.2631578947368421
204.73139518959908,1.8157894736842104,3.2,0.3157894736842105
155.84665869833603,1.8157894736842104,3.2,0.3684210526315789
126.50796633821496,1.8157894736842104,3.2,0.4210526315789473
108.71815669722098,1.8157894736842104,3.2,0.4736842105263157
98.14467585216704,1.8157894736842104,3.2,0.5263157894736842
92.3079269290584,1.8157894736842104,3.2,0.5789473684210527
89.70814389287032,1.8157894736842104,3.2,0.631578947368421
89.40413847920149,1.8157894736842104,3.2,0.6842105263157894
90.76191556496318,1.8157894736842104,3.2,0.7368421052631579
93.33312059872668,1.8157894736842104,3.2,0.7894736842105263
96.7988151224378,1.8157894736842104,3.2,0.8421052631578947
100.9348901477614,1.8157894736842104,3.2,0.894736842105263
105.57004346431437,1.8157894736842104,3.2,0.9473684210526316
110.56966805335912,1.8157894736842104,3.2,1.0
79.41282126910528,1.9210526315789476,2.2,0.0
68.16615144845208,1.9210526315789476,2.2,0.0526315789473684
61.84758238215304,1.9210526315789476,2.2,0.1052631578947368
58.8128939271082,1.9210526315789476,2.2,0.1578947368421052
57.887984533560136,1.9210526315789476,2.2,0.2105263157894736
58.32964446863435,1.9210526315789476,2.2,0.2631578947368421
59.74613602809763,1.9210526315789476,2.2,0.3157894736842105
61.868214777160766,1.9210526315789476,2.2,0.3684210526315789
64.5079469031887,1.9210526315789476,2.2,0.4210526315789473
67.53904665197012,1.9210526315789476,2.2,0.4736842105263157
70.86549239891704,1.9210526315789476,2.2,0.5263157894736842
74.44584638748351,1.9210526315789476,2.2,0.5789473684210527
78.2369281025316,1.9210526315789476,2.2,0.631578947368421
82.19263646824265,1.9210526315789476,2.2,0.6842105263157894
86.27707865028873,1.9210526315789476,2.2,0.7368421052631579
90.46199120415488,1.9210526315789476,2.2,0.7894736842105263
94.72489204591734,1.9210526315789476,2.2,0.8421052631578947
99.04773791033776,1.9210526315789476,2.2,0.894736842105263
103.4159359994248,1.9210526315789476,2.2,0.9473684210526316
107.81760695188024,1.9210526315789476,2.2,1.0
65.76660634728174,1.9210526315789476,2.2526315789473688,0.0
57.04635418296633,1.9210526315789476,2.2526315789473688,0.0526315789473684
52.64380345001445,1.9210526315789476,2.2526315789473688,0.1052631578947368
51.043490574453465,1.9210526315789476,2.2526315789473688,0.1578947368421052
51.16339432918576,1.9210526315789476,2.2526315789473688,0.2105263157894736
52.45674915116082,1.9210526315789476,2.2526315789473688,0.2631578947368421
54.579965037169686,1.9210526315789476,2.2526315789473688,0.3157894736842105
57.298642798339,1.9210526315789476,2.2526315789473688,0.3684210526315789
60.45681102980016,1.9210526315789476,2.2526315789473688,0.4210526315789473
63.94386541360977,1.9210526315789476,2.2526315789473688,0.4736842105263157
67.70963745101916,1.9210526315789476,2.2526315789473688,0.5263157894736842
71.69544254612714,1.9210526315789476,2.2526315789473688,0.5789473684210527
75.84953658930036,1.9210526315789476,2.2526315789473688,0.631578947368421
80.1322268259582,1.9210526315789476,2.2526315789473688,0.6842105263157894
84.51270270122633,1.9210526315789476,2.2526315789473688,0.7368421052631579
88.96679572592622,1.9210526315789476,2.2526315789473688,0.7894736842105263
93.47537240047993,1.9210526315789476,2.2526315789473688,0.8421052631578947
98.02316501992377,1.9210526315789476,2.2526315789473688,0.894736842105263
102.59790960042268,1.9210526315789476,2.2526315789473688,0.9473684210526316
107.18970207848672,1.9210526315789476,2.2526315789473688,1.0
54.81842120161551,1.9210526315789476,2.305263157894737,0.0
47.80858238543596,1.9210526315789476,2.305263157894737,0.0526315789473684
44.7875248251292,1.9210526315789476,2.305263157894737,0.1052631578947368
44.19810152548364,1.9210526315789476,2.305263157894737,0.1578947368421052
45.136336280679295,1.9210526315789476,2.305263157894737,0.2105263157894736
47.1186072482266,1.9210526315789476,2.305263157894737,0.2631578947368421
49.828738240723375,1.9210526315789476,2.305263157894737,0.3157894736842105
53.06023269375594,1.9210526315789476,2.305263157894737,0.3684210526315789
56.67807966799643,1.9210526315789476,2.305263157894737,0.4210526315789473
60.61210321434832,1.9210526315789476,2.305263157894737,0.4736842105263157
64.7854054220187,1.9210526315789476,2.305263157894737,0.5263157894736842
69.13743489224706,1.9210526315789476,2.305263157894737,0.5789473684210527
73.62255207719183,1.9210526315789476,2.305263157894737,0.631578947368421
78.20591476335561,1.9210526315789476,2.305263157894737,0.6842105263157894
82.86062655177943,1.9210526315789476,2.305263157894737,0.7368421052631579
87.56572527526814,1.9210526315789476,2.305263157894737,0.7894736842105263
92.3047410478041,1.9210526315789476,2.305263157894737,0.8421052631578947
97.06464733780471,1.9210526315789476,2.305263157894737,0.894736842105263
101.83508744551912,1.9210526315789476,2.305263157894737,0.9473684210526316
106.607796734454,1.9210526315789476,2.305263157894737,1.0
46.5647099275887,1.9210526315789476,2.357894736842105,0.0
40.42419506494673,1.9210526315789476,2.357894736842105,0.0526315789473684
38.196735659406286,1.9210526315789476,2.357894736842105,0.1052631578947368
38.25606275428013,1.9210526315789476,2.357894736842105,0.1578947368421052
39.78452935972567,1.9210526315789476,2.357894736842105,0.2105263157894736
42.29333502077501,1.9210526315789476,2.357894736842105,0.2631578947368421
45.47655516733598,1.9210526315789476,2.357894736842105,0.3157894736842105
49.14973539653819,1.9210526315789476,2.357894736842105,0.3684210526315789
53.20349141111557,1.9210526315789476,2.357894736842105,0.4210526315789473
57.53499484564643,1.9210526315789476,2.357894736842105,0.4736842105263157
62.06875535246838,1.9210526315789476,2.357894736842105,0.5263157894736842
66.74914185808359,1.9210526315789476,2.357894736842105,0.5789473684210527
71.53453592877372,1.9210526315789476,2.357894736842105,0.631578947368421
76.39340883166096,1.9210526315789476,2.357894736842105,0.6842105263157894
81.30162522311231,1.9210526315789476,2.357894736842105,0.7368421052631579
86.24055133680226,1.9210526315789476,2.357894736842105,0.7894736842105263
91.19570362991156,1.9210526315789476,2.357894736842105,0.8421052631578947
96.1557680502541,1.9210526315789476,2.357894736842105,0.894736842105263
101.1118780468864,1.9210526315789476,2.357894736842105,0.9473684210526316
106.05707611048922,1.9210526315789476,2.357894736842105,1.0
41.22517249545877,1.9210526315789476,2.4105263157894736,0.0
34.983187541405364,1.9210526315789476,2.4105263157894736,0.0526315789473684
32.90548613925605,1.9210526315789476,2.4105263157894736,0.1052631578947368
33.253031098422994,1.9210526315789476,2.4105263157894736,0.1578947368421052
35.12592299130417,1.9210526315789476,2.4105263157894736,0.2105263157894736
37.99238784463535,1.9210526315789476,2.4105263157894736,0.2631578947368421
41.55116055240517,1.9210526315789476,2.4105263157894736,0.3157894736842105
45.61335045467997,1.9210526315789476,2.4105263157894736,0.3684210526315789
50.03048339798175,1.9210526315789476,2.4105263157894736,0.4210526315789473
54.69919000907388,1.9210526315789476,2.4105263157894736,0.4736842105263157
59.545691133413904,1.9210526315789476,2.4105263157894736,0.5263157894736842
64.51624816965412,1.9210526315789476,2.4105263157894736,0.5789473684210527
69.5710851940065,1.9210526315789476,2.4105263157894736,0.631578947368421
74.68038518712694,1.9210526315789476,2.4105263157894736,0.6842105263157894
79.82157461479962,1.9210526315789476,2.4105263157894736,0.7368421052631579
84.97743619072699,1.9210526315789476,2.4105263157894736,0.7894736842105263
90.13476988104604,1.9210526315789476,2.4105263157894736,0.8421052631578947
95.28342598243916,1.9210526315789476,2.4105263157894736,0.894736842105263
100.41559611020008,1.9210526315789476,2.4105263157894736,0.9473684210526316
105.52528624059242,1.9210526315789476,2.4105263157894736,1.0
39.279952359052736,1.9210526315789476,2.463157894736842,0.0
31.689303717848684,1.9210526315789476,2.463157894736842,0.0526315789473684
29.06802424001707,1.9210526315789476,2.463157894736842,0.1052631578947368
29.28862995099345,1.9210526315789476,2.463157894736842,0.1578947368421052
31.228118073412716,1.9210526315789476,2.463157894736842,0.2105263157894736
34.294988823766495,1.9210526315789476,2.463157894736842,0.2631578947368421
38.12315469030919,1.9210526315789476,2.463157894736842,0.3157894736842105
42.46650763240465,1.9210526315789476,2.463157894736842,0.3684210526315789
47.16372836130999,1.9210526315789476,2.463157894736842,0.4210526315789473
52.10503988288406,1.9210526315789476,2.463157894736842,0.4736842105263157
57.213472474553214,1.9210526315789476,2.463157894736842,0.5263157894736842
62.43378975596222,1.9210526315789476,2.463157894736842,0.5789473684210527
67.72564178862292,1.9210526315789476,2.463157894736842,0.631578947368421
73.05915802651786,1.9210526315789476,2.463157894736842,0.6842105263157894
78.4120110853961,1.9210526315789476,2.463157894736842,0.7368421052631579
83.76740307607888,1.9210526315789476,2.463157894736842,0.7894736842105263
89.11265109927537,1.9210526315789476,2.463157894736842,0.8421052631578947
94.4381735811122,1.9210526315789476,2.463157894736842,0.894736842105263
99.73675154956712,1.9210526315789476,2.463157894736842,0.9473684210526316
105.00298250015732,1.9210526315789476,2.463157894736842,1.0
41.56245239077438,1.9210526315789476,2.515789473684211,0.0
30.98578556927698,1.9210526315789476,2.515789473684211,0.0526315789473684
26.96270330417553,1.9210526315789476,2.515789473684211,0.1052631578947368
26.537780313840923,1.9210526315789476,2.515789473684211,0.1578947368421052
28.25930585800837,1.9210526315789476,2.515789473684211,0.2105263157894736
31.31914213413066,1.9210526315789476,2.515789473684211,0.2631578947368421
35.245838862160454,1.9210526315789476,2.515789473684211,0.3157894736842105
39.74487293244413,1.9210526315789476,2.515789473684211,0.3684210526315789
44.62760477843394,1.9210526315789476,2.515789473684211,0.4210526315789473
49.7687920363678,1.9210526315789476,2.515789473684211,0.4736842105263157
55.08236468961307,1.9210526315789476,2.515789473684211,0.5263157894736842
60.50756861992047,1.9210526315789476,2.515789473684211,0.5789473684210527
66.00064970379412,1.9210526315789476,2.515789473684211,0.631578947368421
71.5296351506393,1.9210526315789476,2.515789473684211,0.6842105263157894
77.07092707276357,1.9210526315789476,2.515789473684211,0.7368421052631579
82.60700356006355,1.9210526315789476,2.515789473684211,0.7894736842105263
88.12482374236578,1.9210526315789476,2.515789473684211,0.8421052631578947
93.61469589021266,1.9210526315789476,2.515789473684211,0.894736842105263
99.0694589919354,1.9210526315789476,2.515789473684211,0.9473684210526316
104.4838817308875,1.9210526315789476,2.515789473684211,1.0
49.395442736446064,1.9210526315789476,2.568421052631579,0.0
33.62143578752248,1.9210526315789476,2.568421052631579,0.0526315789473684
27.01715417316637,1.9210526315789476,2.568421052631579,0.1052631578947368
25.330933026887877,1.9210526315789476,2.568421052631579,0.1578947368421052
26.42477337334218,1.9210526315789476,2.568421052631579,0.2105263157894736
29.19245142020261,1.9210526315789476,2.568421052631579,0.2631578947368421
33.0101879373584,1.9210526315789476,2.568421052631579,0.3157894736842105
37.51415206535455,1.9210526315789476,2.568421052631579,0.3684210526315789
42.47011518170436,1.9210526315789476,2.568421052631579,0.4210526315789473
47.72563268339475,1.9210526315789476,2.568421052631579,0.4736842105263157
53.17804838723727,1.9210526315789476,2.568421052631579,0.5263157894736842
58.756091396486674,1.9210526315789476,2.568421052631579,0.5789473684210527
64.40913417916194,1.9210526315789476,2.568421052631579,0.631578947368421
70.10061786346792,1.9210526315789476,2.568421052631579,0.6842105263157894
75.80385076365133,1.9210526315789476,2.568421052631579,0.7368421052631579
81.49922145564541,1.9210526315789476,2.568421052631579,0.7894736842105263
87.17229168479362,1.9210526315789476,2.568421052631579,0.8421052631578947
92.81245764861738,1.9210526315789476,2.568421052631579,0.894736842105263
98.4119905590798,1.9210526315789476,2.568421052631579,0.9473684210526316
103.96533726440953,1.9210526315789476,2.568421052631579,1.0
64.91201572988626,1.9210526315789476,2.6210526315789475,0.0
40.76357318634315,1.9210526315789476,2.6210526315789475,0.0526315789473684
29.95040677059643,1.9210526315789476,2.6210526315789475,0.1052631578947368
26.07175056086536,1.9210526315789476,2.6210526315789475,0.1578947368421052
25.98749023465202,1.9210526315789476,2.6210526315789475,0.2105263157894736
28.097230912375665,1.9210526315789476,2.6210526315789475,0.2631578947368421
31.55569047411347,1.9210526315789476,2.6210526315789475,0.3157894736842105
35.877215635080425,1.9210526315789476,2.6210526315789475,0.3684210526315789
40.768250407422926,1.9210526315789476,2.6210526315789475,0.4210526315789473
46.03392051295991,1.9210526315789476,2.6210526315789475,0.4736842105263157
51.545105618763486,1.9210526315789476,2.6210526315789475,0.5263157894736842
57.21354096702274,1.9210526315789476,2.6210526315789475,0.5789473684210527
62.9772974380469,1.9210526315789476,2.6210526315789475,0.631578947368421
68.79209800790808,1.9210526315789476,2.6210526315789475,0.6842105263157894
74.62588170414544,1.9210526315789476,2.6210526315789475,0.7368421052631579
80.45525974064311,1.9210526315789476,2.6210526315789475,0.7894736842105263
86.2631244822094,1.9210526315789476,2.6210526315789475,0.8421052631578947
92.03698998358932,1.9210526315789476,2.6210526315789475,0.894736842105263
97.76781355458044,1.9210526315789476,2.6210526315789475,0.9473684210526316
103.4491432291573,1.9210526315789476,2.6210526315789475,1.0
91.3849848555726,1.9210526315789476,2.673684210526316,0.0
54.20401095951888,1.9210526315789476,2.673684210526316,0.0526315789473684
36.75761199598423,1.9210526315789476,2.673684210526316,0.1052631578947368
29.35078453819683,1.9210526315789476,2.673684210526316,0.1578947368421052
27.309041573431998,1.9210526315789476,2.673684210526316,0.2105263157894736
28.29078780560888,1.9210526315789476,2.673684210526316,0.2631578947368421
31.074428922114443,1.9210526315789476,2.673684210526316,0.3157894736842105
34.98641601406346,1.9210526315789476,2.673684210526316,0.3684210526315789
39.63853177918978,1.9210526315789476,2.673684210526316,0.4210526315789473
44.78423804924354,1.9210526315789476,2.673684210526316,0.4736842105263157
50.25484657380475,1.9210526315789476,2.673684210526316,0.5263157894736842
55.93657896357618,1.9210526315789476,2.673684210526316,0.5789473684210527
61.75048092314093,1.9210526315789476,2.673684210526316,0.631578947368421
67.6405632608371,1.9210526315789476,2.673684210526316,0.6842105263157894
73.56652096013846,1.9210526315789476,2.673684210526316,0.7368421052631579
79.49906604021785,1.9210526315789476,2.673684210526316,0.7894736842105263
85.41682258478356,1.9210526315789476,2.673684210526316,0.8421052631578947
91.30419625248558,1.9210526315789476,2.673684210526316,0.894736842105263
97.14987523236434,1.9210526315789476,2.673684210526316,0.9473684210526316
102.94575387523147,1.9210526315789476,2.673684210526316,1.0
133.79224964104608,1.9210526315789476,2.726315789473684,0.0
76.52959260417828,1.9210526315789476,2.726315789473684,0.0526315789473684
48.87612044339625,1.9210526315789476,2.726315789473684,0.1052631578947368
36.028968246152544,1.9210526315789476,2.726315789473684,0.1578947368421052
30.939299181305664,1.9210526315789476,2.726315789473684,0.2105263157894736
30.13201686747219,1.9210526315789476,2.726315789473684,0.2631578947368421
31.81917928916127,1.9210526315789476,2.726315789473684,0.3157894736842105
35.041084543668326,1.9210526315789476,2.726315789473684,0.3684210526315789
39.24183814376583,1.9210526315789476,2.726315789473684,0.4210526315789473
44.10067030996583,1.9210526315789476,2.726315789473684,0.4736842105263157
49.40425977607684,1.9210526315789476,2.726315789473684,0.5263157894736842
55.00176706344879,1.9210526315789476,2.726315789473684,0.5789473684210527
60.7895709767669,1.9210526315789476,2.726315789473684,0.631578947368421
66.69470947574605,1.9210526315789476,2.726315789473684,0.6842105263157894
72.66489044512075,1.9210526315789476,2.726315789473684,0.7368421052631579
78.66219238092717,1.9210526315789476,2.726315789473684,0.7894736842105263
84.65893131239072,1.9210526315789476,2.726315789473684,0.8421052631578947
90.63485699456422,1.9210526315789476,2.726315789473684,0.894736842105263
96.57519816695788,1.9210526315789476,2.726315789473684,0.9473684210526316
102.46926933347449,1.9210526315789476,2.726315789473684,1.0
199.57650351170585,1.9210526315789476,2.778947368421053,0.0
111.56965321932128,1.9210526315789476,2.778947368421053,0.0526315789473684
68.40294382343454,1.9210526315789476,2.778947368421053,0.1052631578947368
47.33591629660682,1.9210526315789476,2.778947368421053,0.1578947368421052
37.65087521160204,1.9210526315789476,2.778947368421053,0.2105263157894736
34.13417212991035,1.9210526315789476,2.778947368421053,0.2631578947368421
34.1461908658163,1.9210526315789476,2.778947368421053,0.3157894736842105
36.28781581504529,1.9210526315789476,2.778947368421053,0.3684210526315789
39.77984654899864,1.9210526315789476,2.778947368421053,0.4210526315789473
44.150632048639146,1.9210526315789476,2.778947368421053,0.4736842105263157
49.12465945838931,1.9210526315789476,2.778947368421053,0.5263157894736842
54.51331863959484,1.9210526315789476,2.778947368421053,0.5789473684210527
60.17801301100943,1.9210526315789476,2.778947368421053,0.631578947368421
66.02181249159297,1.9210526315789476,2.778947368421053,0.6842105263157894
71.97551866177011,1.9210526315789476,2.778947368421053,0.7368421052631579
77.98901670479275,1.9210526315789476,2.778947368421053,0.7894736842105263
84.02567917204398,1.9210526315789476,2.778947368421053,0.8421052631578947
90.05861291301697,1.9210526315789476,2.778947368421053,0.894736842105263
96.06806673322784,1.9210526315789476,2.778947368421053,0.9473684210526316
102.03959742718769,1.9210526315789476,2.778947368421053,1.0
299.9858248248429,1.9210526315789476,2.8315789473684214,0.0
165.02584374397668,1.9210526315789476,2.8315789473684214,0.0526315789473684
98.40089859798522,1.9210526315789476,2.8315789473684214,0.1052631578947368
65.03119357447221,1.9210526315789476,2.8315789473684214,0.1578947368421052
48.52820371311834,1.9210526315789476,2.8315789473684214,0.2105263157894736
41.01127036874882,1.9210526315789476,2.8315789473684214,0.2631578947368421
38.54818827434857,1.9210526315789476,2.8315789473684214,0.3157894736842105
39.08595773499217,1.9210526315789476,2.8315789473684214,0.3684210526315789
41.50152371977983,1.9210526315789476,2.8315789473684214,0.4210526315789473
45.14019535725563,1.9210526315789476,2.8315789473684214,0.4736842105263157
49.59257905293724,1.9210526315789476,2.8315789473684214,0.5263157894736842
54.61167806282765,1.9210526315789476,2.8315789473684214,0.5789473684210527
60.02868558558574,1.9210526315789476,2.8315789473684214,0.631578947368421
65.71335318173155,1.9210526315789476,2.8315789473684214,0.6842105263157894
71.5730470177465,1.9210526315789476,2.8315789473684214,0.7368421052631579
77.54078110497461,1.9210526315789476,2.8315789473684214,0.7894736842105263
83.56754912804273,1.9210526315789476,2.8315789473684214,0.8421052631578947
89.61724180098233,1.9210526315789476,2.8315789473684214,0.894736842105263
95.66316954465334,1.9210526315789476,2.8315789473684214,0.9473684210526316
101.68562118106148,1.9210526315789476,2.8315789473684214,1.0
452.0941221921733,1.9210526315789476,2.8842105263157896,0.0
245.42500609937088,1.9210526315789476,2.8842105263157896,0.0526315789473684
143.36411115083118,1.9210526315789476,2.8842105263157896,0.1052631578947368
91.64219160678591,1.9210526315789476,2.8842105263157896,0.1578947368421052
65.09606055219503,1.9210526315789476,2.8842105263157896,0.2105263157894736
51.74835320573523,1.9210526315789476,2.8842105263157896,0.2631578947368421
45.70020927933443,1.9210526315789476,2.8842105263157896,0.3157894736842105
43.92021855397493,1.9210526315789476,2.8842105263157896,0.3684210526315789
44.77088067739288,1.9210526315789476,2.8842105263157896,0.4210526315789473
47.32573683264909,1.9210526315789476,2.8842105263157896,0.4736842105263157
51.0171261808363,1.9210526315789476,2.8842105263157896,0.5263157894736842
55.48172211505259,1.9210526315789476,2.8842105263157896,0.5789473684210527
60.49143436107542,1.9210526315789476,2.8842105263157896,0.631578947368421
65.8910618596494,1.9210526315789476,2.8842105263157896,0.6842105263157894
71.55714352358673,1.9210526315789476,2.8842105263157896,0.7368421052631579
77.3996309698817,1.9210526315789476,2.8842105263157896,0.7894736842105263
83.35263095924213,1.9210526315789476,2.8842105263157896,0.8421052631578947
89.36746471967587,1.9210526315789476,2.8842105263157896,0.894736842105263
95.40796659257865,1.9210526315789476,2.8842105263157896,0.9473684210526316
101.4472097476582,1.9210526315789476,2.8842105263157896,1.0
681.8580513630203,1.9210526315789476,2.936842105263158,0.0
365.53027942160384,1.9210526315789476,2.936842105263158,0.0526315789473684
209.9087322015626,1.9210526315789476,2.936842105263158,0.1052631578947368
130.81620220374066,1.9210526315789476,2.936842105263158,0.1578947368421052
89.50606144194106,1.9210526315789476,2.936842105263158,0.2105263157894736
67.70664562222375,1.9210526315789476,2.936842105263158,0.2631578947368421
56.52001056350736,1.9210526315789476,2.936842105263158,0.3157894736842105
51.43995098577842,1.9210526315789476,2.936842105263158,0.3684210526315789
50.07253741077199,1.9210526315789476,2.936842105263158,0.4210526315789473
51.0778922131731,1.9210526315789476,2.936842105263158,0.4736842105263157
53.66756286348889,1.9210526315789476,2.936842105263158,0.5263157894736842
57.33765330519425,1.9210526315789476,2.936842105263158,0.5789473684210527
61.75819535075975,1.9210526315789476,2.936842105263158,0.631578947368421
66.71462554062045,1.9210526315789476,2.936842105263158,0.6842105263157894
72.05873747660418,1.9210526315789476,2.936842105263158,0.7368421052631579
77.67371838048314,1.9210526315789476,2.936842105263158,0.7894736842105263
83.47084124273492,1.9210526315789476,2.936842105263158,0.8421052631578947
89.38446677360527,1.9210526315789476,2.936842105263158,0.894736842105263
95.36565027851306,1.9210526315789476,2.936842105263158,0.9473684210526316
101.3777269262374,1.9210526315789476,2.936842105263158,1.0
1029.052196200069,1.9210526315789476,2.9894736842105267,0.0
544.597388313974,1.9210526315789476,2.9894736842105267,0.0526315789473684
307.781483243957,1.9210526315789476,2.9894736842105267,0.1052631578947368
187.8007012816652,1.9210526315789476,2.9894736842105267,0.1578947368421052
124.7983787744417,1.9210526315789476,2.9894736842105267,0.2105263157894736
90.77459617894652,1.9210526315789476,2.9894736842105267,0.2631578947368421
72.25628209524473,1.9210526315789476,2.9894736842105267,0.3157894736842105
62.51910915582369,1.9210526315789476,2.9894736842105267,0.3684210526315789
58.04171366826503,1.9210526315789476,2.9894736842105267,0.4210526315789473
56.88438411119996,1.9210526315789476,2.9894736842105267,0.4736842105263157
57.9224325642342,1.9210526315789476,2.9894736842105267,0.5263157894736842
60.4638187213984,1.9210526315789476,2.9894736842105267,0.5789473684210527
64.05214885719977,1.9210526315789476,2.9894736842105267,0.631578947368421
68.38165247617464,1.9210526315789476,2.9894736842105267,0.6842105263157894
73.24793110670774,1.9210526315789476,2.9894736842105267,0.7368421052631579
78.5036488494233,1.9210526315789476,2.9894736842105267,0.7894736842105263
84.03923291633447,1.9210526315789476,2.9894736842105267,0.8421052631578947
89.76631122076103,1.9210526315789476,2.9894736842105267,0.894736842105263
95.61884583836854,1.9210526315789476,2.9894736842105267,0.9473684210526316
101.54715684435456,1.9210526315789476,2.9894736842105267,1.0
1554.7300841184451,1.9210526315789476,3.042105263157895,0.0
811.8850739180657,1.9210526315789476,3.042105263157895,0.0526315789473684
451.59477512287935,1.9210526315789476,3.042105263157895,0.1052631578947368
270.26804699639536,1.9210526315789476,3.042105263157895,0.1578947368421052
175.25446249259952,1.9210526315789476,3.042105263157895,0.2105263157894736
123.53450550521724,1.9210526315789476,3.042105263157895,0.2631578947368421
94.5987356304832,1.9210526315789476,3.042105263157895,0.3157894736842105
78.33002089089068,1.9210526315789476,3.042105263157895,0.3684210526315789
69.5254927164155,1.9210526315789476,3.042105263157895,0.4210526315789473
65.37824443133063,1.9210526315789476,3.042105263157895,0.4736842105263157
64.27538144153542,1.9210526315789476,3.042105263157895,0.5263157894736842
65.24862360905982,1.9210526315789476,3.042105263157895,0.5789473684210527
67.67328481613886,1.9210526315789476,3.042105263157895,0.631578947368421
71.12865630657359,1.9210526315789476,3.042105263157895,0.6842105263157894
75.32647724326561,1.9210526315789476,3.042105263157895,0.7368421052631579
80.06961963954637,1.9210526315789476,3.042105263157895,0.7894736842105263
85.20867704037168,1.9210526315789476,3.042105263157895,0.8421052631578947
90.63947332842665,1.9210526315789476,3.042105263157895,0.894736842105263
96.2742346156918,1.9210526315789476,3.042105263157895,0.9473684210526316
102.04599694105032,1.9210526315789476,3.042105263157895,1.0
2352.8619648822832,1.9210526315789476,3.094736842105263,0.0
1211.9317574100205,1.9210526315789476,3.094736842105263,0.0526315789473684
663.2809729140095,1.9210526315789476,3.094736842105263,0.1052631578947368
389.5714552402728,1.9210526315789476,3.094736842105263,0.1578947368421052
247.111122887132,1.9210526315789476,3.094736842105263,0.2105263157894736
169.62891115302205,1.9210526315789476,3.094736842105263,0.2631578947368421
125.81238211162967,1.9210526315789476,3.094736842105263,0.3157894736842105
100.39385168188024,1.9210526315789476,3.094736842105263,0.3684210526315789
85.62704232926274,1.9210526315789476,3.094736842105263,0.4210526315789473
77.38910945866984,1.9210526315789476,3.094736842105263,0.4736842105263157
73.36604989146058,1.9210526315789476,3.094736842105263,0.5263157894736842
72.19525769389763,1.9210526315789476,3.094736842105263,0.5789473684210527
73.02207531403444,1.9210526315789476,3.094736842105263,0.631578947368421
75.27159044595822,1.9210526315789476,3.094736842105263,0.6842105263157894
78.54909032385142,1.9210526315789476,3.094736842105263,0.7368421052631579
82.57885439612097,1.9210526315789476,3.094736842105263,0.7894736842105263
87.16814152377047,1.9210526315789476,3.094736842105263,0.8421052631578947
92.1657813163378,1.9210526315789476,3.094736842105263,0.894736842105263
97.46833188842072,1.9210526315789476,3.094736842105263,0.9473684210526316
102.99010705494256,1.9210526315789476,3.094736842105263,1.0
3568.485512757258,1.9210526315789476,3.147368421052632,0.0
1812.7995022476932,1.9210526315789476,3.147368421052632,0.0526315789473684
975.9027253118498,1.9210526315789476,3.147368421052632,0.1052631578947368
562.5247406825652,1.9210526315789476,3.147368421052632,0.1578947368421052
349.42424231395484,1.9210526315789476,3.147368421052632,0.2105263157894736
234.27011475763655,1.9210526315789476,3.147368421052632,0.2631578947368421
169.1060113513914,1.9210526315789476,3.147368421052632,0.3157894736842105
130.7981870229996,1.9210526315789476,3.147368421052632,0.3684210526315789
107.7668971038668,1.9210526315789476,3.147368421052632,0.4210526315789473
93.94720387303391,1.9210526315789476,3.147368421052632,0.4736842105263157
85.99208018494289,1.9210526315789476,3.147368421052632,0.5263157894736842
81.94802210608587,1.9210526315789476,3.147368421052632,0.5789473684210527
80.61459910140312,1.9210526315789476,3.147368421052632,0.631578947368421
81.22507861862492,1.9210526315789476,3.147368421052632,0.6842105263157894
83.24778953163954,1.9210526315789476,3.147368421052632,0.7368421052631579
86.30666982461396,1.9210526315789476,3.147368421052632,0.7894736842105263
90.13477426275968,1.9210526315789476,3.147368421052632,0.8421052631578947
94.54149691141436,1.9210526315789476,3.147368421052632,0.894736842105263
99.37470940464942,1.9210526315789476,3.147368421052632,0.9473684210526316
104.52675244354764,1.9210526315789476,3.147368421052632,1.0
5426.021628306954,1.9210526315789476,3.2,0.0
2718.868817828461,1.9210526315789476,3.2,0.0526315789473684
1439.5435038137034,1.9210526315789476,3.2,0.1052631578947368
814.1836324530125,1.9210526315789476,3.2,0.1578947368421052
495.4169795786137,1.9210526315789476,3.2,0.2105263157894736
324.89525595336846,1.9210526315789476,3.2,0.2631578947368421
228.96170356225505,1.9210526315789476,3.2,0.3157894736842105
172.43340430649832,1.9210526315789476,3.2,0.3684210526315789
137.91998871505476,1.9210526315789476,3.2,0.4210526315789473
116.45169143892592,1.9210526315789476,3.2,0.4736842105263157
103.16371878537171,1.9210526315789476,3.2,0.5263157894736842
95.26784427466718,1.9210526315789476,3.2,0.5789473684210527
91.07392589567064,1.9210526315789476,3.2,0.631578947368421
89.5097980742668,1.9210526315789476,3.2,0.6842105263157894
89.85310919541962,1.9210526315789476,3.2,0.7368421052631579
91.60205534773452,1.9210526315789476,3.2,0.7894736842105263
94.40418248780918,1.9210526315789476,3.2,0.8421052631578947
97.99867945526832,1.9210526315789476,3.2,0.894736842105263
102.1952775080396,1.9210526315789476,3.2,0.9473684210526316
106.8409212126517,1.9210526315789476,3.2,1.0
81.28109931227736,2.026315789473684,2.2,0.0
68.89003766079094,2.026315789473684,2.2,0.0526315789473684
61.75033102461826,2.026315789473684,2.2,0.1052631578947368
58.111429418703096,2.026315789473684,2.2,0.1578947368421052
56.76183179982299,2.026315789473684,2.2,0.2105263157894736
56.87671074821807,2.026315789473684,2.2,0.2631578947368421
58.03694713328424,2.026315789473684,2.2,0.3157894736842105
59.955677070444985,2.026315789473684,2.2,0.3684210526315789
62.43166634108465,2.026315789473684,2.2,0.4210526315789473
65.32758022708603,2.026315789473684,2.2,0.4736842105263157
68.54322439554238,2.026315789473684,2.2,0.5263157894736842
72.00724770664846,2.026315789473684,2.2,0.5789473684210527
75.69583047470998,2.026315789473684,2.2,0.631578947368421
79.5650760560987,2.026315789473684,2.2,0.6842105263157894
83.57655954925443,2.026315789473684,2.2,0.7368421052631579
87.69999446708398,2.026315789473684,2.2,0.7894736842105263
91.91126555995534,2.026315789473684,2.2,0.8421052631578947
96.19099898425476,2.026315789473684,2.2,0.894736842105263
100.52350911627236,2.026315789473684,2.2,0.9473684210526316
104.89601273191914,2.026315789473684,2.2,1.0
67.0066588366192,2.026315789473684,2.2526315789473688,0.0
57.21896906952067,2.026315789473684,2.2526315789473688,0.0526315789473684
52.05605602360314,2.026315789473684,2.2526315789473688,0.1052631578947368
49.91599859805096,2.026315789473684,2.2526315789473688,0.1578947368421052
49.64467052249376,2.026315789473684,2.2526315789473688,0.2105263157894736
50.637356670611936,2.026315789473684,2.2526315789473688,0.2631578947368421
52.52622166535045,2.026315789473684,2.2526315789473688,0.3157894736842105
55.059943421988415,2.026315789473684,2.2526315789473688,0.3684210526315789
58.067684049250246,2.026315789473684,2.2526315789473688,0.4210526315789473
61.43038073122037,2.026315789473684,2.2526315789473688,0.4736842105263157
65.0693423425959,2.026315789473684,2.2526315789473688,0.5263157894736842
68.94836256352013,2.026315789473684,2.2526315789473688,0.5789473684210527
73.0135784773797,2.026315789473684,2.2526315789473688,0.631578947368421
77.22228511802015,2.026315789473684,2.2526315789473688,0.6842105263157894
81.54129194209612,2.026315789473684,2.2526315789473688,0.7368421052631579
85.9445290980309,2.026315789473684,2.2526315789473688,0.7894736842105263
90.41132919457829,2.026315789473684,2.2526315789473688,0.8421052631578947
94.92517643622166,2.026315789473684,2.2526315789473688,0.894736842105263
99.47278369629772,2.026315789473684,2.2526315789473688,0.9473684210526316
104.04340277683252,2.026315789473684,2.2526315789473688,1.0
55.65930479693707,2.026315789473684,2.305263157894737,0.0
47.59910156732466,2.026315789473684,2.305263157894737,0.0526315789473684
43.83721015819509,2.026315789473684,2.305263157894737,0.1052631578947368
42.74056602589922,2.026315789473684,2.305263157894737,0.1578947368421052
43.299977107267765,2.026315789473684,2.305263157894737,0.2105263157894736
44.99365061523283,2.026315789473684,2.305263157894737,0.2631578947368421
47.4807316692476,2.026315789473684,2.305263157894737,0.3157894736842105
50.53462443747944,2.026315789473684,2.305263157894737,0.3684210526315789
54.00357937563138,2.026315789473684,2.305263157894737,0.4210526315789473
57.79532727751481,2.026315789473684,2.305263157894737,0.4736842105263157
61.85212287892092,2.026315789473684,2.305263157894737,0.5263157894736842
66.10861673536455,2.026315789473684,2.305263157894737,0.5789473684210527
70.51539202691941,2.026315789473684,2.305263157894737,0.631578947368421
75.0346619031082,2.026315789473684,2.305263157894737,0.6842105263157894
79.637206065556,2.026315789473684,2.305263157894737,0.7368421052631579
84.30020864140667,2.026315789473684,2.305263157894737,0.7894736842105263
89.00570729546581,2.026315789473684,2.305263157894737,0.8421052631578947
93.73946418256426,2.026315789473684,2.305263157894737,0.894736842105263
98.49013263197511,2.026315789473684,2.305263157894737,0.9473684210526316
103.2486341613733,2.026315789473684,2.305263157894737,1.0
47.26397026487789,2.026315789473684,2.357894736842105,0.0
40.012540568098686,2.026315789473684,2.357894736842105,0.0526315789473684
37.038000784732574,2.026315789473684,2.357894736842105,0.1052631578947368
36.57119935708006,2.026315789473684,2.357894736842105,0.1578947368421052
37.71194800139464,2.026315789473684,2.357894736842105,0.2105263157894736
39.92877907041007,2.026315789473684,2.357894736842105,0.2631578947368421
42.88577582871379,2.026315789473684,2.357894736842105,0.3157894736842105
46.36834106974788,2.026315789473684,2.357894736842105,0.3684210526315789
50.25389431376288,2.026315789473684,2.357894736842105,0.4210526315789473
54.45001622157108,2.026315789473684,2.357894736842105,0.4736842105263157
58.87448840836061,2.026315789473684,2.357894736842105,0.5263157894736842
63.4666171958588,2.026315789473684,2.357894736842105,0.5789473684210527
68.18090670517515,2.026315789473684,2.357894736842105,0.631578947368421
72.98281444352614,2.026315789473684,2.357894736842105,0.6842105263157894
77.84583338563053,2.026315789473684,2.357894736842105,0.7368421052631579
82.74944358157587,2.026315789473684,2.357894736842105,0.7894736842105263
87.67764784033795,2.026315789473684,2.357894736842105,0.8421052631578947
92.61790803625368,2.026315789473684,2.357894736842105,0.894736842105263
97.56036124127236,2.026315789473684,2.357894736842105,0.9473684210526316
102.49723447614448,2.026315789473684,2.357894736842105,1.0
42.08512138776042,2.026315789473684,2.4105263157894736,0.0
34.582515883058335,2.026315789473684,2.4105263157894736,0.0526315789473684
31.68634173846208,2.026315789473684,2.4105263157894736,0.1052631578947368
31.45791043062572,2.026315789473684,2.4105263157894736,0.1578947368421052
32.90916882550424,2.026315789473684,2.4105263157894736,0.2105263157894736
35.460029288008414,2.026315789473684,2.4105263157894736,0.2631578947368421
38.757877271301616,2.026315789473684,2.4105263157894736,0.3157894736842105
42.60512765640821,2.026315789473684,2.4105263157894736,0.3684210526315789
46.8523443217204,2.026315789473684,2.4105263157894736,0.4210526315789473
51.38605257688023,2.026315789473684,2.4105263157894736,0.4736842105263157
56.125109664428784,2.026315789473684,2.4105263157894736,0.5263157894736842
61.01027851345989,2.026315789473684,2.4105263157894736,0.5789473684210527
65.99759667748646,2.026315789473684,2.4105263157894736,0.631578947368421
71.05400899131217,2.026315789473684,2.4105263157894736,0.6842105263157894
76.15440481089702,2.026315789473684,2.4105263157894736,0.7368421052631579
81.27955760111249,2.026315789473684,2.4105263157894736,0.7894736842105263
86.4146617714794,2.026315789473684,2.4105263157894736,0.8421052631578947
91.54827493919012,2.026315789473684,2.4105263157894736,0.894736842105263
96.67154137288642,2.026315789473684,2.4105263157894736,0.9473684210526316
101.7776140692098,2.026315789473684,2.4105263157894736,1.0
40.665823678919175,2.026315789473684,2.463157894736842,0.0
31.562692490085485,2.026315789473684,2.463157894736842,0.0526315789473684
27.96829566397185,2.026315789473684,2.463157894736842,0.1052631578947368
27.51662621058945,2.026315789473684,2.463157894736842,0.1578947368421052
28.972919887078675,2.026315789473684,2.463157894736842,0.2105263157894736
31.654067210250364,2.026315789473684,2.463157894736842,0.2631578947368421
35.18230776664672,2.026315789473684,2.463157894736842,0.3157894736842105
39.29358061775988,2.026315789473684,2.463157894736842,0.3684210526315789
43.80953320760049,2.026315789473684,2.463157894736842,0.4210526315789473
48.60856809161966,2.026315789473684,2.463157894736842,0.4736842105263157
53.60521788444906,2.026315789473684,2.463157894736842,0.5263157894736842
58.73796516969264,2.026315789473684,2.463157894736842,0.5789473684210527
63.96171522242437,2.026315789473684,2.463157894736842,0.631578947368421
69.242951078837,2.026315789473684,2.463157894736842,0.6842105263157894
74.55650420732293,2.026315789473684,2.463157894736842,0.7368421052631579
79.883338099132,2.026315789473684,2.463157894736842,0.7894736842105263
85.2089896778305,2.026315789473684,2.463157894736842,0.8421052631578947
90.52245093877193,2.026315789473684,2.463157894736842,0.894736842105263
95.81535274077096,2.026315789473684,2.463157894736842,0.9473684210526316
101.0813604341754,2.026315789473684,2.463157894736842,1.0
43.97218080912343,2.026315789473684,2.515789473684211,0.0
31.43977447698564,2.026315789473684,2.515789473684211,0.0526315789473684
26.19434036038471,2.026315789473684,2.515789473684211,0.1052631578947368
24.951046479514243,2.026315789473684,2.515789473684211,0.1578947368421052
26.058915493511687,2.026315789473684,2.515789473684211,0.2105263157894736
28.663342644231847,2.026315789473684,2.515789473684211,0.2631578947368421
32.24453330597881,2.026315789473684,2.515789473684211,0.3157894736842105
36.479390268558845,2.026315789473684,2.515789473684211,0.3684210526315789
41.15795047071916,2.026315789473684,2.515789473684211,0.4210526315789473
46.14046732766674,2.026315789473684,2.515789473684211,0.4736842105263157
51.33060500114441,2.026315789473684,2.515789473684211,0.5263157894736842
56.660111757013006,2.026315789473684,2.515789473684211,0.5789473684210527
62.07962228331531,2.026315789473684,2.515789473684211,0.631578947368421
67.55288381327611,2.026315789473684,2.515789473684211,0.6842105263157894
73.0529846623485,2.026315789473684,2.515789473684211,0.7368421052631579
78.559806337502,2.026315789473684,2.515789473684211,0.7894736842105263
84.0582535769516,2.026315789473684,2.515789473684211,0.8421052631578947
89.53699633532837,2.026315789473684,2.515789473684211,0.894736842105263
94.98755863485894,2.026315789473684,2.515789473684211,0.9473684210526316
100.4036482204678,2.026315789473684,2.515789473684211,1.0
53.50450765122988,2.026315789473684,2.568421052631579,0.0
35.070602879234706,2.026315789473684,2.568421052631579,0.0526315789473684
26.84897027566156,2.026315789473684,2.568421052631579,0.1052631578947368
24.084430988954065,2.026315789473684,2.568421052631579,0.1578947368421052
24.430557514170843,2.026315789473684,2.568421052631579,0.2105263157894736
26.647651392294737,2.026315789473684,2.568421052631579,0.2631578947368421
30.0526967878909,2.026315789473684,2.568421052631579,0.3157894736842105
34.24181786765664,2.026315789473684,2.568421052631579,0.3684210526315789
38.95652063665814,2.026315789473684,2.568421052631579,0.4210526315789473
44.02587473475492,2.026315789473684,2.568421052631579,0.4736842105263157
49.334358114709055,2.026315789473684,2.568421052631579,0.5263157894736842
54.80142615377949,2.026315789473684,2.568421052631579,0.5789473684210527
60.369581970219166,2.026315789473684,2.568421052631579,0.631578947368421
65.99706983787951,2.026315789473684,2.568421052631579,0.6842105263157894
71.65320138314755,2.026315789473684,2.568421052631579,0.7368421052631579
77.31525138588164,2.026315789473684,2.568421052631579,0.7894736842105263
82.9663303392592,2.026315789473684,2.568421052631579,0.8421052631578947
88.59388847986519,2.026315789473684,2.568421052631579,0.894736842105263
94.18864161922453,2.026315789473684,2.568421052631579,0.9473684210526316
99.74378653308412,2.026315789473684,2.568421052631579,1.0
71.6389736522156,2.026315789473684,2.6210526315789475,0.0
43.75714624484048,2.026315789473684,2.6210526315789475,0.0526315789473684
30.714629159706742,2.026315789473684,2.6210526315789475,0.1052631578947368
25.420864949077053,2.026315789473684,2.6210526315789475,0.1578947368421052
24.382122377177936,2.026315789473684,2.6210526315789475,0.2105263157894736
25.81420936584235,2.026315789473684,2.6210526315789475,0.2631578947368421
28.766519871749377,2.026315789473684,2.6210526315789475,0.3157894736842105
32.701710538097466,2.026315789473684,2.6210526315789475,0.3684210526315789
37.29661004637434,2.026315789473684,2.6210526315789475,0.4210526315789473
42.33476626617203,2.026315789473684,2.6210526315789475,0.4736842105263157
47.67050912193909,2.026315789473684,2.6210526315789475,0.5263157894736842
53.20381438390463,2.026315789473684,2.6210526315789475,0.5789473684210527
58.86413858441108,2.026315789473684,2.6210526315789475,0.631578947368421
64.60074334412472,2.026315789473684,2.6210526315789475,0.6842105263157894
70.37663088611222,2.026315789473684,2.6210526315789475,0.7368421052631579
76.16458467206665,2.026315789473684,2.6210526315789475,0.7894736842105263
81.94449353561807,2.026315789473684,2.6210526315789475,0.8421052631578947
87.70149108107535,2.026315789473684,2.6210526315789475,0.894736842105263
93.4246317477968,2.026315789473684,2.6210526315789475,0.9473684210526316
99.105930947665,2.026315789473684,2.6210526315789475,1.0
102.01762149865274,2.026315789473684,2.673684210526316,0.0
59.478183345108974,2.026315789473684,2.673684210526316,0.0526315789473684
38.94681222561662,2.026315789473684,2.673684210526316,0.1052631578947368
29.634806841576246,2.026315789473684,2.673684210526316,0.1578947368421052
26.33779092171719,2.026315789473684,2.673684210526316,0.2105263157894736
26.44683659711707,2.026315789473684,2.673684210526316,0.2631578947368421
28.596053418965035,2.026315789473684,2.673684210526316,0.3157894736842105
32.03020450223813,2.026315789473684,2.673684210526316,0.3684210526315789
36.31006367798295,2.026315789473684,2.673684210526316,0.4210526315789473
41.169110155997245,2.026315789473684,2.673684210526316,0.4736842105263157
46.41883910862676,2.026315789473684,2.673684210526316,0.5263157894736842
51.93020911550967,2.026315789473684,2.673684210526316,0.5789473684210527
57.61321244309328,2.026315789473684,2.673684210526316,0.631578947368421
63.40364378217945,2.026315789473684,2.673684210526316,0.6842105263157894
69.25496598613928,2.026315789473684,2.673684210526316,0.7368421052631579
75.13308776572325,2.026315789473684,2.673684210526316,0.7894736842105263
81.01288325153156,2.026315789473684,2.673684210526316,0.8421052631578947
86.87579928268264,2.026315789473684,2.673684210526316,0.894736842105263
92.70816838463315,2.026315789473684,2.673684210526316,0.9473684210526316
98.49999476410758,2.026315789473684,2.673684210526316,1.0
150.17720525638404,2.026315789473684,2.726315789473684,0.0
85.15811963658423,2.026315789473684,2.726315789473684,0.0526315789473684
53.15472181857976,2.026315789473684,2.726315789473684,0.1052631578947368
37.69048985616068,2.026315789473684,2.726315789473684,0.1578947368421052
30.916306137936616,2.026315789473684,2.726315789473684,0.2105263157894736
28.959745081709848,2.026315789473684,2.726315789473684,0.2631578947368421
29.82532420495845,2.026315789473684,2.726315789473684,0.3157894736842105
32.43887521762274,2.026315789473684,2.726315789473684,0.3684210526315789
36.17831469718632,2.026315789473684,2.726315789473684,0.4210526315789473
40.67095151677457,2.026315789473684,2.726315789473684,0.4736842105263157
45.69115429307584,2.026315789473684,2.726315789473684,0.5263157894736842
51.069539903173215,2.026315789473684,2.726315789473684,0.5789473684210527
56.68809883368637,2.026315789473684,2.726315789473684,0.631578947368421
62.46327514211267,2.026315789473684,2.726315789473684,0.6842105263157894
68.33480124881966,2.026315789473684,2.726315789473684,0.7368421052631579
74.25864595842255,2.026315789473684,2.726315789473684,0.7894736842105263
80.20237941174504,2.026315789473684,2.726315789473684,0.8421052631578947
86.14202275635,2.026315789473684,2.726315789473684,0.894736842105263
92.0598473539675,2.026315789473684,2.726315789473684,0.9473684210526316
97.94280281317792,2.026315789473684,2.726315789473684,1.0
224.4398423593573,2.026315789473684,2.778947368421053,0.0
125.06967053488351,2.026315789473684,2.778947368421053,0.0526315789473684
75.68252679298375,2.026315789473684,2.778947368421053,0.1052631578947368
50.96638944819378,2.026315789473684,2.778947368421053,0.1578947368421052
38.98701080396932,2.026315789473684,2.778947368421053,0.2105263157894736
33.935204995421586,2.026315789473684,2.778947368421053,0.2631578947368421
32.866817347893445,2.026315789473684,2.778947368421053,0.3157894736842105
34.21697214487985,2.026315789473684,2.778947368421053,0.3684210526315789
37.11417728307958,2.026315789473684,2.778947368421053,0.4210526315789473
41.030294490038735,2.026315789473684,2.778947368421053,0.4736842105263157
45.63951707696899,2.026315789473684,2.778947368421053,0.5263157894736842
50.74328369142109,2.026315789473684,2.778947368421053,0.5789473684210527
56.186790520446806,2.026315789473684,2.778947368421053,0.631578947368421
61.859294340741606,2.026315789473684,2.778947368421053,0.6842105263157894
67.68128213704684,2.026315789473684,2.778947368421053,0.7368421052631579
73.59479119046107,2.026315789473684,2.778947368421053,0.7894736842105263
79.55713452449147,2.026315789473684,2.778947368421053,0.8421052631578947
85.53668521323488,2.026315789473684,2.778947368421053,0.894736842105263
91.50995881964958,2.026315789473684,2.778947368421053,0.9473684210526316
97.45954510675772,2.026315789473684,2.778947368421053,1.0
337.3371998659833,2.026315789473684,2.8315789473684214,0.0
185.57352221177356,2.026315789473684,2.8315789473684214,0.0526315789473684
109.9526904559684,2.026315789473684,2.8315789473684214,0.1052631578947368
71.43321410960306,2.026315789473684,2.8315789473684214,0.1578947368421052
51.76824091939706,2.026315789473684,2.8315789473684214,0.2105263157894736
42.17860618342529,2.026315789473684,2.8315789473684214,0.2631578947368421
38.27990531301508,2.026315789473684,2.8315789473684214,0.3157894736842105
37.77998597310134,2.026315789473684,2.8315789473684214,0.3684210526315789
39.41962220140006,2.026315789473684,2.8315789473684214,0.4210526315789473
42.46776090955108,2.026315789473684,2.8315789473684214,0.4736842105263157
46.46424890573577,2.026315789473684,2.8315789473684214,0.5263157894736842
51.11715714179901,2.026315789473684,2.8315789473684214,0.5789473684210527
56.24396655841892,2.026315789473684,2.8315789473684214,0.631578947368421
61.70219940308008,2.026315789473684,2.8315789473684214,0.6842105263157894
67.38579832538295,2.026315789473684,2.8315789473684214,0.7368421052631579
73.2176306044705,2.026315789473684,2.8315789473684214,0.7894736842105263
79.14089568189603,2.026315789473684,2.8315789473684214,0.8421052631578947
85.11342009188628,2.026315789473684,2.8315789473684214,0.894736842105263
91.10374717645186,2.026315789473684,2.8315789473684214,0.9473684210526316
97.0883865380039,2.026315789473684,2.8315789473684214,1.0
507.8285736991979,2.026315789473684,2.8842105263157896,0.0
276.14757146767715,2.026315789473684,2.8842105263157896,0.0526315789473684
160.98004540864153,2.026315789473684,2.8842105263157896,0.1052631578947368
101.9206907345278,2.026315789473684,2.8842105263157896,0.1578947368421052
70.97292040882708,2.026315789473684,2.8842105263157896,0.2105263157894736
54.800956429687126,2.026315789473684,2.8842105263157896,0.2631578947368421
46.83003902456228,2.026315789473684,2.8842105263157896,0.3157894736842105
43.67762497883314,2.026315789473684,2.8842105263157896,0.3684210526315789
43.513053955106365,2.026315789473684,2.8842105263157896,0.4210526315789473
45.29634211654136,2.026315789473684,2.8842105263157896,0.4736842105263157
48.3935789324958,2.026315789473684,2.8842105263157896,0.5263157894736842
52.394759546808736,2.026315789473684,2.8842105263157896,0.5789473684210527
57.03339077108897,2.026315789473684,2.8842105263157896,0.631578947368421
62.13394514948196,2.026315789473684,2.8842105263157896,0.6842105263157894
67.56532693240959,2.026315789473684,2.8842105263157896,0.7368421052631579
73.22433451321105,2.026315789473684,2.8842105263157896,0.7894736842105263
79.03500052589446,2.026315789473684,2.8842105263157896,0.8421052631578947
84.94084215242438,2.026315789473684,2.8842105263157896,0.894736842105263
90.89957990662188,2.026315789473684,2.8842105263157896,0.9473684210526316
96.87945298417756,2.026315789473684,2.8842105263157896,1.0
764.8631041605852,2.026315789473684,2.936842105263158,0.0
410.9903246017462,2.026315789473684,2.936842105263158,0.0526315789473684
236.0865118221256,2.026315789473684,2.936842105263158,0.1052631578947368
146.4713988595705,2.026315789473684,2.936842105263158,0.1578947368421052
99.00351953520229,2.026315789473684,2.936842105263158,0.2105263157894736
73.32901501482998,2.026315789473684,2.936842105263158,0.2631578947368421
59.548958230253135,2.026315789473684,2.936842105263158,0.3157894736842105
52.64366611027148,2.026315789473684,2.936842105263158,0.3684210526315789
49.93977303052486,2.026315789473684,2.936842105263158,0.4210526315789473
49.93658135875423,2.026315789473684,2.936842105263158,0.4736842105263157
51.75010023641965,2.026315789473684,2.936842105263158,0.5263157894736842
54.81587602188077,2.026315789473684,2.936842105263158,0.5789473684210527
58.76054140518697,2.026315789473684,2.936842105263158,0.631578947368421
63.33639599059296,2.026315789473684,2.936842105263158,0.6842105263157894
68.37061923107105,2.026315789473684,2.936842105263158,0.7368421052631579
73.73992210698904,2.026315789473684,2.936842105263158,0.7894736842105263
79.34383264016049,2.026315789473684,2.936842105263158,0.8421052631578947
85.1066352911002,2.026315789473684,2.936842105263158,0.894736842105263
90.97152067500046,2.026315789473684,2.936842105263158,0.9473684210526316
96.89562373549268,2.026315789473684,2.936842105263158,1.0
1152.7355453275015,2.026315789473684,2.9894736842105267,0.0
611.5972910544222,2.026315789473684,2.9894736842105267,0.0526315789473684
346.1797466896832,2.026315789473684,2.9894736842105267,0.1052631578947368
210.92053011211905,2.026315789473684,2.9894736842105267,0.1578947368421052
139.1982181385712,2.026315789473684,2.9894736842105267,0.2105263157894736
99.83956729690888,2.026315789473684,2.9894736842105267,0.2631578947368421
77.82910526542183,2.026315789473684,2.9894736842105267,0.3157894736842105
65.66071282465211,2.026315789473684,2.9894736842105267,0.3684210526315789
59.417040749080805,2.026315789473684,2.9894736842105267,0.4210526315789473
56.93847632966396,2.026315789473684,2.9894736842105267,0.4736842105263157
56.96277027156727,2.026315789473684,2.9894736842105267,0.5263157894736842
58.71550770142306,2.026315789473684,2.9894736842105267,0.5789473684210527
61.68377951572864,2.026315789473684,2.9894736842105267,0.631578947368421
65.52065068393367,2.026315789473684,2.9894736842105267,0.6842105263157894
69.99182069774605,2.026315789473684,2.9894736842105267,0.7368421052631579
74.9259315391823,2.026315789473684,2.9894736842105267,0.7894736842105263
80.20234214864493,2.026315789473684,2.9894736842105267,0.8421052631578947
85.72428004542785,2.026315789473684,2.9894736842105267,0.894736842105263
91.41556808740935,2.026315789473684,2.9894736842105267,0.9473684210526316
97.2185586283282,2.026315789473684,2.9894736842105267,1.0
1739.4024408479531,2.026315789473684,3.042105263157895,0.0
910.5462611714116,2.026315789473684,3.042105263157895,0.0526315789473684
507.5524575087545,2.026315789473684,3.042105263157895,0.1052631578947368
303.8694455755781,2.026315789473684,3.042105263157895,0.1578947368421052
196.38455049140072,2.026315789473684,3.042105263157895,0.2105263157894736
137.20974409874847,2.026315789473684,3.042105263157895,0.2631578947368421
103.50605880979296,2.026315789473684,3.042105263157895,0.3157894736842105
84.00054096452105,2.026315789473684,3.042105263157895,0.3684210526315789
72.88559377210119,2.026315789473684,3.042105263157895,0.4210526315789473
67.01412721607223,2.026315789473684,3.042105263157895,0.4736842105263157
64.5891172718624,2.026315789473684,3.042105263157895,0.5263157894736842
64.53389506180848,2.026315789473684,3.042105263157895,0.5789473684210527
66.15066274839731,2.026315789473684,3.042105263157895,0.631578947368421
68.96529121840285,2.026315789473684,3.042105263157895,0.6842105263157894
72.64988444114401,2.026315789473684,3.042105263157895,0.7368421052631579
76.97930736747651,2.026315789473684,3.042105263157895,0.7894736842105263
81.78351679085078,2.026315789473684,3.042105263157895,0.8421052631578947
86.93925463606644,2.026315789473684,3.042105263157895,0.894736842105263
92.35483932006836,2.026315789473684,3.042105263157895,0.9473684210526316
97.95306540520554,2.026315789473684,3.042105263157895,1.0
2629.4468945220824,2.026315789473684,3.094736842105263,0.0
1357.4180265931975,2.026315789473684,3.094736842105263,0.0526315789473684
744.6301693772633,2.026315789473684,3.094736842105263,0.1052631578947368
437.9701674518493,2.026315789473684,3.094736842105263,0.1578947368421052
277.5308495130754,2.026315789473684,3.094736842105263,0.2105263157894736
189.5499711962699,2.026315789473684,3.094736842105263,0.2631578947368421
139.16546143238187,2.026315789473684,3.094736842105263,0.3157894736842105
109.37087176723844,2.026315789473684,3.094736842105263,0.3684210526315789
91.53148603705078,2.026315789473684,3.094736842105263,0.4210526315789473
81.0467746044397,2.026315789473684,3.094736842105263,0.4736842105263157
75.32877521269099,2.026315789473684,3.094736842105263,0.5263157894736842
72.83742263879721,2.026315789473684,3.094736842105263,0.5789473684210527
72.61532087540964,2.026315789473684,3.094736842105263,0.631578947368421
74.03173067199586,2.026315789473684,3.094736842105263,0.6842105263157894
76.64327612937016,2.026315789473684,3.094736842105263,0.7368421052631579
80.13560817677755,2.026315789473684,3.094736842105263,0.7894736842105263
84.28950400553967,2.026315789473684,3.094736842105263,0.8421052631578947
88.93552229202199,2.026315789473684,3.094736842105263,0.894736842105263
93.94604251806834,2.026315789473684,3.094736842105263,0.9473684210526316
99.2325345939367,2.026315789473684,3.094736842105263,1.0
3984.267818859504,2.026315789473684,3.147368421052632,0.0
2027.9656642737784,2.026315789473684,3.147368421052632,0.0526315789473684
1094.2229154549975,2.026315789473684,3.147368421052632,0.1052631578947368
631.9517369863718,2.026315789473684,3.147368421052632,0.1578947368421052
392.73230997727,2.026315789473684,3.147368421052632,0.2105263157894736
262.6768668364925,2.026315789473684,3.147368421052632,0.2631578947368421
188.4011655005362,2.026315789473684,3.147368421052632,0.3157894736842105
144.14371304366634,2.026315789473684,3.147368421052632,0.3684210526315789
117.00192805414088,2.026315789473684,3.147368421052632,0.4210526315789473
100.2122213972876,2.026315789473684,3.147368421052632,0.4736842105263157
90.03759158959315,2.026315789473684,3.147368421052632,0.5263157894736842
84.29360739017977,2.026315789473684,3.147368421052632,0.5789473684210527
81.6327896001854,2.026315789473684,3.147368421052632,0.631578947368421
81.18500478661436,2.026315789473684,3.147368421052632,0.6842105263157894
82.349320659337,2.026315789473684,3.147368421052632,0.7368421052631579
84.7127589752511,2.026315789473684,3.147368421052632,0.7894736842105263
87.97574029251348,2.026315789473684,3.147368421052632,0.8421052631578947
91.92240070106172,2.026315789473684,3.147368421052632,0.894736842105263
96.3827368807442,2.026315789473684,3.147368421052632,0.9473684210526316
101.22570703857494,2.026315789473684,3.147368421052632,1.0
6053.585804092239,2.026315789473684,3.2,0.0
3038.3460583035776,2.026315789473684,3.2,0.0526315789473684
1612.0715962183535,2.026315789473684,3.2,0.1052631578947368
913.7055904820336,2.026315789473684,3.2,0.1578947368421052
556.7130957938327,2.026315789473684,3.2,0.2105263157894736
364.875690882724,2.026315789473684,3.2,0.2631578947368421
256.2099586286457,2.026315789473684,3.2,0.3157894736842105
191.54439645489416,2.026315789473684,3.2,0.3684210526315789
151.5082870147528,2.026315789473684,3.2,0.4210526315789473
126.10354190486224,2.026315789473684,3.2,0.4736842105263157
109.90237756150714,2.026315789473684,3.2,0.5263157894736842
99.7899126039754,2.026315789473684,3.2,0.5789473684210527
93.87499033752458,2.026315789473684,3.2,0.631578947368421
90.9525335608356,2.026315789473684,3.2,0.6842105263157894
90.21503440887923,2.026315789473684,3.2,0.7368421052631579
91.09225616157777,2.026315789473684,3.2,0.7894736842105263
93.17669069121295,2.026315789473684,3.2,0.8421052631578947
96.17522956968268,2.026315789473684,3.2,0.894736842105263
99.8837852333664,2.026315789473684,3.2,0.9473684210526316
104.13131797232734,2.026315789473684,3.2,1.0
83.63455768602667,2.131578947368421,2.2,0.0
70.07519202353132,2.131578947368421,2.2,0.0526315789473684
62.09569411489486,2.131578947368421,2.2,0.1052631578947368
57.83745094217949,2.131578947368421,2.2,0.1578947368421052
56.04603892300596,2.131578947368421,2.2,0.2105263157894736
55.82358267860524,2.131578947368421,2.2,0.2631578947368421
56.718544898771256,2.131578947368421,2.2,0.3157894736842105
58.42614662927132,2.131578947368421,2.2,0.3684210526315789
60.73246155206437,2.131578947368421,2.2,0.4210526315789473
63.48777009932717,2.131578947368421,2.2,0.4736842105263157
66.58843831602056,2.131578947368421,2.2,0.5263157894736842
69.95125151743173,2.131578947368421,2.2,0.5789473684210527
73.53351949876145,2.131578947368421,2.2,0.631578947368421
77.31275980450945,2.131578947368421,2.2,0.6842105263157894
81.2481578245073,2.131578947368421,2.2,0.7368421052631579
85.30735753169414,2.131578947368421,2.2,0.7894736842105263
89.46457161578459,2.131578947368421,2.2,0.8421052631578947
93.69906292954708,2.131578947368421,2.2,0.894736842105263
97.99402535258989,2.131578947368421,2.2,0.9473684210526316
102.3357483028838,2.131578947368421,2.2,1.0
68.76979951763015,2.131578947368421,2.2526315789473688,0.0
57.8863201162268,2.131578947368421,2.2526315789473688,0.0526315789473684
51.93973336117704,2.131578947368421,2.2526315789473688,0.1052631578947368
49.23669549837179,2.131578947368421,2.2526315789473688,0.1578947368421052
48.55890334691381,2.131578947368421,2.2526315789473688,0.2105263157894736
49.23817348413681,2.131578947368421,2.2526315789473688,0.2631578947368421
50.88186430983857,2.131578947368421,2.2526315789473688,0.3157894736842105
53.22164119486557,2.131578947368421,2.2526315789473688,0.3684210526315789
56.07192921673644,2.131578947368421,2.2526315789473688,0.4210526315789473
59.30723290366468,2.131578947368421,2.2526315789473688,0.4736842105263157
62.830181965393095,2.131578947368421,2.2526315789473688,0.5263157894736842
66.59704663879583,2.131578947368421,2.2526315789473688,0.5789473684210527
70.56865711060506,2.131578947368421,2.2526315789473688,0.631578947368421
74.6992119656617,2.131578947368421,2.2526315789473688,0.6842105263157894
78.9530715760582,2.131578947368421,2.2526315789473688,0.7368421052631579
83.3022075598902,2.131578947368421,2.2526315789473688,0.7894736842105263
87.72437098761573,2.131578947368421,2.2526315789473688,0.8421052631578947
92.2017580123491,2.131578947368421,2.2526315789473688,0.894736842105263
96.72002466912824,2.131578947368421,2.2526315789473688,0.9473684210526316
101.26755008249724,2.131578947368421,2.2526315789473688,1.0
57.07081985463165,2.131578947368421,2.305263157894737,0.0
47.9227153185434,2.131578947368421,2.305263157894737,0.0526315789473684
43.39138448771461,2.131578947368421,2.305263157894737,0.1052631578947368
41.76100319975748,2.131578947368421,2.305263157894737,0.1578947368421052
41.92293097887617,2.131578947368421,2.305263157894737,0.2105263157894736
43.31253476973856,2.131578947368421,2.305263157894737,0.2631578947368421
45.56354856759758,2.131578947368421,2.305263157894737,0.3157894736842105
48.42999144007537,2.131578947368421,2.305263157894737,0.3684210526315789
51.7491763995496,2.131578947368421,2.305263157894737,0.4210526315789473
55.40250255852077,2.131578947368421,2.305263157894737,0.4736842105263157
59.33554204351598,2.131578947368421,2.305263157894737,0.5263157894736842
63.490151289774985,2.131578947368421,2.305263157894737,0.5789473684210527
67.81300631216173,2.131578947368421,2.305263157894737,0.631578947368421
72.26327079659626,2.131578947368421,2.305263157894737,0.6842105263157894
76.80931499483818,2.131578947368421,2.305263157894737,0.7368421052631579
81.42639885722215,2.131578947368421,2.305263157894737,0.7894736842105263
86.09500909128857,2.131578947368421,2.305263157894737,0.8421052631578947
90.79964763420357,2.131578947368421,2.305263157894737,0.894736842105263
95.52793672999846,2.131578947368421,2.305263157894737,0.9473684210526316
100.26994931247825,2.131578947368421,2.305263157894737,1.0
48.593524844743655,2.131578947368421,2.357894736842105,0.0
40.181613316409184,2.131578947368421,2.357894736842105,0.0526315789473684
36.41971083067299,2.131578947368421,2.357894736842105,0.1052631578947368
35.399566496433415,2.131578947368421,2.357894736842105,0.1578947368421052
36.12959581361096,2.131578947368421,2.357894736842105,0.2105263157894736
38.03557485944596,2.131578947368421,2.357894736842105,0.2631578947368421
40.75186738742364,2.131578947368421,2.357894736842105,0.3157894736842105
44.04477552312137,2.131578947368421,2.357894736842105,0.3684210526315789
47.75717678734041,2.131578947368421,2.357894736842105,0.4210526315789473
51.80800588765955,2.131578947368421,2.357894736842105,0.4736842105263157
56.11457545277419,2.131578947368421,2.357894736842105,0.5263157894736842
60.61092261854701,2.131578947368421,2.357894736842105,0.5789473684210527
65.24751087397247,2.131578947368421,2.357894736842105,0.631578947368421
69.98665309762582,2.131578947368421,2.357894736842105,0.6842105263157894
74.79936434956815,2.131578947368421,2.357894736842105,0.7368421052631579
79.66315139335849,2.131578947368421,2.357894736842105,0.7894736842105263
84.56043136688362,2.131578947368421,2.357894736842105,0.8421052631578947
89.47738208607919,2.131578947368421,2.357894736842105,0.894736842105263
94.40309397479456,2.131578947368421,2.357894736842105,0.9473684210526316
99.32893622632416,2.131578947368421,2.357894736842105,1.0
43.64114856417988,2.131578947368421,2.4105263157894736,0.0
34.81757619397518,2.131578947368421,2.4105263157894736,0.0526315789473684
31.05608706255981,2.131578947368421,2.4105263157894736,0.1052631578947368
30.21706455790068,2.131578947368421,2.4105263157894736,0.1578947368421052
31.21912279137237,2.131578947368421,2.4105263157894736,0.2105263157894736
33.43252921195225,2.131578947368421,2.4105263157894736,0.2631578947368421
36.4685136201533,2.131578947368421,2.4105263157894736,0.3157894736842105
40.08725880214999,2.131578947368421,2.4105263157894736,0.3684210526315789
44.15077352795453,2.131578947368421,2.4105263157894736,0.4210526315789473
48.53762911298681,2.131578947368421,2.4105263157894736,0.4736842105263157
53.15897683420568,2.131578947368421,2.4105263157894736,0.5263157894736842
57.94981851934155,2.131578947368421,2.4105263157894736,0.5789473684210527
62.86179941573528,2.131578947368421,2.4105263157894736,0.631578947368421
67.85846228807488,2.131578947368421,2.4105263157894736,0.6842105263157894
72.91202707031408,2.131578947368421,2.4105263157894736,0.7368421052631579
78.00115002277074,2.131578947368421,2.4105263157894736,0.7894736842105263
83.10933111466991,2.131578947368421,2.4105263157894736,0.8421052631578947
88.22376153552113,2.131578947368421,2.4105263157894736,0.894736842105263
93.33447660824092,2.131578947368421,2.4105263157894736,0.9473684210526316
98.4337246002126,2.131578947368421,2.4105263157894736,1.0
42.84072828548788,2.131578947368421,2.463157894736842,0.0
32.13461052831241,2.131578947368421,2.463157894736842,0.0526315789473684
27.51383091915513,2.131578947368421,2.463157894736842,0.1052631578947368
26.347771381577097,2.131578947368421,2.463157894736842,0.1578947368421052
27.288939136590123,2.131578947368421,2.463157894736842,0.2105263157894736
29.576272468729428,2.131578947368421,2.463157894736842,0.2631578947368421
32.78161436358043,2.131578947368421,2.463157894736842,0.3157894736842105
36.64118524628712,2.131578947368421,2.463157894736842,0.3684210526315789
40.95924644513035,2.131578947368421,2.463157894736842,0.4210526315789473
45.60177954918349,2.131578947368421,2.463157894736842,0.4736842105263157
50.474377496622445,2.131578947368421,2.463157894736842,0.5263157894736842
55.50890643096925,2.131578947368421,2.463157894736842,0.5789473684210527
60.65526632750885,2.131578947368421,2.463157894736842,0.631578947368421
65.87608776828321,2.131578947368421,2.463157894736842,0.6842105263157894
71.14319577109801,2.131578947368421,2.463157894736842,0.7368421052631579
76.43518102992556,2.131578947368421,2.463157894736842,0.7894736842105263
81.73569031542577,2.131578947368421,2.463157894736842,0.8421052631578947
87.0321983059387,2.131578947368421,2.463157894736842,0.894736842105263
92.3151100446062,2.131578947368421,2.463157894736842,0.9473684210526316
97.57709538399992,2.131578947368421,2.463157894736842,1.0
47.286266416466695,2.131578947368421,2.515789473684211,0.0
32.68162021792263,2.131578947368421,2.515789473684211,0.0526315789473684
26.13603851443901,2.131578947368421,2.515789473684211,0.1052631578947368
24.024758378784373,2.131578947368421,2.515789473684211,0.1578947368421052
24.50002100832625,2.131578947368421,2.515789473684211,0.2105263157894736
26.61591026826489,2.131578947368421,2.515789473684211,0.2631578947368421
29.82286108249136,2.131578947368421,2.515789473684211,0.3157894736842105
33.76963388456719,2.131578947368421,2.515789473684211,0.3684210526315789
38.22390029334788,2.131578947368421,2.515789473684211,0.4210526315789473
43.03061820895081,2.131578947368421,2.515789473684211,0.4736842105263157
48.08261206903552,2.131578947368421,2.515789473684211,0.5263157894736842
53.30370213933527,2.131578947368421,2.515789473684211,0.5789473684210527
58.638580772840776,2.131578947368421,2.515789473684211,0.631578947368421
64.04645533406133,2.131578947368421,2.515789473684211,0.6842105263157894
69.4968931625534,2.131578947368421,2.515789473684211,0.7368421052631579
74.96701193101946,2.131578947368421,2.515789473684211,0.7894736842105263
80.4395255519911,2.131578947368421,2.515789473684211,0.8421052631578947
85.90135338287163,2.131578947368421,2.515789473684211,0.894736842105263
91.34261137186044,2.131578947368421,2.515789473684211,0.9473684210526316
96.75586860612904,2.131578947368421,2.515789473684211,1.0
58.67483155021584,2.131578947368421,2.568421052631579,0.0
37.42096310513147,2.131578947368421,2.568421052631579,0.0526315789473684
27.48383664263001,2.131578947368421,2.568421052631579,0.1052631578947368
23.585322543465047,2.131578947368421,2.568421052631579,0.1578947368421052
23.131566018993663,2.131578947368421,2.568421052631579,0.2105263157894736
24.76232954606049,2.131578947368421,2.568421052631579,0.2631578947368421
27.721440927282767,2.131578947368421,2.568421052631579,0.3157894736842105
31.56645615038731,2.131578947368421,2.568421052631579,0.3684210526315789
36.01544338915061,2.131578947368421,2.568421052631579,0.4210526315789473
40.8779364375155,2.131578947368421,2.568421052631579,0.4736842105263157
46.02479777900003,2.131578947368421,2.568421052631579,0.5263157894736842
51.3656540256253,2.131578947368421,2.568421052631579,0.5789473684210527
56.83571621289825,2.131578947368421,2.568421052631579,0.631578947368421
62.387702715217735,2.131578947368421,2.568421052631579,0.6842105263157894
67.98666795205511,2.131578947368421,2.568421052631579,0.7368421052631579
73.60656380968715,2.131578947368421,2.568421052631579,0.7894736842105263
79.22787981090958,2.131578947368421,2.568421052631579,0.8421052631578947
84.835981170525,2.131578947368421,2.568421052631579,0.894736842105263
90.4199134335546,2.131578947368421,2.568421052631579,0.9473684210526316
95.97152775427614,2.131578947368421,2.568421052631579,1.0
79.63579388904436,2.131578947368421,2.6210526315789475,0.0
47.80687565339224,2.131578947368421,2.6210526315789475,0.0526315789473684
32.4082087608212,2.131578947368421,2.6210526315789475,0.1052631578947368
25.604497219967357,2.131578947368421,2.6210526315789475,0.1578947368421052
23.54241579472558,2.131578947368421,2.6210526315789475,0.2105263157894736
24.24478270841805,2.131578947368421,2.6210526315789475,0.2631578947368421
26.65604675541516,2.131578947368421,2.6210526315789475,0.3157894736842105
30.171758062270168,2.131578947368421,2.6210526315789475,0.3684210526315789
34.44070841845127,2.131578947368421,2.6210526315789475,0.4210526315789473
39.22634423542822,2.131578947368421,2.6210526315789475,0.4736842105263157
44.365427491156055,2.131578947368421,2.6210526315789475,0.5263157894736842
49.74542705201162,2.131578947368421,2.6210526315789475,0.5789473684210527
55.286621258209976,2.131578947368421,2.6210526315789475,0.631578947368421
60.93137638426457,2.131578947368421,2.6210526315789475,0.6842105263157894
66.63741928224185,2.131578947368421,2.6210526315789475,0.7368421052631579
72.3734394488857,2.131578947368421,2.6210526315789475,0.7894736842105263
78.11611227679575,2.131578947368421,2.6210526315789475,0.8421052631578947
83.84802579901887,2.131578947368421,2.6210526315789475,0.894736842105263
89.5562027875801,2.131578947368421,2.6210526315789475,0.9473684210526316
95.23102721088073,2.131578947368421,2.6210526315789475,1.0
114.21555814795916,2.131578947368421,2.673684210526316,0.0
66.01135953036173,2.131578947368421,2.673684210526316,0.0526315789473684
42.204167454404,2.131578947368421,2.673684210526316,0.1052631578947368
30.861537425344228,2.131578947368421,2.673684210526316,0.1578947368421052
26.220740356560988,2.131578947368421,2.673684210526316,0.2105263157894736
25.39100314936068,2.131578947368421,2.673684210526316,0.2631578947368421
26.854798866989047,2.131578947368421,2.673684210526316,0.3157894736842105
29.774972918287883,2.131578947368421,2.673684210526316,0.3684210526315789
33.65162170227672,2.131578947368421,2.673684210526316,0.4210526315789473
38.19413068370689,2.131578947368421,2.673684210526316,0.4736842105263157
43.197742622664336,2.131578947368421,2.673684210526316,0.5263157894736842
48.517188634168605,2.131578947368421,2.673684210526316,0.5789473684210527
54.05068885220297,2.131578947368421,2.673684210526316,0.631578947368421
59.7252737459874,2.131578947368421,2.673684210526316,0.6842105263157894
65.48774923605231,2.131578947368421,2.673684210526316,0.7368421052631579
71.2988880393281,2.131578947368421,2.673684210526316,0.7894736842105263
77.12955236462152,2.131578947368421,2.673684210526316,0.8421052631578947
82.95802380341182,2.131578947368421,2.673684210526316,0.894736842105263
88.76811727917452,2.131578947368421,2.673684210526316,0.9473684210526316
94.54782118523396,2.131578947368421,2.673684210526316,1.0
168.52269948109011,2.131578947368421,2.726315789473684,0.0
95.29905040508238,2.131578947368421,2.726315789473684,0.0526315789473684
58.68293348867186,2.131578947368421,2.726315789473684,0.1052631578947368
40.43447437301558,2.131578947368421,2.726315789473684,0.1578947368421052
31.861183929001523,2.131578947368421,2.726315789473684,0.2105263157894736
28.67174396007867,2.131578947368421,2.726315789473684,0.2631578947368421
28.65238494223937,2.131578947368421,2.726315789473684,0.3157894736842105
30.606660847603248,2.131578947368421,2.726315789473684,0.3684210526315789
33.84576343752866,2.131578947368421,2.726315789473684,0.4210526315789473
37.94427866369572,2.131578947368421,2.726315789473684,0.4736842105263157
42.65073747738443,2.131578947368421,2.726315789473684,0.5263157894736842
47.78416070480269,2.131578947368421,2.726315789473684,0.5789473684210527
53.21122734506757,2.131578947368421,2.726315789473684,0.631578947368421
58.83709049856612,2.131578947368421,2.726315789473684,0.6842105263157894
64.5929707913013,2.131578947368421,2.726315789473684,0.7368421052631579
70.42830932240874,2.131578947368421,2.726315789473684,0.7894736842105263
76.30560195768037,2.131578947368421,2.726315789473684,0.8421052631578947
82.19688237879052,2.131578947368421,2.726315789473684,0.894736842105263
88.08126075141263,2.131578947368421,2.726315789473684,0.9473684210526316
93.94316232457922,2.131578947368421,2.726315789473684,1.0
251.806735022109,2.131578947368421,2.778947368421053,0.0
140.42708535770387,2.131578947368421,2.778947368421053,0.0526315789473684
84.4520447721877,2.131578947368421,2.778947368421053,0.1052631578947368
55.86044555026605,2.131578947368421,2.778947368421053,0.1578947368421052
41.4360370912571,2.131578947368421,2.778947368421053,0.2105263157894736
34.741839467366056,2.131578947368421,2.778947368421053,0.2631578947368421
32.51248976918136,2.131578947368421,2.778947368421053,0.3157894736842105
33.008803933959,2.131578947368421,2.778947368421053,0.3684210526315789
35.260286227699034,2.131578947368421,2.778947368421053,0.4210526315789473
38.68036313215181,2.131578947368421,2.778947368421053,0.4736842105263157
42.89816818683635,2.131578947368421,2.778947368421053,0.5263157894736842
47.6857836061683,2.131578947368421,2.778947368421053,0.5789473684210527
52.8811972922327,2.131578947368421,2.778947368421053,0.631578947368421
58.35907875471421,2.131578947368421,2.778947368421053,0.6842105263157894
64.02893410531539,2.131578947368421,2.778947368421053,0.7368421052631579
69.82442798927306,2.131578947368421,2.778947368421053,0.7894736842105263
75.69639214777612,2.131578947368421,2.778947368421053,0.8421052631578947
81.60812045218445,2.131578947368421,2.778947368421053,0.894736842105263
87.53210713323159,2.131578947368421,2.778947368421053,0.9473684210526316
93.44773030274006,2.131578947368421,2.778947368421053,1.0
377.9132886304458,2.131578947368421,2.8315789473684214,0.0
208.43521638034517,2.131578947368421,2.8315789473684214,0.0526315789473684
123.31284862029472,2.131578947368421,2.8315789473684214,0.1052631578947368
79.33272193171996,2.131578947368421,2.8315789473684214,0.1578947368421052
56.30409464673576,2.131578947368421,2.8315789473684214,0.2105263157894736
44.501322975156434,2.131578947368421,2.8315789473684214,0.2631578947368421
39.06326755893176,2.131578947368421,2.8315789473684214,0.3157894736842105
37.44551792306952,2.131578947368421,2.8315789473684214,0.3684210526315789
38.24572862934403,2.131578947368421,2.8315789473684214,0.4210526315789473
40.65080248821801,2.131578947368421,2.8315789473684214,0.4736842105263157
44.14789773118219,2.131578947368421,2.8315789473684214,0.5263157894736842
48.405397629506695,2.131578947368421,2.8315789473684214,0.5789473684210527
53.21055631915769,2.131578947368421,2.8315789473684214,0.631578947368421
58.41398060724726,2.131578947368421,2.8315789473684214,0.6842105263157894
63.89687946267059,2.131578947368421,2.8315789473684214,0.7368421052631579
69.57130473104435,2.131578947368421,2.8315789473684214,0.7894736842105263
75.37212901984833,2.131578947368421,2.8315789473684214,0.8421052631578947
81.25068251511672,2.131578947368421,2.8315789473684214,0.894736842105263
87.17038458729914,2.131578947368421,2.8315789473684214,0.9473684210526316
93.10366580661125,2.131578947368421,2.8315789473684214,1.0
567.8636977370088,2.131578947368421,2.8842105263157896,0.0
309.78294236073987,2.131578947368421,2.8842105263157896,0.0526315789473684
180.7750264665726,2.131578947368421,2.8842105263157896,0.1052631578947368
113.97414646789365,2.131578947368421,2.8842105263157896,0.1578947368421052
78.36731617415094,2.131578947368421,2.8842105263157896,0.2105263157894736
59.18572358717027,2.131578947368421,2.8842105263157896,0.2631578947368421
49.15712183073842,2.131578947368421,2.8842105263157896,0.3157894736842105
44.52970554885725,2.131578947368421,2.8842105263157896,0.3684210526315789
43.26947827931016,2.131578947368421,2.8842105263157896,0.4210526315789473
44.21563418703339,2.131578947368421,2.8842105263157896,0.4736842105263157
46.66445233089917,2.131578947368421,2.8842105263157896,0.5263157894736842
50.15728083795564,2.131578947368421,2.8842105263157896,0.5789473684210527
54.39072098382152,2.131578947368421,2.8842105263157896,0.631578947368421
59.16257845145082,2.131578947368421,2.8842105263157896,0.6842105263157894
64.32958367133539,2.131578947368421,2.8842105263157896,0.7368421052631579
69.7793957667963,2.131578947368421,2.8842105263157896,0.7894736842105263
75.42529888259766,2.131578947368421,2.8842105263157896,0.8421052631578947
81.20246383356599,2.131578947368421,2.8842105263157896,0.894736842105263
87.06205358383298,2.131578947368421,2.8842105263157896,0.9473684210526316
92.96710427072011,2.131578947368421,2.8842105263157896,1.0
853.7366658846075,2.131578947368421,2.936842105263158,0.0
460.2514973755809,2.131578947368421,2.936842105263158,0.0526315789473684
264.97982463031343,2.131578947368421,2.936842105263158,0.1052631578947368
164.23029075772448,2.131578947368421,2.936842105263158,0.1578947368421052
110.24203925084778,2.131578947368421,2.936842105263158,0.2105263157894736
80.47390101973905,2.131578947368421,2.936842105263158,0.2631578947368421
63.9438465116,2.131578947368421,2.936842105263158,0.3157894736842105
55.083980706425855,2.131578947368421,2.936842105263158,0.3684210526315789
50.941217735004905,2.131578947368421,2.936842105263158,0.4210526315789473
49.84805814353517,2.131578947368421,2.936842105263158,0.4736842105263157
50.81807173660818,2.131578947368421,2.936842105263158,0.5263157894736842
53.2235969330081,2.131578947368421,2.936842105263158,0.5789473684210527
56.6462438739488,2.131578947368421,2.936842105263158,0.631578947368421
60.80293137833099,2.131578947368421,2.936842105263158,0.6842105263157894
65.49924059354727,2.131578947368421,2.936842105263158,0.7368421052631579
70.59201972113208,2.131578947368421,2.936842105263158,0.7894736842105263
75.97600271365566,2.131578947368421,2.936842105263158,0.8421052631578947
81.56474008299163,2.131578947368421,2.936842105263158,0.894736842105263
87.2930220390629,2.131578947368421,2.936842105263158,0.9473684210526316
93.1113274715714,2.131578947368421,2.936842105263158,1.0
1284.5737990977957,2.131578947368421,2.9894736842105267,0.0
683.65199407092,2.131578947368421,2.9894736842105267,0.0526315789473684
388.0398739943996,2.131578947368421,2.9894736842105267,0.1052631578947368
236.62792676395284,2.131578947368421,2.9894736842105267,0.1578947368421052
155.6680482480853,2.131578947368421,2.9894736842105267,0.2105263157894736
110.64337970321,2.131578947368421,2.9894736842105267,0.2631578947368421
84.92086654191125,2.131578947368421,2.9894736842105267,0.3157894736842105
70.18018652868557,2.131578947368421,2.9894736842105267,0.3684210526315789
62.06385658575592,2.131578947368421,2.9894736842105267,0.4210526315789473
58.16628430708126,2.131578947368421,2.9894736842105267,0.4736842105263157
57.09431359847728,2.131578947368421,2.9894736842105267,0.5263157894736842
57.98967934896427,2.131578947368421,2.9894736842105267,0.5789473684210527
60.28044453445812,2.131578947368421,2.9894736842105267,0.631578947368421
63.57743281767144,2.131578947368421,2.9894736842105267,0.6842105263157894
67.61214438571427,2.131578947368421,2.9894736842105267,0.7368421052631579
72.19533693513944,2.131578947368421,2.9894736842105267,0.7894736842105263
77.18166718341321,2.131578947368421,2.9894736842105267,0.8421052631578947
82.47058565926282,2.131578947368421,2.9894736842105267,0.894736842105263
87.97632993504811,2.131578947368421,2.9894736842105267,0.9473684210526316
93.63274237123676,2.131578947368421,2.9894736842105267,1.0
1935.597822095762,2.131578947368421,3.042105263157895,0.0
1016.056279355752,2.131578947368421,3.042105263157895,0.0526315789473684
568.00546817593,2.131578947368421,3.042105263157895,0.1052631578947368
340.70700329354577,2.131578947368421,3.042105263157895,0.1578947368421052
220.02652941777487,2.131578947368421,3.042105263157895,0.2105263157894736
152.9466854494997,2.131578947368421,3.042105263157895,0.2631578947368421
114.17378832320304,2.131578947368421,3.042105263157895,0.3157894736842105
91.21664585887014,2.131578947368421,3.042105263157895,0.3684210526315789
77.63493243794274,2.131578947368421,3.042105263157895,0.4210526315789473
69.93471698118118,2.131578947368421,3.042105263157895,0.4736842105263157
66.11141010902568,2.131578947368421,3.042105263157895,0.5263157894736842
64.95214946085001,2.131578947368421,3.042105263157895,0.5789473684210527
65.69062557686571,2.131578947368421,3.042105263157895,0.631578947368421
67.80533377987574,2.131578947368421,3.042105263157895,0.6842105263157894
70.9280319950351,2.131578947368421,3.042105263157895,0.7368421052631579
74.80051750492055,2.131578947368421,3.042105263157895,0.7894736842105263
79.23618948164486,2.131578947368421,3.042105263157895,0.8421052631578947
84.08792731728384,2.131578947368421,3.042105263157895,0.894736842105263
89.25520547917412,2.131578947368421,3.042105263157895,0.9473684210526316
94.65446659082691,2.131578947368421,3.042105263157895,1.0
2922.5680007759493,2.131578947368421,3.094736842105263,0.0
1512.3510818841085,2.131578947368421,3.094736842105263,0.0526315789473684
831.92079422879,2.131578947368421,3.094736842105263,0.1052631578947368
490.4788070602057,2.131578947368421,3.094736842105263,0.1578947368421052
311.0363141836791,2.131578947368421,3.094736842105263,0.2105263157894736
211.93896304510028,2.131578947368421,3.094736842105263,0.2631578947368421
154.5846046887343,2.131578947368421,3.094736842105263,0.3157894736842105
120.13437210483644,2.131578947368421,3.094736842105263,0.3684210526315789
99.01697344702232,2.131578947368421,3.094736842105263,0.4210526315789473
86.12809552209394,2.131578947368421,3.094736842105263,0.4736842105263157
78.59274833050017,2.131578947368421,3.094736842105263,0.5263157894736842
74.69676261864116,2.131578947368421,3.094736842105263,0.5789473684210527
73.36828018693116,2.131578947368421,3.094736842105263,0.631578947368421
73.89353601185339,2.131578947368421,3.094736842105263,0.6842105263157894
75.77914099241976,2.131578947368421,3.094736842105263,0.7368421052631579
78.68364731741038,2.131578947368421,3.094736842105263,0.7894736842105263
82.3569070230125,2.131578947368421,3.094736842105263,0.8421052631578947
86.61297273479825,2.131578947368421,3.094736842105263,0.894736842105263
91.30379866783494,2.131578947368421,3.094736842105263,0.9473684210526316
96.32394515666536,2.131578947368421,3.094736842105263,1.0
4424.129968561486,2.131578947368421,3.147368421052632,0.0
2256.3980842912406,2.131578947368421,3.147368421052632,0.0526315789473684
1220.546320127931,2.131578947368421,3.147368421052632,0.1052631578947368
706.6896786132354,2.131578947368421,3.147368421052632,0.1578947368421052
439.8846859273225,2.131578947368421,3.147368421052632,0.2105263157894736
294.0687140982904,2.131578947368421,3.147368421052632,0.2631578947368421
210.1386130066482,2.131578947368421,3.147368421052632,0.3157894736842105
159.56352426154834,2.131578947368421,3.147368421052632,0.3684210526315789
128.0464748227064,2.131578947368421,3.147368421052632,0.4210526315789473
108.08722981395913,2.131578947368421,3.147368421052632,0.4736842105263157
95.53740701728812,2.131578947368421,3.147368421052632,0.5263157894736842
87.96882336813108,2.131578947368421,3.147368421052632,0.5789473684210527
83.87959264015923,2.131578947368421,3.147368421052632,0.631578947368421
82.29939547078037,2.131578947368421,3.147368421052632,0.6842105263157894
82.55829965069807,2.131578947368421,3.147368421052632,0.7368421052631579
84.18315176926029,2.131578947368421,3.147368421052632,0.7894736842105263
86.83292645609542,2.131578947368421,3.147368421052632,0.8421052631578947
90.27183026003678,2.131578947368421,3.147368421052632,0.894736842105263
94.31760462559404,2.131578947368421,3.147368421052632,0.9473684210526316
98.82115987193082,2.131578947368421,3.147368421052632,1.0
6716.675166494269,2.131578947368421,3.2,0.0
3376.782826440284,2.131578947368421,3.2,0.0526315789473684
1795.6066980207345,2.131578947368421,3.2,0.1052631578947368
1020.2414204509988,2.131578947368421,3.2,0.1578947368421052
622.8979416345265,2.131578947368421,3.2,0.2105263157894736
408.53244867943545,2.131578947368421,3.2,0.2631578947368421
286.3890018088682,2.131578947368421,3.2,0.3157894736842105
213.09333983790316,2.131578947368421,3.2,0.3684210526315789
167.18758865070944,2.131578947368421,3.2,0.4210526315789473
137.58951039160854,2.131578947368421,3.2,0.4736842105263157
118.2774906771889,2.131578947368421,3.2,0.5263157894736842
105.79189301394878,2.131578947368421,3.2,0.5789473684210527
98.02929653145962,2.131578947368421,3.2,0.631578947368421
93.64462427522538,2.131578947368421,3.2,0.6842105263157894
91.73907046297212,2.131578947368421,3.2,0.7368421052631579
91.67580144653265,2.131578947368421,3.2,0.7894736842105263
92.99812661956192,2.131578947368421,3.2,0.8421052631578947
95.37132271245504,2.131578947368421,3.2,0.894736842105263
98.55305735651262,2.131578947368421,3.2,0.9473684210526316
102.35928104859194,2.131578947368421,3.2,1.0
86.45291680059916,2.236842105263158,2.2,0.0
71.70139062906271,2.236842105263158,2.2,0.0526315789473684
62.86344774537231,2.236842105263158,2.2,0.1052631578947368
57.970778268510585,2.236842105263158,2.2,0.1578947368421052
55.72083164934069,2.236842105263158,2.2,0.2105263157894736
55.15048600602759,2.236842105263158,2.2,0.2631578947368421
55.77115507079039,2.236842105263158,2.2,0.3157894736842105
57.259849199871546,2.236842105263158,2.2,0.3684210526315789
59.38974162111006,2.236842105263158,2.2,0.4210526315789473
61.99971574898401,2.236842105263158,2.2,0.4736842105263157
64.98023151520533,2.236842105263158,2.2,0.5263157894736842
68.24448041886247,2.236842105263158,2.2,0.5789473684210527
71.72808139984848,2.236842105263158,2.2,0.631578947368421
75.41377393863732,2.236842105263158,2.2,0.6842105263157894
79.26995970120981,2.236842105263158,2.2,0.7368421052631579
83.26216662314782,2.236842105263158,2.2,0.7894736842105263
87.3628964385675,2.236842105263158,2.2,0.8421052631578947
91.55001597137702,2.236842105263158,2.2,0.894736842105263
95.80557093353974,2.236842105263158,2.2,0.9473684210526316
100.11489988993664,2.236842105263158,2.2,1.0
71.03572396739344,2.236842105263158,2.2526315789473688,0.0
59.02818341547413,2.236842105263158,2.2526315789473688,0.0526315789473684
52.27461155512558,2.236842105263158,2.2526315789473688,0.1052631578947368
48.98580702164762,2.236842105263158,2.2526315789473688,0.1578947368421052
47.8863185486775,2.236842105263158,2.2526315789473688,0.2105263157894736
48.23942533796709,2.236842105263158,2.2526315789473688,0.2631578947368421
49.62711871686568,2.236842105263158,2.2526315789473688,0.3157894736842105
51.76366269669409,2.236842105263158,2.2526315789473688,0.3684210526315789
54.44964601254909,2.236842105263158,2.2526315789473688,0.4210526315789473
57.55056232870811,2.236842105263158,2.2526315789473688,0.4736842105263157
60.964330676519936,2.236842105263158,2.2526315789473688,0.5263157894736842
64.61958099711664,2.236842105263158,2.2526315789473688,0.5789473684210527
68.49285871413885,2.236842105263158,2.2526315789473688,0.631578947368421
72.54109359404524,2.236842105263158,2.2526315789473688,0.6842105263157894
76.72612782827508,2.236842105263158,2.2526315789473688,0.7368421052631579
81.01791733666654,2.236842105263158,2.2526315789473688,0.7894736842105263
85.39258400475465,2.236842105263158,2.2526315789473688,0.8421052631578947
89.83099597346839,2.236842105263158,2.2526315789473688,0.894736842105263
94.31771874407654,2.236842105263158,2.2526315789473688,0.9473684210526316
98.84023022064332,2.236842105263158,2.2526315789473688,1.0
59.032742467088674,2.236842105263158,2.305263157894737,0.0
48.75911176064189,2.236842105263158,2.305263157894737,0.0526315789473684
43.431003983934914,2.236842105263158,2.305263157894737,0.1052631578947368
41.2396387932901,2.236842105263158,2.305263157894737,0.1578947368421052
40.98542364173622,2.236842105263158,2.305263157894737,0.2105263157894736
42.05548545797548,2.236842105263158,2.305263157894737,0.2631578947368421
44.05738811432607,2.236842105263158,2.305263157894737,0.3157894736842105
46.72643318183406,2.236842105263158,2.305263157894737,0.3684210526315789
49.88626258165531,2.236842105263158,2.305263157894737,0.4210526315789473
53.40970219582801,2.236842105263158,2.305263157894737,0.4736842105263157
57.21374914096628,2.236842105263158,2.305263157894737,0.5263157894736842
61.2601247806408,2.236842105263158,2.305263157894737,0.5789473684210527
65.49348115808127,2.236842105263158,2.305263157894737,0.631578947368421
69.86982766898227,2.236842105263158,2.305263157894737,0.6842105263157894
74.35503956478843,2.236842105263158,2.305263157894737,0.7368421052631579
78.92238214787692,2.236842105263158,2.305263157894737,0.7894736842105263
83.55073266043476,2.236842105263158,2.305263157894737,0.8421052631578947
88.22328391788507,2.236842105263158,2.305263157894737,0.894736842105263
92.9265859647516,2.236842105263158,2.305263157894737,0.9473684210526316
97.64982841293116,2.236842105263158,2.305263157894737,1.0
50.5299879878385,2.236842105263158,2.357894736842105,0.0
40.911072305989855,2.236842105263158,2.357894736842105,0.0526315789473684
36.32168285464415,2.236842105263158,2.357894736842105,0.1052631578947368
34.72138991857188,2.236842105263158,2.357894736842105,0.1578947368421052
35.01769854260633,2.236842105263158,2.357894736842105,0.2105263157894736
36.593948134114456,2.236842105263158,2.357894736842105,0.2631578947368421
39.0549253865664,2.236842105263158,2.357894736842105,0.3157894736842105
42.145160373274926,2.236842105263158,2.357894736842105,0.3684210526315789
45.69123637419381,2.236842105263158,2.357894736842105,0.4210526315789473
49.587050069074266,2.236842105263158,2.357894736842105,0.4736842105263157
53.76710271087156,2.236842105263158,2.357894736842105,0.5263157894736842
58.16014435131069,2.236842105263158,2.357894736842105,0.5789473684210527
62.71243466032816,2.236842105263158,2.357894736842105,0.631578947368421
67.3830110191224,2.236842105263158,2.357894736842105,0.6842105263157894
72.14030434008758,2.236842105263158,2.357894736842105,0.7368421052631579
76.95976099731242,2.236842105263158,2.357894736842105,0.7894736842105263
81.82214043471097,2.236842105263158,2.357894736842105,0.8421052631578947
86.71227642489312,2.236842105263158,2.357894736842105,0.894736842105263
91.61816247261532,2.236842105263158,2.357894736842105,0.9473684210526316
96.53026758619048,2.236842105263158,2.357894736842105,1.0
45.8729979478128,2.236842105263158,2.4105263157894736,0.0
35.665906042579714,2.236842105263158,2.4105263157894736,0.0526315789473684
30.994757879752093,2.236842105263158,2.4105263157894736,0.1052631578947368
29.509785350771523,2.236842105263158,2.4105263157894736,0.1578947368421052
30.03601063514021,2.236842105263158,2.4105263157894736,0.2105263157894736
31.889777770798865,2.236842105263158,2.4105263157894736,0.2631578947368421
34.64725302491475,2.236842105263158,2.4105263157894736,0.3157894736842105
38.0378301170677,2.236842105263158,2.4105263157894736,0.3684210526315789
41.90385724184658,2.236842105263158,2.4105263157894736,0.4210526315789473
46.13200584255603,2.236842105263158,2.4105263157894736,0.4736842105263157
50.62537886790695,2.236842105263158,2.4105263157894736,0.5263157894736842
55.31295441246154,2.236842105263158,2.4105263157894736,0.5789473684210527
60.14177963391547,2.236842105263158,2.4105263157894736,0.631578947368421
65.07183130257746,2.236842105263158,2.4105263157894736,0.6842105263157894
70.07252761821323,2.236842105263158,2.4105263157894736,0.7368421052631579
75.12029968086425,2.236842105263158,2.4105263157894736,0.7894736842105263
80.19686413577992,2.236842105263158,2.4105263157894736,0.8421052631578947
85.28797199659466,2.236842105263158,2.4105263157894736,0.894736842105263
90.38248804142596,2.236842105263158,2.4105263157894736,0.9473684210526316
95.47170405876314,2.236842105263158,2.4105263157894736,1.0
45.784442271148336,2.236842105263158,2.463157894736842,0.0
33.385283578761126,2.236842105263158,2.463157894736842,0.0526315789473684
27.679272346879824,2.236842105263158,2.463157894736842,0.1052631578947368
25.762279236970414,2.236842105263158,2.463157894736842,0.1578947368421052
26.15391636692912,2.236842105263158,2.463157894736842,0.2105263157894736
28.027223607506237,2.236842105263158,2.463157894736842,0.2631578947368421
30.899160706272745,2.236842105263158,2.463157894736842,0.3157894736842105
34.48740774314874,2.236842105263158,2.463157894736842,0.3684210526315789
38.590954299062,2.236842105263158,2.463157894736842,0.4210526315789473
43.06276048073797,2.236842105263158,2.463157894736842,0.4736842105263157
47.799037536235794,2.236842105263158,2.463157894736842,0.5263157894736842
52.72469976495445,2.236842105263158,2.463157894736842,0.5789473684210527
57.78438132903875,2.236842105263158,2.463157894736842,0.631578947368421
62.936654320018896,2.236842105263158,2.463157894736842,0.6842105263157894
68.15017200188373,2.236842105263158,2.463157894736842,0.7368421052631579
73.401018093622,2.236842105263158,2.463157894736842,0.7894736842105263
78.67083923722352,2.236842105263158,2.463157894736842,0.8421052631578947
83.94550190777501,2.236842105263158,2.463157894736842,0.894736842105263
89.2141096862352,2.236842105263158,2.463157894736842,0.9473684210526316
94.46827357479336,2.236842105263158,2.463157894736842,1.0
51.48757971342787,2.236842105263158,2.515789473684211,0.0
34.69154853831961,2.236842105263158,2.515789473684211,0.0526315789473684
26.768023512570107,2.236842105263158,2.515789473684211,0.1052631578947368
23.73297176615197,2.236842105263158,2.515789473684211,0.1578947368421052
23.551768362681333,2.236842105263158,2.515789473684211,0.2105263157894736
25.15364625353382,2.236842105263158,2.515789473684211,0.2631578947368421
27.95890841686049,2.236842105263158,2.515789473684211,0.3157894736842105
31.59369000563161,2.236842105263158,2.515789473684211,0.3684210526315789
35.80354047148256,2.236842105263158,2.515789473684211,0.4210526315789473
40.41733090538244,2.236842105263158,2.515789473684211,0.4736842105263157
45.31647211844874,2.236842105263158,2.515789473684211,0.5263157894736842
50.41642599204969,2.236842105263158,2.515789473684211,0.5789473684210527
55.655611397532944,2.236842105263158,2.515789473684211,0.631578947368421
60.98843593815738,2.236842105263158,2.515789473684211,0.6842105263157894
66.38073879854075,2.236842105263158,2.515789473684211,0.7368421052631579
71.80670656577831,2.236842105263158,2.515789473684211,0.7894736842105263
77.24672589264674,2.236842105263158,2.515789473684211,0.8421052631578947
82.68585325800494,2.236842105263158,2.515789473684211,0.894736842105263
88.11270342810231,2.236842105263158,2.515789473684211,0.9473684210526316
93.51862911303374,2.236842105263158,2.515789473684211,1.0
64.88664017963565,2.236842105263158,2.568421052631579,0.0
40.65274221144436,2.236842105263158,2.568421052631579,0.0526315789473684
28.896522304503264,2.236842105263158,2.568421052631579,0.1052631578947368
23.8078294760708,2.236842105263158,2.568421052631579,0.1578947368421052
22.50452752407833,2.236842105263158,2.568421052631579,0.2105263157894736
23.51129206093263,2.236842105263158,2.568421052631579,0.2631578947368421
25.99365096140507,2.236842105263158,2.568421052631579,0.3157894736842105
29.466153138709007,2.236842105263158,2.568421052631579,0.3684210526315789
33.624969664344206,2.236842105263158,2.568421052631579,0.4210526315789473
38.25990401683888,2.236842105263158,2.568421052631579,0.4736842105263157
43.22745360527263,2.236842105263158,2.568421052631579,0.5263157894736842
48.42686123718655,2.236842105263158,2.568421052631579,0.5789473684210527
53.78562313236163,2.236842105263158,2.568421052631579,0.631578947368421
59.25060272064508,2.236842105263158,2.568421052631579,0.6842105263157894
64.78233669553637,2.236842105263158,2.568421052631579,0.7368421052631579
70.35124495222436,2.236842105263158,2.568421052631579,0.7894736842105263
75.93502632490738,2.236842105263158,2.568421052631579,0.8421052631578947
81.51682194575925,2.236842105263158,2.568421052631579,0.894736842105263
87.08389222723247,2.236842105263158,2.568421052631579,0.9473684210526316
92.626647153148,2.236842105263158,2.568421052631579,1.0
88.8827021866042,2.236842105263158,2.6210526315789475,0.0
52.883728042736,2.236842105263158,2.6210526315789475,0.0526315789473684
35.00797379214498,2.236842105263158,2.6210526315789475,0.1052631578947368
26.60073359869864,2.236842105263158,2.6210526315789475,0.1578947368421052
23.446456712457348,2.236842105263158,2.6210526315789475,0.2105263157894736
23.367008499457143,2.236842105263158,2.6210526315789475,0.2631578947368421
25.19667808156313,2.236842105263158,2.6210526315789475,0.3157894736842105
28.265072328643363,2.236842105263158,2.6210526315789475,0.3684210526315789
32.17859997207257,2.236842105263158,2.6210526315789475,0.4210526315789473
36.6866129438856,2.236842105263158,2.6210526315789475,0.4736842105263157
41.607692091820745,2.236842105263158,2.6210526315789475,0.5263157894736842
46.81607977831771,2.236842105263158,2.6210526315789475,0.5789473684210527
52.222334074589845,2.236842105263158,2.6210526315789475,0.631578947368421
57.76150769546991,2.236842105263158,2.6210526315789475,0.6842105263157894
63.385723411508586,2.236842105263158,2.6210526315789475,0.7368421052631579
69.05931453991246,2.236842105263158,2.6210526315789475,0.7894736842105263
74.75553132067947,2.236842105263158,2.6210526315789475,0.8421052631578947
80.45424354578466,2.236842105263158,2.6210526315789475,0.894736842105263
86.14030027414319,2.236842105263158,2.6210526315789475,0.9473684210526316
91.80233630267205,2.236842105263158,2.6210526315789475,1.0
127.9453869327736,2.236842105263158,2.673684210526316,0.0
73.7815332630762,2.236842105263158,2.673684210526316,0.0526315789473684
46.50773296281006,2.236842105263158,2.673684210526316,0.1052631578947368
33.0087704447842,2.236842105263158,2.673684210526316,0.1578947368421052
26.93521437774552,2.236842105263158,2.673684210526316,0.2105263157894736
25.09999760533827,2.236842105263158,2.673684210526316,0.2631578947368421
25.826673727333738,2.236842105263158,2.673684210526316,0.3157894736842105
28.19074212718485,2.236842105263158,2.673684210526316,0.3684210526315789
31.637505540216917,2.236842105263158,2.673684210526316,0.4210526315789473
35.83315668662803,2.236842105263158,2.673684210526316,0.4736842105263157
40.56480971656036,2.236842105263158,2.673684210526316,0.5263157894736842
45.67027080407098,2.236842105263158,2.673684210526316,0.5789473684210527
51.035289546861456,2.236842105263158,2.673684210526316,0.631578947368421
56.57759849090067,2.236842105263158,2.673684210526316,0.6842105263157894
62.23693040195337,2.236842105263158,2.673684210526316,0.7368421052631579
67.96859213818357,2.236842105263158,2.673684210526316,0.7894736842105263
73.73916913392169,2.236842105263158,2.673684210526316,0.8421052631578947
79.52356276716007,2.236842105263158,2.673684210526316,0.894736842105263
85.30289427507297,2.236842105263158,2.673684210526316,0.9473684210526316
91.06299085464693,2.236842105263158,2.673684210526316,1.0
188.8054905532697,2.236842105263158,2.726315789473684,0.0
106.92820069468016,2.236842105263158,2.726315789473684,0.0526315789473684
65.4352445461042,2.236842105263158,2.726315789473684,0.1052631578947368
44.23392612031558,2.236842105263158,2.726315789473684,0.1578947368421052
33.7453621908853,2.236842105263158,2.726315789473684,0.2105263157894736
29.237840186094097,2.236842105263158,2.726315789473684,0.2631578947368421
28.268107401363277,2.236842105263158,2.726315789473684,0.3157894736842105
29.511192154965038,2.236842105263158,2.726315789473684,0.3684210526315789
32.207166728054204,2.236842105263158,2.726315789473684,0.4210526315789473
35.88311756842774,2.236842105263158,2.726315789473684,0.4736842105263157
40.24611312599168,2.236842105263158,2.726315789473684,0.5263157894736842
45.10790426153671,2.236842105263158,2.726315789473684,0.5789473684210527
50.32063195843895,2.236842105263158,2.726315789473684,0.631578947368421
55.77747438292752,2.236842105263158,2.726315789473684,0.6842105263157894
61.400611389936245,2.236842105263158,2.726315789473684,0.7368421052631579
67.13254004691572,2.236842105263158,2.726315789473684,0.7894736842105263
72.93034963435503,2.236842105263158,2.726315789473684,0.8421052631578947
78.76181802335661,2.236842105263158,2.726315789473684,0.894736842105263
84.60267536015489,2.236842105263158,2.726315789473684,0.9473684210526316
90.43464258493078,2.236842105263158,2.726315789473684,1.0
281.6156819918904,2.236842105263158,2.778947368421053,0.0
157.60436545342546,2.236842105263158,2.778947368421053,0.0526315789473684
94.67665839184605,2.236842105263158,2.778947368421053,0.1052631578947368
61.980598251534445,2.236842105263158,2.778947368421053,0.1578947368421052
44.95784619667028,2.236842105263158,2.778947368421053,0.2105263157894736
36.51143113330036,2.236842105263158,2.778947368421053,0.2631578947368421
33.03816542507534,2.236842105263158,2.778947368421053,0.3157894736842105
32.61605550396135,2.236842105263158,2.778947368421053,0.3684210526315789
34.16893104061798,2.236842105263158,2.778947368421053,0.4210526315789473
37.04942319097945,2.236842105263158,2.778947368421053,0.4736842105263157
40.843636160189305,2.236842105263158,2.778947368421053,0.5263157894736842
45.28767524821018,2.236842105263158,2.778947368421053,0.5789473684210527
50.20746713760074,2.236842105263158,2.778947368421053,0.631578947368421
55.467059261573965,2.236842105263158,2.778947368421053,0.6842105263157894
60.96429461149444,2.236842105263158,2.778947368421053,0.7368421052631579
66.6239364167824,2.236842105263158,2.778947368421053,0.7894736842105263
72.38992114858156,2.236842105263158,2.778947368421053,0.8421052631578947
78.22013752795785,2.236842105263158,2.778947368421053,0.894736842105263
84.08280146742233,2.236842105263158,2.778947368421053,0.9473684210526316
89.95387745684548,2.236842105263158,2.778947368421053,1.0
421.6581553292783,2.236842105263158,2.8315789473684214,0.0
233.5244217177343,2.236842105263158,2.8315789473684214,0.0526315789473684
138.39805461553388,2.236842105263158,2.8315789473684214,0.1052631578947368
88.66989526022181,2.236842105263158,2.8315789473684214,0.1578947368421052
62.08003574254465,2.236842105263158,2.8315789473684214,0.2105263157894736
47.92167036185929,2.236842105263158,2.8315789473684214,0.2631578947368421
40.83900831977052,2.236842105263158,2.8315789473684214,0.3157894736842105
38.02217597959958,2.236842105263158,2.8315789473684214,0.3684210526315789
37.91867314846903,2.236842105263158,2.8315789473684214,0.4210526315789473
39.62760251900477,2.236842105263158,2.8315789473684214,0.4736842105263157
42.58124370444442,2.236842105263158,2.8315789473684214,0.5263157894736842
46.40827386451992,2.236842105263158,2.8315789473684214,0.5789473684210527
50.86599992482996,2.236842105263158,2.8315789473684214,0.631578947368421
55.78618264415377,2.236842105263158,2.8315789473684214,0.6842105263157894
61.043768756480766,2.236842105263158,2.8315789473684214,0.7368421052631579
66.53932972345837,2.236842105263158,2.8315789473684214,0.7894736842105263
72.19888857564963,2.236842105263158,2.8315789473684214,0.8421052631578947
77.966868356777,2.236842105263158,2.8315789473684214,0.894736842105263
83.80124038771052,2.236842105263158,2.8315789473684214,0.9473684210526316
89.67010057366274,2.236842105263158,2.8315789473684214,1.0
632.1420933690198,2.236842105263158,2.8842105263157896,0.0
346.2712130171068,2.236842105263158,2.8842105263157896,0.0526315789473684
202.67516411999244,2.236842105263158,2.8842105263157896,0.1052631578947368
127.70091731607722,2.236842105263158,2.8842105263157896,0.1578947368421052
87.18010240953463,2.236842105263158,2.8842105263157896,0.2105263157894736
64.83057541012664,2.236842105263158,2.8842105263157896,0.2631578947368421
52.618773964394,2.236842105263158,2.8842105263157896,0.3157894736842105
46.41415896647342,2.236842105263158,2.8842105263157896,0.3684210526315789
43.97787268365883,2.236842105263158,2.8842105263157896,0.4210526315789473
44.02229758253019,2.236842105263158,2.8842105263157896,0.4736842105263157
45.76890504125903,2.236842105263158,2.8842105263157896,0.5263157894736842
48.70834275255877,2.236842105263158,2.8842105263157896,0.5789473684210527
52.49982682117764,2.236842105263158,2.8842105263157896,0.631578947368421
56.91586118150049,2.236842105263158,2.8842105263157896,0.6842105263157894
61.78989700292156,2.236842105263158,2.8842105263157896,0.7368421052631579
67.00465115000799,2.236842105263158,2.8842105263157896,0.7894736842105263
72.46308088475926,2.236842105263158,2.8842105263157896,0.8421052631578947
78.09149152459503,2.236842105263158,2.8842105263157896,0.894736842105263
83.83407921428258,2.236842105263158,2.8842105263157896,0.9473684210526316
89.64835359030707,2.236842105263158,2.8842105263157896,1.0
948.4078356371334,2.236842105263158,2.936842105263158,0.0
513.2458285052005,2.236842105263158,2.936842105263158,0.0526315789473684
296.5235490580232,2.236842105263158,2.936842105263158,0.1052631578947368
184.03047603197464,2.236842105263158,2.936842105263158,0.1578947368421052
123.15150038253206,2.236842105263158,2.936842105263158,0.2105263157894736
89.04719422010139,2.236842105263158,2.936842105263158,0.2631578947368421
69.61005841459688,2.236842105263158,2.936842105263158,0.3157894736842105
58.69451059572591,2.236842105263158,2.936842105263158,0.3684210526315789
53.02493659859717,2.236842105263158,2.936842105263158,0.4210526315789473
50.7621676719684,2.236842105263158,2.936842105263158,0.4736842105263157
50.82249413470437,2.236842105263158,2.936842105263158,0.5263157894736842
52.51267204753196,2.236842105263158,2.936842105263158,0.5789473684210527
55.3667897729436,2.236842105263158,2.936842105263158,0.631578947368421
59.06599021102392,2.236842105263158,2.936842105263158,0.6842105263157894
63.393049617761,2.236842105263158,2.936842105263158,0.7368421052631579
68.18228285370938,2.236842105263158,2.936842105263158,0.7894736842105263
73.31900644918899,2.236842105263158,2.936842105263158,0.8421052631578947
78.70951616539847,2.236842105263158,2.936842105263158,0.894736842105263
84.2796481623086,2.236842105263158,2.936842105263158,0.9473684210526316
89.97281499216214,2.236842105263158,2.936842105263158,1.0
1424.4780825648645,2.236842105263158,2.9894736842105267,0.0
760.6811401318968,2.236842105263158,2.9894736842105267,0.0526315789473684
433.2894515866048,2.236842105263158,2.9894736842105267,0.1052631578947368
264.8575178853088,2.236842105263158,2.9894736842105267,0.1578947368421052
174.14836179625172,2.236842105263158,2.9894736842105267,0.2105263157894736
123.1313728910254,2.236842105263158,2.9894736842105267,0.2631578947368421
93.47333379734393,2.236842105263158,2.9894736842105267,0.3157894736842105
75.99798566419372,2.236842105263158,2.9894736842105267,0.3684210526315789
65.89532950439389,2.236842105263158,2.9894736842105267,0.4210526315789473
60.505961616793805,2.236842105263158,2.9894736842105267,0.4736842105263157
58.27380605366123,2.236842105263158,2.9894736842105267,0.5263157894736842
58.24599995108876,2.236842105263158,2.9894736842105267,0.5789473684210527
59.80251984464981,2.236842105263158,2.9894736842105267,0.631578947368421
62.51147933469726,2.236842105263158,2.9894736842105267,0.6842105263157894
66.06967819762836,2.236842105263158,2.9894736842105267,0.7368421052631579
70.26648487475224,2.236842105263158,2.9894736842105267,0.7894736842105263
74.93707489398581,2.236842105263158,2.9894736842105267,0.8421052631578947
79.96411707869228,2.236842105263158,2.9894736842105267,0.894736842105263
85.25864813664715,2.236842105263158,2.9894736842105267,0.9473684210526316
90.74540787142284,2.236842105263158,2.9894736842105267,1.0
2143.223128417295,2.236842105263158,3.042105263157895,0.0
1128.3262828319275,2.236842105263158,3.042105263157895,0.0526315789473684
632.8694412542109,2.236842105263158,3.042105263157895,0.1052631578947368
380.7009311195648,2.236842105263158,3.042105263157895,0.1578947368421052
246.10516814568317,2.236842105263158,3.042105263157895,0.2105263157894736
170.67453350758262,2.236842105263158,3.042105263157895,0.2631578947368421
126.53534788399764,2.236842105263158,3.042105263157895,0.3157894736842105
99.91568203073112,2.236842105263158,3.042105263157895,0.3684210526315789
83.7096639725509,2.236842105263158,3.042105263157895,0.4210526315789473
74.05833630272213,2.236842105263158,3.042105263157895,0.4736842105263157
68.74475590649108,2.236842105263158,3.042105263157895,0.5263157894736842
66.4231917056947,2.236842105263158,3.042105263157895,0.5789473684210527
66.23621127738667,2.236842105263158,3.042105263157895,0.631578947368421
67.59772740814584,2.236842105263158,3.042105263157895,0.6842105263157894
70.1087220273279,2.236842105263158,3.042105263157895,0.7368421052631579
73.48220646597294,2.236842105263158,3.042105263157895,0.7894736842105263
77.51130571517584,2.236842105263158,3.042105263157895,0.8421052631578947
82.03161051968635,2.236842105263158,3.042105263157895,0.894736842105263
86.92093539980986,2.236842105263158,3.042105263157895,0.9473684210526316
92.0936492010204,2.236842105263158,3.042105263157895,1.0
3232.1535304892154,2.236842105263158,3.094736842105263,0.0
1676.6565352888128,2.236842105263158,3.094736842105263,0.0526315789473684
925.0766519633264,2.236842105263158,3.094736842105263,0.1052631578947368
547.020050039837,2.236842105263158,3.094736842105263,0.1578947368421052
347.5496094179628,2.236842105263158,3.094736842105263,0.2105263157894736
236.7178204720093,2.236842105263158,3.094736842105263,0.2631578947368421
171.99190406936307,2.236842105263158,3.094736842105263,0.3157894736842105
132.6068250398854,2.236842105263158,3.094736842105263,0.3684210526315789
108.00649488884751,2.236842105263158,3.094736842105263,0.4210526315789473
92.55665625199936,2.236842105263158,3.094736842105263,0.4736842105263157
83.08021676587454,2.236842105263158,3.094736842105263,0.5263157894736842
77.68011498626907,2.236842105263158,3.094736842105263,0.5789473684210527
75.16522338297425,2.236842105263158,3.094736842105263,0.631578947368421
74.74632346577422,2.236842105263158,3.094736842105263,0.6842105263157894
75.87099107724137,2.236842105263158,3.094736842105263,0.7368421052631579
78.14705566161544,2.236842105263158,3.094736842105263,0.7894736842105263
81.2958428907681,2.236842105263158,3.094736842105263,0.8421052631578947
85.12234412441695,2.236842105263158,3.094736842105263,0.894736842105263
89.46186197114305,2.236842105263158,3.094736842105263,0.9473684210526316
94.18832053701075,2.236842105263158,3.094736842105263,1.0
4888.03088841555,2.236842105263158,3.147368421052632,0.0
2498.052244671495,2.236842105263158,3.147368421052632,0.0526315789473684
1354.8245692987427,2.236842105263158,3.147368421052632,0.1052631578947368
786.6862464693836,2.236842105263158,3.147368421052632,0.1578947368421052
490.8251544402576,2.236842105263158,3.147368421052632,0.2105263157894736
328.3856726276151,2.236842105263158,3.147368421052632,0.2631578947368421
234.2548199904369,2.236842105263158,3.147368421052632,0.3157894736842105
176.99115735346723,2.236842105263158,3.147368421052632,0.3684210526315789
140.831795872557,2.236842105263158,3.147368421052632,0.4210526315789473
117.50174507968012,2.236842105263158,3.147368421052632,0.4736842105263157
102.41973784252194,2.236842105263158,3.147368421052632,0.5263157894736842
92.90093418427628,2.236842105263158,3.147368421052632,0.5789473684210527
87.28135772317117,2.236842105263158,3.147368421052632,0.631578947368421
84.48368470103178,2.236842105263158,3.147368421052632,0.6842105263157894
83.76617753007243,2.236842105263158,3.147368421052632,0.7368421052631579
84.60198592688488,2.236842105263158,3.147368421052632,0.7894736842105263
86.61024185980051,2.236842105263158,3.147368421052632,0.8421052631578947
89.5128342903273,2.236842105263158,3.147368421052632,0.894736842105263
93.10661703750996,2.236842105263158,3.147368421052632,0.9473684210526316
97.23554827406323,2.236842105263158,3.147368421052632,1.0
7415.261665302871,2.236842105263158,3.2,0.0
3734.1498486475816,2.236842105263158,3.2,0.0526315789473684
1990.117961963762,2.236842105263158,3.2,0.1052631578947368
1133.7584531749214,2.236842105263158,3.2,0.1578947368421052
693.9368699614984,2.236842105263158,3.2,0.2105263157894736
455.8288311242576,2.236842105263158,3.2,0.2631578947368421
319.4600846557043,2.236842105263158,3.2,0.3157894736842105
237.0395020617468,2.236842105263158,3.2,0.3684210526315789
184.91530078203576,2.236842105263158,3.2,0.4210526315789473
150.8653164195318,2.236842105263158,3.2,0.4736842105263157
128.24330449077078,2.236842105263158,3.2,0.5263157894736842
113.2268074417451,2.236842105263158,3.2,0.5789473684210527
103.48888127266838,2.236842105263158,3.2,0.631578947368421
97.53749077065837,2.236842105263158,3.2,0.6842105263157894
94.37629415236178,2.236842105263158,3.2,0.7368421052631579
93.2988948156029,2.236842105263158,3.2,0.7894736842105263
93.7966553947546,2.236842105263158,3.2,0.8421052631578947
95.4960225445328,2.236842105263158,3.2,0.894736842105263
98.12143458137358,2.236842105263158,3.2,0.9473684210526316
101.4676505563042,2.236842105263158,3.2,1.0
89.71763026204223,2.3421052631578947,2.2,0.0
73.751201193082,2.3421052631578947,2.2,0.0526315789473684
64.03615963174751,2.3421052631578947,2.2,0.1052631578947368
58.49397911339332,2.3421052631578947,2.2,0.1578947368421052
55.769165280037576,2.3421052631578947,2.2,0.2105263157894736
54.84037603169543,2.3421052631578947,2.2,0.2631578947368421
55.17773295055197,2.3421052631578947,2.2,0.3157894736842105
56.43974008345594,2.3421052631578947,2.2,0.3684210526315789
58.38645217299916,2.3421052631578947,2.2,0.4210526315789473
60.84626364054592,2.3421052631578947,2.2,0.4736842105263157
63.70145045758617,2.3421052631578947,2.2,0.5263157894736842
66.8625813228941,2.3421052631578947,2.2,0.5789473684210527
70.2588590859123,2.3421052631578947,2.2,0.631578947368421
73.84922956913016,2.3421052631578947,2.2,0.6842105263157894
77.6230762900098,2.3421052631578947,2.2,0.7368421052631579
81.5455328520928,2.3421052631578947,2.2,0.7894736842105263
85.58735113895195,2.3421052631578947,2.2,0.8421052631578947
89.7249692203925,2.3421052631578947,2.2,0.894736842105263
93.93925696976984,2.3421052631578947,2.2,0.9473684210526316
98.21457860372544,2.3421052631578947,2.2,1.0
73.78653556094176,2.3421052631578947,2.2526315789473688,0.0
60.62655516043069,2.3421052631578947,2.2526315789473688,0.0526315789473684
53.04325832114574,2.3421052631578947,2.2526315789473688,0.1052631578947368
49.14628846908881,2.3421052631578947,2.2526315789473688,0.1578947368421052
47.60987142899526,2.3421052631578947,2.2526315789473688,0.2105263157894736
47.62406753331317,2.3421052631578947,2.2526315789473688,0.2631578947368421
48.74494018764215,2.3421052631578947,2.2526315789473688,0.3157894736842105
50.66896322868429,2.3421052631578947,2.2526315789473688,0.3684210526315789
53.18368056832195,2.3421052631578947,2.2526315789473688,0.4210526315789473
56.14321547084017,2.3421052631578947,2.2526315789473688,0.4736842105263157
59.44202068856585,2.3421052631578947,2.2526315789473688,0.5263157894736842
62.99700256962927,2.3421052631578947,2.2526315789473688,0.5789473684210527
66.76729439862889,2.3421052631578947,2.2526315789473688,0.631578947368421
70.72904111381855,2.3421052631578947,2.2526315789473688,0.6842105263157894
74.84157180939454,2.3421052631578947,2.2526315789473688,0.7368421052631579
79.07276953900781,2.3421052631578947,2.2526315789473688,0.7894736842105263
83.39707935664295,2.3421052631578947,2.2526315789473688,0.8421052631578947
87.79400143022745,2.3421052631578947,2.2526315789473688,0.894736842105263
92.24697703179056,2.3421052631578947,2.2526315789473688,0.9473684210526316
96.74255430191864,2.3421052631578947,2.2526315789473688,1.0
61.52764035000504,2.3421052631578947,2.305263157894737,0.0
50.090858609317,2.3421052631578947,2.305263157894737,0.0526315789473684
43.93847862790496,2.3421052631578947,2.305263157894737,0.1052631578947368
41.15942810770744,2.3421052631578947,2.305263157894737,0.1578947368421052
40.47041039705827,2.3421052631578947,2.305263157894737,0.2105263157894736
41.20545798115393,2.3421052631578947,2.305263157894737,0.2631578947368421
42.94520561064343,2.3421052631578947,2.305263157894737,0.3157894736842105
45.40663942668364,2.3421052631578947,2.305263157894737,0.3684210526315789
48.39768438643798,2.3421052631578947,2.305263157894737,0.4210526315789473
51.78540664376423,2.3421052631578947,2.305263157894737,0.4736842105263157
55.46785528191965,2.3421052631578947,2.305263157894737,0.5263157894736842
59.39964831860983,2.3421052631578947,2.305263157894737,0.5789473684210527
63.53792767532576,2.3421052631578947,2.305263157894737,0.631578947368421
67.83544363091401,2.3421052631578947,2.305263157894737,0.6842105263157894
72.25549088605452,2.3421052631578947,2.305263157894737,0.7368421052631579
76.76926962401883,2.3421052631578947,2.305263157894737,0.7894736842105263
81.3539891135522,2.3421052631578947,2.305263157894737,0.8421052631578947
85.9914841442566,2.3421052631578947,2.305263157894737,0.894736842105263
90.66719144688231,2.3421052631578947,2.305263157894737,0.9473684210526316
95.36938257337998,2.3421052631578947,2.305263157894737,1.0
53.05173052187882,2.3421052631578947,2.357894736842105,0.0
42.18339545209475,2.3421052631578947,2.357894736842105,0.0526315789473684
36.72687215785648,2.3421052631578947,2.357894736842105,0.1052631578947368
34.519621932268365,2.3421052631578947,2.357894736842105,0.1578947368421052
34.3592114895911,2.3421052631578947,2.357894736842105,0.2105263157894736
35.58685419562583,2.3421052631578947,2.357894736842105,0.2631578947368421
37.777191924938855,2.3421052631578947,2.357894736842105,0.3157894736842105
40.65197083999946,2.3421052631578947,2.357894736842105,0.3684210526315789
44.026720458863366,2.3421052631578947,2.357894736842105,0.4210526315789473
47.76825987646304,2.3421052631578947,2.357894736842105,0.4736842105263157
51.813181293300495,2.3421052631578947,2.357894736842105,0.5263157894736842
56.09539350479768,2.3421052631578947,2.357894736842105,0.5789473684210527
60.55678917489,2.3421052631578947,2.357894736842105,0.631578947368421
65.15299931866372,2.3421052631578947,2.357894736842105,0.6842105263157894
69.84976446783669,2.3421052631578947,2.357894736842105,0.7368421052631579
74.62038350408551,2.3421052631578947,2.357894736842105,0.7894736842105263
79.44388615446788,2.3421052631578947,2.357894736842105,0.8421052631578947
84.30370216334325,2.3421052631578947,2.357894736842105,0.894736842105263
89.18667784538252,2.3421052631578947,2.357894736842105,0.9473684210526316
94.08233966639146,2.3421052631578947,2.357894736842105,1.0
48.76323725435613,2.3421052631578947,2.4105263157894736,0.0
37.10848716046882,2.3421052631578947,2.4105263157894736,0.0526315789473684
31.483648219868822,2.3421052631578947,2.4105263157894736,0.1052631578947368
29.31902811044857,2.3421052631578947,2.4105263157894736,0.1578947368421052
29.342787658018157,2.3421052631578947,2.4105263157894736,0.2105263157894736
30.813843089572945,2.3421052631578947,2.4105263157894736,0.2631578947368421
33.274593380800006,2.3421052631578947,2.4105263157894736,0.3157894736842105
36.43243207311815,2.3421052631578947,2.4105263157894736,0.3684210526315789
40.09270657404437,2.3421052631578947,2.4105263157894736,0.4210526315789473
44.15029387623572,2.3421052631578947,2.4105263157894736,0.4736842105263157
48.50542687618054,2.3421052631578947,2.4105263157894736,0.5263157894736842
53.080797303467705,2.3421052631578947,2.4105263157894736,0.5789473684210527
57.81864844267479,2.3421052631578947,2.4105263157894736,0.631578947368421
62.67522714546779,2.3421052631578947,2.4105263157894736,0.6842105263157894
67.61701756524224,2.3421052631578947,2.4105263157894736,0.7368421052631579
72.61811768604078,2.3421052631578947,2.4105263157894736,0.7894736842105263
77.65837194545729,2.3421052631578947,2.4105263157894736,0.8421052631578947
82.72201743305854,2.3421052631578947,2.4105263157894736,0.894736842105263
87.79668678308944,2.3421052631578947,2.4105263157894736,0.9473684210526316
92.87266355550932,2.3421052631578947,2.4105263157894736,1.0
49.47953335159744,2.3421052631578947,2.463157894736842,0.0
35.29766694264196,2.3421052631578947,2.463157894736842,0.0526315789473684
28.447278904708558,2.3421052631578947,2.463157894736842,0.1052631578947368
25.73933185104128,2.3421052631578947,2.463157894736842,0.1578947368421052
25.550246919103248,2.3421052631578947,2.463157894736842,0.2105263157894736
26.98386869495098,2.3421052631578947,2.463157894736842,0.2631578947368421
29.514081096930617,2.3421052631578947,2.463157894736842,0.3157894736842105
32.813359218992595,2.3421052631578947,2.463157894736842,0.3684210526315789
36.68576788004326,2.3421052631578947,2.463157894736842,0.4210526315789473
40.9726219969309,2.3421052631578947,2.463157894736842,0.4736842105263157
45.56030911393693,2.3421052631578947,2.463157894736842,0.5263157894736842
50.36645628229607,2.3421052631578947,2.463157894736842,0.5789473684210527
55.33017133766195,2.3421052631578947,2.463157894736842,0.631578947368421
60.40576184469194,2.3421052631578947,2.463157894736842,0.6842105263157894
65.55854401032796,2.3421052631578947,2.463157894736842,0.7368421052631579
70.7619604008691,2.3421052631578947,2.463157894736842,0.7894736842105263
75.99554755387166,2.3421052631578947,2.463157894736842,0.8421052631578947
81.24347285492868,2.3421052631578947,2.463157894736842,0.894736842105263
86.49346277630592,2.3421052631578947,2.463157894736842,0.9473684210526316
91.73600611720347,2.3421052631578947,2.463157894736842,1.0
56.56019236516313,2.3421052631578947,2.515789473684211,0.0
37.45251473938692,2.3421052631578947,2.515789473684211,0.0526315789473684
28.07325065598835,2.3421052631578947,2.515789473684211,0.1052631578947368
24.05856795442449,2.3421052631578947,2.515789473684211,0.1578947368421052
23.180913352891565,2.3421052631578947,2.515789473684211,0.2105263157894736
24.257021918369528,2.3421052631578947,2.515789473684211,0.2631578947368421
26.63378641973406,2.3421052631578947,2.515789473684211,0.3157894736842105
29.93266974239992,2.3421052631578947,2.515789473684211,0.3684210526315789
33.87798211577099,2.3421052631578947,2.515789473684211,0.4210526315789473
38.28171652760945,2.3421052631578947,2.515789473684211,0.4736842105263157
43.01329626003195,2.3421052631578947,2.515789473684211,0.5263157894736842
47.97939442580411,2.3421052631578947,2.515789473684211,0.5789473684210527
53.11182526803963,2.3421052631578947,2.515789473684211,0.631578947368421
58.35993673621212,2.3421052631578947,2.515789473684211,0.6842105263157894
63.68563268095832,2.3421052631578947,2.515789473684211,0.7368421052631579
69.06000135242645,2.3421052631578947,2.515789473684211,0.7894736842105263
74.46096570956634,2.3421052631578947,2.515789473684211,0.8421052631578947
79.87160707137608,2.3421052631578947,2.515789473684211,0.894736842105263
85.27894591423234,2.3421052631578947,2.515789473684211,0.9473684210526316
90.6730408518297,2.3421052631578947,2.515789473684211,1.0
72.12288884069963,2.3421052631578947,2.568421052631579,0.0
44.74889549938379,2.3421052631578947,2.568421052631579,0.0526315789473684
31.069982562491685,2.3421052631578947,2.568421052631579,0.1052631578947368
24.72087718561302,2.3421052631578947,2.568421052631579,0.1578947368421052
22.53027600673528,2.3421052631578947,2.568421052631579,0.2105263157894736
22.87155154008684,2.3421052631578947,2.568421052631579,0.2631578947368421
24.84938858436983,2.3421052631578947,2.568421052631579,0.3157894736842105
27.92201994326952,2.3421052631578947,2.568421052631579,0.3684210526315789
31.76621057288675,2.3421052631578947,2.568421052631579,0.4210526315789473
36.15288858337296,2.3421052631578947,2.568421052631579,0.4736842105263157
40.92343670417462,2.3421052631578947,2.568421052631579,0.5263157894736842
45.96615889911104,2.3421052631578947,2.568421052631579,0.5789473684210527
51.20041383925709,2.3421052631578947,2.568421052631579,0.631578947368421
56.56688096480929,2.3421052631578947,2.568421052631579,0.6842105263157894
62.02131872423915,2.3421052631578947,2.568421052631579,0.7368421052631579
67.53040592414114,2.3421052631578947,2.568421052631579,0.7894736842105263
73.06888099190027,2.3421052631578947,2.568421052631579,0.8421052631578947
78.61752191621578,2.3421052631578947,2.568421052631579,0.894736842105263
84.16168911090593,2.3421052631578947,2.568421052631579,0.9473684210526316
89.69025584034756,2.3421052631578947,2.568421052631579,1.0
99.36265384610546,2.3421052631578947,2.6210526315789475,0.0
58.97065871408225,2.3421052631578947,2.6210526315789475,0.0526315789473684
38.48259526439436,2.3421052631578947,2.6210526315789475,0.1052631578947368
28.39068519591876,2.3421052631578947,2.6210526315789475,0.1578947368421052
24.07535624102113,2.3421052631578947,2.6210526315789475,0.2105263157894736
23.16196627309017,2.3421052631578947,2.6210526315789475,0.2631578947368421
24.36804156965464,2.3421052631578947,2.6210526315789475,0.3157894736842105
26.959834575393355,2.3421052631578947,2.6210526315789475,0.3684210526315789
30.491395817886023,2.3421052631578947,2.6210526315789475,0.4210526315789473
34.696683502191995,2.3421052631578947,2.6210526315789475,0.4736842105263157
39.37841403458096,2.3421052631578947,2.6210526315789475,0.5263157894736842
44.39688367347076,2.3421052631578947,2.6210526315789475,0.5789473684210527
49.65238814419857,2.3421052631578947,2.6210526315789475,0.631578947368421
55.07224838838852,2.3421052631578947,2.6210526315789475,0.6842105263157894
60.6026543845603,2.3421052631578947,2.6210526315789475,0.7368421052631579
66.20332105579477,2.3421052631578947,2.6210526315789475,0.7894736842105263
71.84386177791706,2.3421052631578947,2.6210526315789475,0.8421052631578947
77.50125543202063,2.3421052631578947,2.6210526315789475,0.894736842105263
83.15803531813397,2.3421052631578947,2.6210526315789475,0.9473684210526316
88.8009693336868,2.3421052631578947,2.6210526315789475,1.0
143.18978618449023,2.3421052631578947,2.673684210526316,0.0
82.75946764910867,2.3421052631578947,2.673684210526316,0.0526315789473684
51.83861986148266,2.3421052631578947,2.673684210526316,0.1052631578947368
36.05761701054402,2.3421052631578947,2.673684210526316,0.1578947368421052
28.462324095918667,2.3421052631578947,2.673684210526316,0.2105263157894736
25.55493107569769,2.3421052631578947,2.673684210526316,0.2631578947368421
25.49278911064693,2.3421052631578947,2.673684210526316,0.3157894736842105
27.25848583343652,2.3421052631578947,2.673684210526316,0.3684210526315789
30.24308915111804,2.3421052631578947,2.673684210526316,0.4210526315789473
34.0672992754085,2.3421052631578947,2.673684210526316,0.4736842105263157
38.50115150096269,2.3421052631578947,2.673684210526316,0.5263157894736842
43.37056673586464,2.3421052631578947,2.673684210526316,0.5789473684210527
48.54812563771655,2.3421052631578947,2.673684210526316,0.631578947368421
53.941729127567015,2.3421052631578947,2.673684210526316,0.6842105263157894
59.48362059449038,2.3421052631578947,2.673684210526316,0.7368421052631579
65.1233111729375,2.3421052631578947,2.673684210526316,0.7894736842105263
70.82284467007997,2.3421052631578947,2.673684210526316,0.8421052631578947
76.55352728457527,2.3421052631578947,2.673684210526316,0.894736842105263
82.29361048297642,2.3421052631578947,2.673684210526316,0.9473684210526316
88.02661488299434,2.3421052631578947,2.673684210526316,1.0
210.98613359971785,2.3421052631578947,2.726315789473684,0.0
120.02649291979677,2.3421052631578947,2.726315789473684,0.0526315789473684
73.39276610152461,2.3421052631578947,2.726315789473684,0.1052631578947368
49.0699562087085,2.3421052631578947,2.726315789473684,0.1578947368421052
36.54995203423584,2.3421052631578947,2.726315789473684,0.2105263157894736
30.639144870404007,2.3421052631578947,2.726315789473684,0.2631578947368421
28.653491597935098,2.3421052631578947,2.726315789473684,0.3157894736842105
29.13358025035596,2.3421052631578947,2.726315789473684,0.3684210526315789
31.243635679410797,2.3421052631578947,2.726315789473684,0.4210526315789473
34.46258804936464,2.3421052631578947,2.726315789473684,0.4736842105263157
38.45839233654378,2.3421052631578947,2.726315789473684,0.5263157894736842
43.02188168402313,2.3421052631578947,2.726315789473684,0.5789473684210527
47.99742378444841,2.3421052631578947,2.726315789473684,0.631578947368421
53.265537905844646,2.3421052631578947,2.726315789473684,0.6842105263157894
58.73883415537231,2.3421052631578947,2.726315789473684,0.7368421052631579
64.35244924259139,2.3421052631578947,2.726315789473684,0.7894736842105263
70.05773355241686,2.3421052631578947,2.726315789473684,0.8421052631578947
75.81794080069614,2.3421052631578947,2.726315789473684,0.894736842105263
81.60520229084213,2.3421052631578947,2.726315789473684,0.9473684210526316
87.39835470488046,2.3421052631578947,2.726315789473684,1.0
313.824995982805,2.3421052631578947,2.778947368421053,0.0
176.54412194833293,2.3421052631578947,2.778947368421053,0.0526315789473684
106.3216268009933,2.3421052631578947,2.778947368421053,0.1052631578947368
69.30741909568997,2.3421052631578947,2.778947368421053,0.1578947368421052
49.53354923085664,2.3421052631578947,2.778947368421053,0.2105263157894736
39.22509110387231,2.3421052631578947,2.778947368421053,0.2631578947368421
34.424955426223256,2.3421052631578947,2.778947368421053,0.3157894736842105
33.019678518501735,2.3421052631578947,2.778947368421053,0.3684210526315789
33.82122283248424,2.3421052631578947,2.778947368421053,0.4210526315789473
36.118571370603405,2.3421052631578947,2.778947368421053,0.4736842105263157
39.4538862630696,2.3421052631578947,2.778947368421053,0.5263157894736842
43.52905749077265,2.3421052631578947,2.778947368421053,0.5789473684210527
48.146528511826695,2.3421052631578947,2.778947368421053,0.631578947368421
53.16412866700722,2.3421052631578947,2.778947368421053,0.6842105263157894
58.46824825001906,2.3421052631578947,2.778947368421053,0.7368421052631579
63.974221842855286,2.3421052631578947,2.778947368421053,0.7894736842105263
69.61867242925999,2.3421052631578947,2.778947368421053,0.8421052631578947
75.35374767383514,2.3421052631578947,2.778947368421053,0.894736842105263
81.14311254104769,2.3421052631578947,2.778947368421053,0.9473684210526316
86.95909463765409,2.3421052631578947,2.778947368421053,1.0
468.5454721203246,2.3421052631578947,2.8315789473684214,0.0
260.81516713900254,2.3421052631578947,2.8315789473684214,0.0526315789473684
155.1652654727028,2.3421052631578947,2.8315789473684214,0.1052631578947368
99.3849817349032,2.3421052631578947,2.8315789473684214,0.1578947368421052
69.05669907247936,2.3421052631578947,2.8315789473684214,0.2105263157894736
52.41799173320568,2.3421052631578947,2.8315789473684214,0.2631578947368421
43.58662343470221,2.3421052631578947,2.8315789473684214,0.3157894736842105
39.48900089637746,2.3421052631578947,2.8315789473684214,0.3684210526315789
38.41692804803199,2.3421052631578947,2.8315789473684214,0.4210526315789473
39.37608798723352,2.3421052631578947,2.8315789473684214,0.4736842105263157
41.74173821623134,2.3421052631578947,2.8315789473684214,0.5263157894736842
45.10217332196112,2.3421052631578947,2.8315789473684214,0.5789473684210527
49.1834453127361,2.3421052631578947,2.8315789473684214,0.631578947368421
53.795456394235735,2.3421052631578947,2.8315789473684214,0.6842105263157894
58.80309898511391,2.3421052631578947,2.8315789473684214,0.7368421052631579
64.098450152466,2.3421052631578947,2.8315789473684214,0.7894736842105263
69.59815536403144,2.3421052631578947,2.8315789473684214,0.8421052631578947
75.23930884619773,2.3421052631578947,2.8315789473684214,0.894736842105263
80.97409331556247,2.3421052631578947,2.8315789473684214,0.9473684210526316
86.76599234411187,2.3421052631578947,2.8315789473684214,1.0
700.6138112967769,2.3421052631578947,2.8842105263157896,0.0
385.56676365422834,2.3421052631578947,2.8842105263157896,0.0526315789473684
226.63811514396264,2.3421052631578947,2.8842105263157896,0.1052631578947368
143.05968458012754,2.3421052631578947,2.8842105263157896,0.1578947368421052
97.35498657347686,2.3421052631578947,2.8842105263157896,0.2105263157894736
71.6595843390837,2.3421052631578947,2.8842105263157896,0.2631578947368421
57.154525065241685,2.3421052631578947,2.8842105263157896,0.3157894736842105
49.29153840342229,2.3421052631578947,2.8842105263157896,0.3684210526315789
45.60196220462919,2.3421052631578947,2.8842105263157896,0.4210526315789473
44.68000272824814,2.3421052631578947,2.8842105263157896,0.4736842105263157
45.670476256735085,2.3421052631578947,2.8842105263157896,0.5263157894736842
48.01134703754757,2.3421052631578947,2.8842105263157896,0.5789473684210527
51.32400077047936,2.3421052631578947,2.8842105263157896,0.631578947368421
55.35174654046876,2.3421052631578947,2.8842105263157896,0.6842105263157894
59.90958921126462,2.3421052631578947,2.8842105263157896,0.7368421052631579
64.86356172579777,2.3421052631578947,2.8842105263157896,0.7894736842105263
70.1120222058302,2.3421052631578947,2.8842105263157896,0.8421052631578947
75.5718671362434,2.3421052631578947,2.8842105263157896,0.894736842105263
81.17987905231945,2.3421052631578947,2.8842105263157896,0.9473684210526316
86.8876668365804,2.3421052631578947,2.8842105263157896,1.0
1048.8052269826576,2.3421052631578947,2.936842105263158,0.0
569.9004274545615,2.3421052631578947,2.936842105263158,0.0526315789473684
330.64394957637256,2.3421052631578947,2.936842105263158,0.1052631578947368
205.7979039245318,2.3421052631578947,2.936842105263158,0.1578947368421052
137.65795053151305,2.3421052631578947,2.936842105263158,0.2105263157894736
98.97478246076514,2.3421052631578947,2.936842105263158,0.2631578947368421
76.46047580891526,2.3421052631578947,2.936842105263158,0.3157894736842105
63.36574218068619,2.3421052631578947,2.936842105263158,0.3684210526315789
56.08966780036032,2.3421052631578947,2.936842105263158,0.4210526315789473
52.60159403763519,2.3421052631578947,2.936842105263158,0.4736842105263157
51.69322921403075,2.3421052631578947,2.936842105263158,0.5263157894736842
52.61342565063202,2.3421052631578947,2.936842105263158,0.5789473684210527
54.85287959983186,2.3421052631578947,2.936842105263158,0.631578947368421
58.05656217199989,2.3421052631578947,2.936842105263158,0.6842105263157894
61.97992613560002,2.3421052631578947,2.936842105263158,0.7368421052631579
66.44135141826919,2.3421052631578947,2.936842105263158,0.7894736842105263
71.3042217886401,2.3421052631578947,2.936842105263158,0.8421052631578947
76.47234212272978,2.3421052631578947,2.936842105263158,0.894736842105263
81.86273760634164,2.3421052631578947,2.936842105263158,0.9473684210526316
87.4112938671172,2.3421052631578947,2.936842105263158,1.0
1572.3792517792244,2.3421052631578947,2.9894736842105267,0.0
842.6074004547371,2.3421052631578947,2.9894736842105267,0.0526315789473684
481.844216394876,2.3421052631578947,2.9894736842105267,0.1052631578947368
295.5195150467206,2.3421052631578947,2.9894736842105267,0.1578947368421052
194.54537003536203,2.3421052631578947,2.9894736842105267,0.2105263157894736
137.20698910396462,2.3421052631578947,2.9894736842105267,0.2631578947368421
103.38814924302449,2.3421052631578947,2.9894736842105267,0.3157894736842105
83.01464937001226,2.3421052631578947,2.9894736842105267,0.3684210526315789
70.80153553514339,2.3421052631578947,2.9894736842105267,0.4210526315789473
63.823539103068825,2.3421052631578947,2.9894736842105267,0.4736842105263157
60.365965197966815,2.3421052631578947,2.9894736842105267,0.5263157894736842
59.37318494799216,2.3421052631578947,2.9894736842105267,0.5789473684210527
60.15009324043963,2.3421052631578947,2.9894736842105267,0.631578947368421
62.22324676642527,2.3421052631578947,2.9894736842105267,0.6842105263157894
65.26502610780564,2.3421052631578947,2.9894736842105267,0.7368421052631579
69.03924232018711,2.3421052631578947,2.9894736842105267,0.7894736842105263
73.36572690244303,2.3421052631578947,2.9894736842105267,0.8421052631578947
78.10545231877093,2.3421052631578947,2.9894736842105267,0.894736842105263
83.16313999988598,2.3421052631578947,2.9894736842105267,0.9473684210526316
88.45737839109627,2.3421052631578947,2.9894736842105267,1.0
2362.21791521645,2.3421052631578947,3.042105263157895,0.0
1247.290504463834,2.3421052631578947,3.042105263157895,0.0526315789473684
702.07385980002,2.3421052631578947,3.042105263157895,0.1052631578947368
423.7764866826752,2.3421052631578947,3.042105263157895,0.1578947368421052
274.541978968517,2.3421052631578947,3.042105263157895,0.2105263157894736
190.31149529751,2.3421052631578947,3.042105263157895,0.2631578947368421
140.50604372674883,2.3421052631578947,3.042105263157895,0.3157894736842105
110.01042840262224,2.3421052631578947,3.042105263157895,0.3684210526315789
91.02054207711588,2.3421052631578947,3.042105263157895,0.4210526315789473
79.29428538394403,2.3421052631578947,3.042105263157895,0.4736842105263157
72.39161807912622,2.3421052631578947,3.042105263157895,0.5263157894736842
68.82763226296562,2.3421052631578947,3.042105263157895,0.5789473684210527
67.65597521503621,2.3421052631578947,3.042105263157895,0.631578947368421
68.22967782144976,2.3421052631578947,3.042105263157895,0.6842105263157894
70.09568676034128,2.3421052631578947,3.042105263157895,0.7368421052631579
72.93069629951881,2.3421052631578947,3.042105263157895,0.7894736842105263
76.51519504588667,2.3421052631578947,3.042105263157895,0.8421052631578947
80.67150345005311,2.3421052631578947,3.042105263157895,0.894736842105263
85.25898413949199,2.3421052631578947,3.042105263157895,0.9473684210526316
90.17836023027434,2.3421052631578947,3.042105263157895,1.0
3558.1474713826105,2.3421052631578947,3.094736842105263,0.0
1850.2782157840568,2.3421052631578947,3.094736842105263,0.0526315789473684
1024.0415283367709,2.3421052631578947,3.094736842105263,0.1052631578947368
607.5377186074754,2.3421052631578947,3.094736842105263,0.1578947368421052
387.01464090045886,2.3421052631578947,3.094736842105263,0.2105263157894736
263.8305503626588,2.3421052631578947,3.094736842105263,0.2631578947368421
191.33145972799863,2.3421052631578947,3.094736842105263,0.3157894736842105
146.73239418161336,2.3421052631578947,3.094736842105263,0.3684210526315789
118.44422967661605,2.3421052631578947,3.094736842105263,0.4210526315789473
100.27655765766517,2.3421052631578947,3.094736842105263,0.4736842105263157
88.7350624572948,2.3421052631578947,3.094736842105263,0.5263157894736842
81.73060157740954,2.3421052631578947,3.094736842105263,0.5789473684210527
77.94706355358169,2.3421052631578947,3.094736842105263,0.631578947368421
76.51487395292524,2.3421052631578947,3.094736842105263,0.6842105263157894
76.82324311898876,2.3421052631578947,3.094736842105263,0.7368421052631579
78.43719243047636,2.3421052631578947,3.094736842105263,0.7894736842105263
81.04006007543973,2.3421052631578947,3.094736842105263,0.8421052631578947
84.40488282378216,2.3421052631578947,3.094736842105263,0.894736842105263
88.35789702281126,2.3421052631578947,3.094736842105263,0.9473684210526316
92.7650382208498,2.3421052631578947,3.094736842105263,1.0
5375.920666267035,2.3421052631578947,3.147368421052632,0.0
2752.881185415408,2.3421052631578947,3.147368421052632,0.0526315789473684
1497.0138982029343,2.3421052631578947,3.147368421052632,0.1052631578947368
871.900532766229,2.3421052631578947,3.147368421052632,0.1578947368421052
545.5151983730397,2.3421052631578947,3.147368421052632,0.2105263157894736
365.5912080039472,2.3421052631578947,3.147368421052632,0.2631578947368421
260.7148712995672,2.3421052631578947,3.147368421052632,0.3157894736842105
196.39288415232676,2.3421052631578947,3.147368421052632,0.3684210526315789
155.32496383855576,2.3421052631578947,3.147368421052632,0.4210526315789473
128.42334053947863,2.3421052631578947,3.147368421052632,0.4736842105263157
110.65242961821784,2.3421052631578947,3.147368421052632,0.5263157894736842
99.05788650844497,2.3421052631578947,3.147368421052632,0.5789473684210527
91.80600504199975,2.3421052631578947,3.147368421052632,0.631578947368421
87.70566853388762,2.3421052631578947,3.147368421052632,0.6842105263157894
85.94031301756434,2.3421052631578947,3.147368421052632,0.7368421052631579
85.92653528488317,2.3421052631578947,3.147368421052632,0.7894736842105263
87.2417977745638,2.3421052631578947,3.147368421052632,0.8421052631578947
89.57434561996271,2.3421052631578947,3.147368421052632,0.894736842105263
92.69787048097746,2.3421052631578947,3.147368421052632,0.9473684210526316
96.43078710714636,2.3421052631578947,3.147368421052632,1.0
8149.308836496473,2.3421052631578947,3.2,0.0
4110.413310851772,2.3421052631578947,3.2,0.0526315789473684
2195.573739244711,2.3421052631578947,3.2,0.1052631578947368
1254.2267901016703,2.3421052631578947,3.2,0.1578947368421052
769.8013804382681,2.3421052631578947,3.2,0.2105263157894736
506.73744048379234,2.3421052631578947,3.2,0.2631578947368421
355.3966663873056,2.3421052631578947,3.2,0.3157894736842105
263.356997239826,2.3421052631578947,3.2,0.3684210526315789
204.6660276800069,2.3421052631578947,3.2,0.4210526315789473
165.90592080662196,2.3421052631578947,3.2,0.4736842105263157
139.77502776710796,2.3421052631578947,3.2,0.5263157894736842
122.07002296777414,2.3421052631578947,3.2,0.5789473684210527
110.22919331813247,2.3421052631578947,3.2,0.631578947368421
102.60659391889918,2.3421052631578947,3.2,0.6842105263157894
98.10211011955262,2.3421052631578947,3.2,0.7368421052631579
95.93681174665048,2.3421052631578947,3.2,0.7894736842105263
95.54734003931942,2.3421052631578947,3.2,0.8421052631578947
96.5192278293523,2.3421052631578947,3.2,0.894736842105263
98.54321947678037,2.3421052631578947,3.2,0.9473684210526316
101.39201548497064,2.3421052631578947,3.2,1.0
93.41313061775006,2.4473684210526314,2.2,0.0
76.20949178427814,2.4473684210526314,2.2,0.0526315789473684
65.59869784270938,2.4473684210526314,2.2,0.1052631578947368
59.39192154551667,2.4473684210526314,2.2,0.1578947368421052
56.17624432376469,2.4473684210526314,2.2,0.2105263157894736
54.878457264276896,2.4473684210526314,2.2,0.2631578947368421
54.923483046724094,2.4473684210526314,2.2,0.3157894736842105
55.95102378869264,2.4473684210526314,2.2,0.3684210526315789
57.70779771639975,2.4473684210526314,2.2,0.4210526315789473
60.01241090476109,2.4473684210526314,2.2,0.4736842105263157
62.73720517713375,2.4473684210526314,2.2,0.5263157894736842
65.79066426349732,2.4473684210526314,2.2,0.5789473684210527
69.09793525462632,2.4473684210526314,2.2,0.631578947368421
72.60273037229062,2.4473684210526314,2.2,0.6842105263157894
76.29111126720989,2.4473684210526314,2.2,0.7368421052631579
80.14105989483178,2.4473684210526314,2.2,0.7894736842105263
84.12153939324052,2.4473684210526314,2.2,0.8421052631578947
88.20752635289614,2.4473684210526314,2.2,0.894736842105263
92.37868713758284,2.4473684210526314,2.2,0.9473684210526316
96.61838812055284,2.4473684210526314,2.2,1.0
77.0070280201199,2.4473684210526314,2.2526315789473688,0.0
62.665344735734855,2.4473684210526314,2.2526315789473688,0.0526315789473684
54.23054172792644,2.4473684210526314,2.2526315789473688,0.1052631578947368
49.703564089681,2.4473684210526314,2.2526315789473688,0.1578947368421052
47.71476649653517,2.4473684210526314,2.2526315789473688,0.2105263157894736
47.37730457884315,2.4473684210526314,2.2526315789473688,0.2631578947368421
48.22053323083614,2.4473684210526314,2.2526315789473688,0.3157894736842105
49.92274729950427,2.4473684210526314,2.2526315789473688,0.3684210526315789
52.25864291286516,2.4473684210526314,2.2526315789473688,0.4210526315789473
55.07030236403153,2.4473684210526314,2.2526315789473688,0.4736842105263157
58.24802665259946,2.4473684210526314,2.2526315789473688,0.5263157894736842
61.703963813322346,2.4473684210526314,2.2526315789473688,0.5789473684210527
65.3755678403778,2.4473684210526314,2.2526315789473688,0.631578947368421
69.24665820128435,2.4473684210526314,2.2526315789473688,0.6842105263157894
73.28300719571926,2.4473684210526314,2.2526315789473688,0.7368421052631579
77.45036784321654,2.4473684210526314,2.2526315789473688,0.7894736842105263
81.72146071958325,2.4473684210526314,2.2526315789473688,0.8421052631578947
86.07437805892889,2.4473684210526314,2.2526315789473688,0.894736842105263
90.49140320857288,2.4473684210526314,2.2526315789473688,0.9473684210526316
94.95812600262576,2.4473684210526314,2.2526315789473688,1.0
64.53881363540839,2.4473684210526314,2.305263157894737,0.0
51.90271119105089,2.4473684210526314,2.305263157894737,0.0526315789473684
44.89756197142003,2.4473684210526314,2.305263157894737,0.1052631578947368
41.50557565167758,2.4473684210526314,2.305263157894737,0.1578947368421052
40.363095753510414,2.4473684210526314,2.305263157894737,0.2105263157894736
40.74765684794202,2.4473684210526314,2.305263157894737,0.2631578947368421
42.21220556521772,2.4473684210526314,2.305263157894737,0.3157894736842105
44.454999956454806,2.4473684210526314,2.305263157894737,0.3684210526315789
47.26855184786833,2.4473684210526314,2.305263157894737,0.4210526315789473
50.51224353030723,2.4473684210526314,2.305263157894737,0.4736842105263157
54.07752551289863,2.4473684210526314,2.305263157894737,0.5263157894736842
57.89232557998472,2.4473684210526314,2.305263157894737,0.5789473684210527
61.929949540197946,2.4473684210526314,2.305263157894737,0.631578947368421
66.1437223586941,2.4473684210526314,2.305263157894737,0.6842105263157894
70.49427263493916,2.4473684210526314,2.305263157894737,0.7368421052631579
74.95066496195051,2.4473684210526314,2.305263157894737,0.7894736842105263
79.4883821269436,2.4473684210526314,2.305263157894737,0.8421052631578947
84.08785198962083,2.4473684210526314,2.305263157894737,0.894736842105263
88.73335685269333,2.4473684210526314,2.305263157894737,0.9473684210526316
93.4122154701272,2.4473684210526314,2.305263157894737,1.0
56.1436001602768,2.4473684210526314,2.357894736842105,0.0
43.97944484265415,2.4473684210526314,2.357894736842105,0.0526315789473684
37.62048324897806,2.4473684210526314,2.357894736842105,0.1052631578947368
34.77866205564407,2.4473684210526314,2.357894736842105,0.1578947368421052
34.13933916323336,2.4473684210526314,2.357894736842105,0.2105263157894736
34.99949755264825,2.4473684210526314,2.357894736842105,0.2631578947368421
36.9034057081337,2.4473684210526314,2.357894736842105,0.3157894736842105
39.55031695726565,2.4473684210526314,2.357894736842105,0.3684210526315789
42.7422653352304,2.4473684210526314,2.357894736842105,0.4210526315789473
46.334300318809504,2.4473684210526314,2.357894736842105,0.4736842105263157
50.23641487636374,2.4473684210526314,2.357894736842105,0.5263157894736842
54.400273755310586,2.4473684210526314,2.357894736842105,0.5789473684210527
58.76417809396064,2.4473684210526314,2.357894736842105,0.631578947368421
63.280221672552415,2.4473684210526314,2.357894736842105,0.6842105263157894
67.91134840911812,2.4473684210526314,2.357894736842105,0.7368421052631579
72.62862258998045,2.4473684210526314,2.357894736842105,0.7894736842105263
77.40927220245695,2.4473684210526314,2.357894736842105,0.8421052631578947
82.23526297773219,2.4473684210526314,2.357894736842105,0.894736842105263
87.09224376939882,2.4473684210526314,2.357894736842105,0.9473684210526316
91.96875614322964,2.4473684210526314,2.357894736842105,1.0
52.29673455249885,2.4473684210526314,2.4105263157894736,0.0
39.1301876163315,2.4473684210526314,2.4105263157894736,0.0526315789473684
32.50314860820433,2.4473684210526314,2.4105263157894736,0.1052631578947368
29.629997345599943,2.4473684210526314,2.4105263157894736,0.1578947368421052
29.124343876935026,2.4473684210526314,2.4105263157894736,0.2105263157894736
30.189843236408123,2.4473684210526314,2.4105263157894736,0.2631578947368421
32.335644721779815,2.4473684210526314,2.4105263157894736,0.3157894736842105
35.24484198881654,2.4473684210526314,2.4105263157894736,0.3684210526315789
38.70092520085054,2.4473684210526314,2.4105263157894736,0.4210526315789473
42.57609689032851,2.4473684210526314,2.4105263157894736,0.4736842105263157
46.78272453532899,2.4473684210526314,2.4105263157894736,0.5263157894736842
51.23695086866267,2.4473684210526314,2.4105263157894736,0.5789473684210527
55.87600951831589,2.4473684210526314,2.4105263157894736,0.631578947368421
60.65225349304847,2.4473684210526314,2.4105263157894736,0.6842105263157894
65.52910058770381,2.4473684210526314,2.4105263157894736,0.7368421052631579
70.47820771460297,2.4473684210526314,2.4105263157894736,0.7894736842105263
75.4774582200046,2.4473684210526314,2.4105263157894736,0.8421052631578947
80.50950152121538,2.4473684210526314,2.4105263157894736,0.894736842105263
85.56067650953396,2.4473684210526314,2.4105263157894736,0.9473684210526316
90.6202067667538,2.4473684210526314,2.4105263157894736,1.0
53.91086959552416,2.4473684210526314,2.463157894736842,0.0
37.856965128623024,2.4473684210526314,2.463157894736842,0.0526315789473684
29.80305510130947,2.4473684210526314,2.463157894736842,0.1052631578947368
26.26087612868963,2.4473684210526314,2.463157894736842,0.1578947368421052
25.46293520399929,2.4473684210526314,2.463157894736842,0.2105263157894736
26.431262450222725,2.4473684210526314,2.463157894736842,0.2631578947368421
28.598443199923988,2.4473684210526314,2.463157894736842,0.3157894736842105
31.602643350121333,2.4473684210526314,2.463157894736842,0.3684210526315789
35.227290864376776,2.4473684210526314,2.463157894736842,0.4210526315789473
39.31496777406495,2.4473684210526314,2.463157894736842,0.4736842105263157
43.741795906028536,2.4473684210526314,2.463157894736842,0.5263157894736842
48.41777965929678,2.4473684210526314,2.463157894736842,0.5789473684210527
53.27624002968105,2.4473684210526314,2.463157894736842,0.631578947368421
58.267014018604975,2.4473684210526314,2.463157894736842,0.6842105263157894
63.35191547273335,2.4473684210526314,2.463157894736842,0.7368421052631579
68.50161162796955,2.4473684210526314,2.463157894736842,0.7894736842105263
73.6934189416728,2.4473684210526314,2.463157894736842,0.8421052631578947
78.90971482370233,2.4473684210526314,2.463157894736842,0.894736842105263
84.13677299112089,2.4473684210526314,2.463157894736842,0.9473684210526316
89.36389668753299,2.4473684210526314,2.463157894736842,1.0
62.48897244036146,2.4473684210526314,2.515789473684211,0.0
40.94972332979269,2.4473684210526314,2.515789473684211,0.0526315789473684
30.036924453361845,2.4473684210526314,2.515789473684211,0.1052631578947368
24.986751452269992,2.4473684210526314,2.515789473684211,0.1578947368421052
23.37164276311661,2.4473684210526314,2.515789473684211,0.2105263157894736
23.898093126856253,2.4473684210526314,2.515789473684211,0.2631578947368421
25.83109876741472,2.4473684210526314,2.515789473684211,0.3157894736842105
28.770176771174764,2.4473684210526314,2.515789473684211,0.3684210526315789
32.43082890251585,2.4473684210526314,2.515789473684211,0.4210526315789473
36.60737875193447,2.4473684210526314,2.515789473684211,0.4736842105263157
41.15668817008779,2.4473684210526314,2.515789473684211,0.5263157894736842
45.97621111690116,2.4473684210526314,2.515789473684211,0.5789473684210527
50.99082606066353,2.4473684210526314,2.515789473684211,0.631578947368421
56.14456140452818,2.4473684210526314,2.515789473684211,0.6842105263157894
61.39517848610884,2.4473684210526314,2.515789473684211,0.7368421052631579
66.71049996726646,2.4473684210526314,2.515789473684211,0.7894736842105263
72.06584867905254,2.4473684210526314,2.515789473684211,0.8421052631578947
77.44221849928769,2.4473684210526314,2.515789473684211,0.894736842105263
82.82494250655327,2.4473684210526314,2.515789473684211,0.9473684210526316
88.20270749881956,2.4473684210526314,2.515789473684211,1.0
80.36878204207592,2.4473684210526314,2.568421052631579,0.0
49.694627477617885,2.4473684210526314,2.568421052631579,0.0526315789473684
33.989421925263315,2.4473684210526314,2.568421052631579,0.1052631578947368
26.308229807801684,2.4473684210526314,2.568421052631579,0.1578947368421052
23.18690407553534,2.4473684210526314,2.568421052631579,0.2105263157894736
22.826699278784627,2.4473684210526314,2.568421052631579,0.2631578947368421
24.267963268248614,2.4473684210526314,2.568421052631579,0.3157894736842105
26.917660240371514,2.4473684210526314,2.568421052631579,0.3684210526315789
30.422769791080885,2.4473684210526314,2.568421052631579,0.4210526315789473
34.5404938134203,2.4473684210526314,2.568421052631579,0.4736842105263157
39.09635075200872,2.4473684210526314,2.568421052631579,0.5263157894736842
43.96715068770142,2.4473684210526314,2.568421052631579,0.5789473684210527
49.063692009887326,2.4473684210526314,2.568421052631579,0.631578947368421
54.320141124013055,2.4473684210526314,2.568421052631579,0.6842105263157894
59.68721771446612,2.4473684210526314,2.568421052631579,0.7368421052631579
65.12765040174007,2.4473684210526314,2.568421052631579,0.7894736842105263
70.61304748819096,2.4473684210526314,2.568421052631579,0.8421052631578947
76.12168475819723,2.4473684210526314,2.568421052631579,0.894736842105263
81.63690776087769,2.4473684210526314,2.568421052631579,0.9473684210526316
87.14595749217744,2.4473684210526314,2.568421052631579,1.0
111.06085337621629,2.4473684210526314,2.6210526315789475,0.0
66.05287217609896,2.4473684210526314,2.6210526315789475,0.0526315789473684
42.81299258125126,2.4473684210526314,2.6210526315789475,0.1052631578947368
30.95578647878387,2.4473684210526314,2.6210526315789475,0.1578947368421052
25.412718056719537,2.4473684210526314,2.6210526315789475,0.2105263157894736
23.612858337313178,2.4473684210526314,2.6210526315789475,0.2631578947368421
24.15374089599231,2.4473684210526314,2.6210526315789475,0.3157894736842105
26.234953364276237,2.4473684210526314,2.6210526315789475,0.3684210526315789
29.362699632194325,2.4473684210526314,2.6210526315789475,0.4210526315789473
33.24015958665002,2.4473684210526314,2.6210526315789475,0.4736842105263157
37.66119699573935,2.4473684210526314,2.6210526315789475,0.5263157894736842
42.47144241377339,2.4473684210526314,2.6210526315789475,0.5789473684210527
47.56038714333876,2.4473684210526314,2.6210526315789475,0.631578947368421
52.84720213932306,2.4473684210526314,2.6210526315789475,0.6842105263157894
58.27181587769961,2.4473684210526314,2.6210526315789475,0.7368421052631579
63.78906267283524,2.4473684210526314,2.6210526315789475,0.7894736842105263
69.36470732481114,2.4473684210526314,2.6210526315789475,0.8421052631578947
74.9726651340294,2.4473684210526314,2.6210526315789475,0.894736842105263
80.59301159585507,2.4473684210526314,2.6210526315789475,0.9473684210526316
86.21052998022755,2.4473684210526314,2.6210526315789475,1.0
159.93126388243817,2.4473684210526314,2.673684210526316,0.0
92.92260941412836,2.4473684210526314,2.673684210526316,0.0526315789473684
58.18004113962367,2.4473684210526314,2.673684210526316,0.1052631578947368
39.991680798926346,2.4473684210526314,2.673684210526316,0.1578947368421052
30.78567318738309,2.4473684210526314,2.673684210526316,0.2105263157894736
26.739407236741556,2.4473684210526314,2.673684210526316,0.2631578947368421
25.8367486932313,2.4473684210526314,2.673684210526316,0.3157894736842105
26.961807713345536,2.4473684210526314,2.673684210526316,0.3684210526315789
29.449453989045107,2.4473684210526314,2.673684210526316,0.4210526315789473
32.87949661251398,2.4473684210526314,2.673684210526316,0.4736842105263157
36.99037165217395,2.4473684210526314,2.673684210526316,0.5263157894736842
41.60168010585223,2.4473684210526314,2.673684210526316,0.5789473684210527
46.57280080107089,2.4473684210526314,2.673684210526316,0.631578947368421
51.801269332289145,2.4473684210526314,2.673684210526316,0.6842105263157894
57.21142348996597,2.4473684210526314,2.673684210526316,0.7368421052631579
62.746648819892535,2.4473684210526314,2.673684210526316,0.7894736842105263
68.36418264939898,2.4473684210526314,2.673684210526316,0.8421052631578947
74.03152103196,2.4473684210526314,2.673684210526316,0.894736842105263
79.72386957918744,2.4473684210526314,2.673684210526316,0.9473684210526316
85.42229694657884,2.4473684210526314,2.673684210526316,1.0
234.99970763045064,2.4473684210526314,2.726315789473684,0.0
134.5472137089965,2.4473684210526314,2.726315789473684,0.0526315789473684
82.5332105969311,2.4473684210526314,2.726315789473684,0.1052631578947368
54.92487829050195,2.4473684210526314,2.726315789473684,0.1578947368421052
40.2579568107696,2.4473684210526314,2.726315789473684,0.2105263157894736
32.859058175017864,2.4473684210526314,2.726315789473684,0.2631578947368421
29.79211418020633,2.4473684210526314,2.726315789473684,0.3157894736842105
29.45742881007863,2.4473684210526314,2.726315789473684,0.3684210526315789
30.93877396790107,2.4473684210526314,2.726315789473684,0.4210526315789473
33.665187654794174,2.4473684210526314,2.726315789473684,0.4736842105263157
37.2680870924438,2.4473684210526314,2.726315789473684,0.5263157894736842
41.5096966485646,2.4473684210526314,2.726315789473684,0.5789473684210527
46.22520649939856,2.4473684210526314,2.726315789473684,0.631578947368421
51.28488474362018,2.4473684210526314,2.726315789473684,0.6842105263157894
56.59124276391211,2.4473684210526314,2.726315789473684,0.7368421052631579
62.07164058573827,2.4473684210526314,2.726315789473684,0.7894736842105263
67.6713573881685,2.4473684210526314,2.726315789473684,0.8421052631578947
73.34885438711179,2.4473684210526314,2.726315789473684,0.894736842105263
79.07244521977698,2.4473684210526314,2.726315789473684,0.9473684210526316
84.81790236073087,2.4473684210526314,2.726315789473684,1.0
348.39139434216486,2.4473684210526314,2.778947368421053,0.0
197.20023809020617,2.4473684210526314,2.778947368421053,0.0526315789473684
119.320851856361,2.4473684210526314,2.778947368421053,0.1052631578947368
77.78109939506368,2.4473684210526314,2.778947368421053,0.1578947368421052
55.12967646629829,2.4473684210526314,2.778947368421053,0.2105263157894736
42.8566788414679,2.4473684210526314,2.778947368421053,0.2631578947368421
36.64848941604699,2.4473684210526314,2.778947368421053,0.3157894736842105
34.19630702973389,2.4473684210526314,2.778947368421053,0.3684210526315789
34.195287025772515,2.4473684210526314,2.778947368421053,0.4210526315789473
35.8667695987735,2.4473684210526314,2.778947368421053,0.4736842105263157
38.70742971131238,2.4473684210526314,2.778947368421053,0.5263157894736842
42.38511433850114,2.4473684210526314,2.778947368421053,0.5789473684210527
46.67868887200232,2.4473684210526314,2.778947368421053,0.631578947368421
51.43073969754213,2.4473684210526314,2.778947368421053,0.6842105263157894
56.52126345703248,2.4473684210526314,2.778947368421053,0.7368421052631579
61.85564015811654,2.4473684210526314,2.778947368421053,0.7894736842105263
67.36275454445722,2.4473684210526314,2.778947368421053,0.8421052631578947
72.98866298377696,2.4473684210526314,2.778947368421053,0.894736842105263
78.69218474074842,2.4473684210526314,2.778947368421053,0.9473684210526316
84.44175734990897,2.4473684210526314,2.778947368421053,1.0
518.5171001556065,2.4473684210526314,2.8315789473684214,0.0
290.2499384837766,2.4473684210526314,2.8315789473684214,0.0526315789473684
173.55833530893375,2.4473684210526314,2.8315789473684214,0.1052631578947368
111.41753823988472,2.4473684210526314,2.8315789473684214,0.1578947368421052
77.15270934280643,2.4473684210526314,2.8315789473684214,0.2105263157894736
57.90934161639172,2.4473684210526314,2.8315789473684214,0.2631578947368421
47.25146927197154,2.4473684210526314,2.8315789473684214,0.3157894736842105
41.8016722630506,2.4473684210526314,2.8315789473684214,0.3684210526315789
39.698529591140485,2.4473684210526314,2.8315789473684214,0.4210526315789473
39.85622779354939,2.4473684210526314,2.8315789473684214,0.4736842105263157
41.59085494139351,2.4473684210526314,2.8315789473684214,0.5263157894736842
44.448583481113694,2.4473684210526314,2.8315789473684214,0.5789473684210527
48.123113257153946,2.4473684210526314,2.8315789473684214,0.631578947368421
52.40521268604646,2.4473684210526314,2.8315789473684214,0.6842105263157894
57.13870136996192,2.4473684210526314,2.8315789473684214,0.7368421052631579
62.21224957457891,2.4473684210526314,2.8315789473684214,0.7894736842105263
67.5329321422547,2.4473684210526314,2.8315789473684214,0.8421052631578947
73.03007905152555,2.4473684210526314,2.8315789473684214,0.894736842105263
78.64972181484583,2.4473684210526314,2.8315789473684214,0.9473684210526316
84.35042365373188,2.4473684210526314,2.8315789473684214,1.0
773.2343731130279,2.4473684210526314,2.8842105263157896,0.0
427.6205014548081,2.4473684210526314,2.8842105263157896,0.0526315789473684
252.6113558649168,2.4473684210526314,2.8842105263157896,0.1052631578947368
159.9954966964851,2.4473684210526314,2.8842105263157896,0.1578947368421052
108.83540136477936,2.4473684210526314,2.8842105263157896,0.2105263157894736
79.61089984366616,2.4473684210526314,2.8842105263157896,0.2631578947368421
62.68096515432407,2.4473684210526314,2.8842105263157896,0.3157894736842105
53.06965542934355,2.4473684210526314,2.8842105263157896,0.3684210526315789
48.07169174241166,2.4473684210526314,2.8842105263157896,0.4210526315789473
46.13072998759783,2.4473684210526314,2.8842105263157896,0.4736842105263157
46.311685650447984,2.4473684210526314,2.8842105263157896,0.5263157894736842
48.00911836100653,2.4473684210526314,2.8842105263157896,0.5789473684210527
50.80544655772662,2.4473684210526314,2.8842105263157896,0.631578947368421
54.41274844164381,2.4473684210526314,2.8842105263157896,0.6842105263157894
58.629433662236806,2.4473684210526314,2.8842105263157896,0.7368421052631579
63.29932408092604,2.4473684210526314,2.8842105263157896,0.7894736842105263
68.31513734487531,2.4473684210526314,2.8842105263157896,0.8421052631578947
73.58633956423246,2.4473684210526314,2.8842105263157896,0.894736842105263
79.04189173651311,2.4473684210526314,2.8842105263157896,0.9473684210526316
84.62718121923491,2.4473684210526314,2.8842105263157896,1.0
1154.905153930104,2.4473684210526314,2.936842105263158,0.0
630.1888438303478,2.4473684210526314,2.936842105263158,0.0526315789473684
367.3116357473168,2.4473684210526314,2.936842105263158,0.1052631578947368
229.500161008944,2.4473684210526314,2.936842105263158,0.1578947368421052
153.7259538425053,2.4473684210526314,2.936842105263158,0.2105263157894736
110.21828273888626,2.4473684210526314,2.936842105263158,0.2631578947368421
84.45391014152085,2.4473684210526314,2.936842105263158,0.3157894736842105
69.05157372705608,2.4473684210526314,2.936842105263158,0.3684210526315789
60.06968166185969,2.4473684210526314,2.936842105263158,0.4210526315789473
55.282789089183055,2.4473684210526314,2.936842105263158,0.4736842105263157
53.36242223654122,2.4473684210526314,2.936842105263158,0.5263157894736842
53.4735079524628,2.4473684210526314,2.936842105263158,0.5789473684210527
55.05327890043108,2.4473684210526314,2.936842105263158,0.631578947368421
57.72252061851427,2.4473684210526314,2.936842105263158,0.6842105263157894
61.20809892842066,2.4473684210526314,2.936842105263158,0.7368421052631579
65.31280520501943,2.4473684210526314,2.936842105263158,0.7894736842105263
69.88047016866562,2.4473684210526314,2.936842105263158,0.8421052631578947
74.80276727034183,2.4473684210526314,2.936842105263158,0.894736842105263
79.99287936434938,2.4473684210526314,2.936842105263158,0.9473684210526316
85.37875817835015,2.4473684210526314,2.936842105263158,1.0
1728.2609098007022,2.4473684210526314,2.9894736842105267,0.0
929.4141174429328,2.4473684210526314,2.9894736842105267,0.0526315789473684
533.6868512658252,2.4473684210526314,2.9894736842105267,0.1052631578947368
328.59554103973056,2.4473684210526314,2.9894736842105267,0.1578947368421052
216.8392427355573,2.4473684210526314,2.9894736842105267,0.2105263157894736
152.84869147276868,2.4473684210526314,2.9894736842105267,0.2631578947368421
114.64193999066958,2.4473684210526314,2.9894736842105267,0.3157894736842105
91.2049486615177,2.4473684210526314,2.9894736842105267,0.3684210526315789
76.75546430527811,2.4473684210526314,2.9894736842105267,0.4210526315789473
68.08970668132784,2.4473684210526314,2.9894736842105267,0.4736842105263157
63.327199093773,2.4473684210526314,2.9894736842105267,0.5263157894736842
61.30588112213173,2.4473684210526314,2.9894736842105267,0.5789473684210527
61.264209556258216,2.4473684210526314,2.9894736842105267,0.631578947368421
62.67460774561474,2.4473684210526314,2.9894736842105267,0.6842105263157894
65.1654214984175,2.4473684210526314,2.9894736842105267,0.7368421052631579
68.48129147216375,2.4473684210526314,2.9894736842105267,0.7894736842105263
72.43258825219088,2.4473684210526314,2.9894736842105267,0.8421052631578947
76.86342175747326,2.4473684210526314,2.9894736842105267,0.894736842105263
81.66020684090263,2.4473684210526314,2.9894736842105267,0.9473684210526316
86.74050312101541,2.4473684210526314,2.9894736842105267,1.0
2592.565019853057,2.4473684210526314,3.042105263157895,0.0
1372.9309356794038,2.4473684210526314,3.042105263157895,0.0526315789473684
775.5996639700369,2.4473684210526314,3.042105263157895,0.1052631578947368
469.913422653859,2.4473684210526314,3.042105263157895,0.1578947368421052
305.3154534939894,2.4473684210526314,3.042105263157895,0.2105263157894736
211.83478404284853,2.4473684210526314,3.042105263157895,0.2631578947368421
156.0618433482248,2.4473684210526314,3.042105263157895,0.3157894736842105
121.47568319734629,2.4473684210526314,3.042105263157895,0.3684210526315789
99.54125822253634,2.4473684210526314,3.042105263157895,0.4210526315789473
85.61521279286679,2.4473684210526314,3.042105263157895,0.4736842105263157
77.02373556200226,2.4473684210526314,3.042105263157895,0.5263157894736842
72.13648933697262,2.4473684210526314,3.042105263157895,0.5789473684210527
69.91271057141321,2.4473684210526314,3.042105263157895,0.631578947368421
69.64242412405912,2.4473684210526314,3.042105263157895,0.6842105263157894
70.82587210444618,2.4473684210526314,3.042105263157895,0.7368421052631579
73.10391212270216,2.4473684210526314,3.042105263157895,0.7894736842105263
76.21839728137206,2.4473684210526314,3.042105263157895,0.8421052631578947
79.97897678549516,2.4473684210526314,3.042105263157895,0.894736842105263
84.23971597668904,2.4473684210526314,3.042105263157895,0.9473684210526316
88.88291530655981,2.4473684210526314,3.042105263157895,1.0
3900.527093645329,2.4473684210526314,3.094736842105263,0.0
2033.1912920104144,2.4473684210526314,3.094736842105263,0.0526315789473684
1128.7883985319652,2.4473684210526314,3.094736842105263,0.1052631578947368
672.0025695505218,2.4473684210526314,3.094736842105263,0.1578947368421052
429.399982683024,2.4473684210526314,3.094736842105263,0.2105263157894736
293.243634021816,2.4473684210526314,3.094736842105263,0.2631578947368421
212.56779836906827,2.4473684210526314,3.094736842105263,0.3157894736842105
162.47383186180747,2.4473684210526314,3.094736842105263,0.3684210526315789
130.29137208799378,2.4473684210526314,3.094736842105263,0.4210526315789473
109.24771500248916,2.4473684210526314,3.094736842105263,0.4736842105263157
95.5162616775336,2.4473684210526314,3.094736842105263,0.5263157894736842
86.80652871049567,2.4473684210526314,3.094736842105263,0.5789473684210527
81.67177445971618,2.4473684210526314,3.094736842105263,0.631578947368421
79.15705016146849,2.4473684210526314,3.094736842105263,0.6842105263157894
78.59085364222247,2.4473684210526314,3.094736842105263,0.7368421052631579
79.49321470544231,2.4473684210526314,3.094736842105263,0.7894736842105263
81.51335237156243,2.4473684210526314,3.094736842105263,0.8421052631578947
84.39667931760346,2.4473684210526314,3.094736842105263,0.894736842105263
87.94827892479184,2.4473684210526314,3.094736842105263,0.9473684210526316
92.01213498073244,2.4473684210526314,3.094736842105263,1.0
5887.765790244935,2.4473684210526314,3.147368421052632,0.0
3020.848095987018,2.4473684210526314,3.147368421052632,0.0526315789473684
1647.074246960722,2.4473684210526314,3.147368421052632,0.1052631578947368
962.2897905579632,2.4473684210526314,3.147368421052632,0.1578947368421052
603.9100122082805,2.4473684210526314,3.147368421052632,0.2105263157894736
405.6389707901635,2.4473684210526314,3.147368421052632,0.2631578947368421
289.4712872795695,2.4473684210526314,3.147368421052632,0.3157894736842105
217.72042023965744,2.4473684210526314,3.147368421052632,0.3684210526315789
171.4771392622823,2.4473684210526314,3.147368421052632,0.4210526315789473
140.80280804060448,2.4473684210526314,3.147368421052632,0.4736842105263157
120.18604065803832,2.4473684210526314,3.147368421052632,0.5263157894736842
106.390101144128,2.4473684210526314,3.147368421052632,0.5789473684210527
97.40361276427356,2.4473684210526314,3.147368421052632,0.631578947368421
91.9156837129037,2.4473684210526314,3.147368421052632,0.6842105263157894
89.03107711072036,2.4473684210526314,3.147368421052632,0.7368421052631579
88.10726250996501,2.4473684210526314,3.147368421052632,0.7894736842105263
88.67791102891503,2.4473684210526314,3.147368421052632,0.8421052631578947
90.39729041811884,2.4473684210526314,3.147368421052632,0.894736842105263
93.01231007801418,2.4473684210526314,3.147368421052632,0.9473684210526316
96.3254456208778,2.4473684210526314,3.147368421052632,1.0
8918.770278978918,2.4473684210526314,3.2,0.0
4505.525056782446,2.4473684210526314,3.2,0.0526315789473684
2411.924782457704,2.4473684210526314,3.2,0.1052631578947368
1381.5966208095178,2.4473684210526314,3.2,0.1578947368421052
850.4415049115878,2.4473684210526314,3.2,0.2105263157894736
561.2084461947223,2.4473684210526314,3.2,0.2631578947368421
394.1492520620924,2.4473684210526314,3.2,0.3157894736842105
291.99677928060936,2.4473684210526314,3.2,0.3684210526315789
226.39121283877623,2.4473684210526314,3.2,0.4210526315789473
182.6632370227008,2.4473684210526314,3.2,0.4736842105263157
152.82497599054173,2.4473684210526314,3.2,0.5263157894736842
132.2741526317004,2.4473684210526314,3.2,0.5789473684210527
118.20301402812528,2.4473684210526314,3.2,0.631578947368421
108.80474099326815,2.4473684210526314,3.2,0.6842105263157894
102.86920746384033,2.4473684210526314,3.2,0.7368421052631579
99.5419887927545,2.4473684210526314,3.2,0.7894736842105263
98.20225120849298,2.4473684210526314,3.2,0.8421052631578947
98.39253582953378,2.4473684210526314,3.2,0.894736842105263
99.76955099669914,2.4473684210526314,3.2,0.9473684210526316
102.07986477369924,2.4473684210526314,3.2,1.0
97.52619854757432,2.552631578947368,2.2,0.0
79.06304308250284,2.552631578947368,2.2,0.0526315789473684
67.53784305810974,2.552631578947368,2.2,0.1052631578947368
60.65138624473236,2.552631578947368,2.2,0.1578947368421052
56.92914337578373,2.552631578947368,2.2,0.2105263157894736
55.25180429903367,2.552631578947368,2.2,0.2631578947368421
54.995479954568495,2.552631578947368,2.2,0.3157894736842105
55.78077491084331,2.552631578947368,2.2,0.3684210526315789
57.34085284657348,2.552631578947368,2.2,0.4210526315789473
59.48448661176536,2.552631578947368,2.2,0.4736842105263157
62.07448773560861,2.552631578947368,2.2,0.5263157894736842
65.01572130243267,2.552631578947368,2.2,0.5789473684210527
68.22997135774116,2.552631578947368,2.2,0.631578947368421
71.6568907725737,2.552631578947368,2.2,0.6842105263157894
75.25974073404558,2.552631578947368,2.2,0.7368421052631579
79.03442385260028,2.552631578947368,2.2,0.7894736842105263
82.95113730266881,2.552631578947368,2.2,0.8421052631578947
86.98336347012344,2.552631578947368,2.2,0.894736842105263
91.10953753821418,2.552631578947368,2.2,0.9473684210526316
95.31200454165445,2.552631578947368,2.2,1.0
80.68398202477967,2.552631578947368,2.2526315789473688,0.0
65.1313176858503,2.552631578947368,2.2526315789473688,0.0526315789473684
55.82324245531944,2.552631578947368,2.2526315789473688,0.1052631578947368
50.6470112158282,2.552631578947368,2.2526315789473688,0.1578947368421052
48.18807834655888,2.552631578947368,2.2526315789473688,0.2105263157894736
47.48621106981868,2.552631578947368,2.2526315789473688,0.2631578947368421
48.04097244170925,2.552631578947368,2.2526315789473688,0.3157894736842105
49.51208950441572,2.552631578947368,2.2526315789473688,0.3684210526315789
51.66112834819653,2.552631578947368,2.2526315789473688,0.4210526315789473
54.31881507004272,2.552631578947368,2.2526315789473688,0.4736842105263157
57.36934063038131,2.552631578947368,2.2526315789473688,0.5263157894736842
60.72086239742588,2.552631578947368,2.2526315789473688,0.5789473684210527
64.30291684939782,2.552631578947368,2.2526315789473688,0.631578947368421
68.07962095767812,2.552631578947368,2.2526315789473688,0.6842105263157894
72.03611008848475,2.552631578947368,2.2526315789473688,0.7368421052631579
76.13638835052834,2.552631578947368,2.2526315789473688,0.7894736842105263
80.35140419481104,2.552631578947368,2.2526315789473688,0.8421052631578947
84.65780196080824,2.552631578947368,2.2526315789473688,0.894736842105263
89.03667337565906,2.552631578947368,2.2526315789473688,0.9473684210526316
93.47262142400028,2.552631578947368,2.2526315789473688,1.0
68.04883581895555,2.552631578947368,2.305263157894737,0.0
54.18107174363385,2.552631578947368,2.305263157894737,0.0526315789473684
46.2948177884832,2.552631578947368,2.305263157894737,0.1052631578947368
42.26515602046221,2.552631578947368,2.305263157894737,0.1578947368421052
40.65055430635433,2.552631578947368,2.305263157894737,0.2105263157894736
40.66915665360144,2.552631578947368,2.305263157894737,0.2631578947368421
41.84546257331069,2.552631578947368,2.305263157894737,0.3157894736842105
43.85848668785038,2.552631578947368,2.305263157894737,0.3684210526315789
46.485857027706864,2.552631578947368,2.305263157894737,0.4210526315789473
49.57720491721746,2.552631578947368,2.305263157894737,0.4736842105263157
53.01864321951501,2.552631578947368,2.305263157894737,0.5263157894736842
56.72383266600097,2.552631578947368,2.305263157894737,0.5789473684210527
60.65522285393328,2.552631578947368,2.305263157894737,0.631578947368421
64.78033995355815,2.552631578947368,2.305263157894737,0.6842105263157894
69.0570609126778,2.552631578947368,2.305263157894737,0.7368421052631579
73.45224426290748,2.552631578947368,2.305263157894737,0.7894736842105263
77.9395878018444,2.552631578947368,2.305263157894737,0.8421052631578947
82.49806355521321,2.552631578947368,2.305263157894737,0.894736842105263
87.11075828342015,2.552631578947368,2.305263157894737,0.9473684210526316
91.76400320440852,2.552631578947368,2.305263157894737,1.0
59.79237758288419,2.552631578947368,2.357894736842105,0.0
46.2838450609571,2.552631578947368,2.357894736842105,0.0526315789473684
38.99005586718056,2.552631578947368,2.357894736842105,0.1052631578947368
35.48495635953853,2.552631578947368,2.357894736842105,0.1578947368421052
34.34515615879483,2.552631578947368,2.357894736842105,0.2105263157894736
34.81895280044334,2.552631578947368,2.357894736842105,0.2631578947368421
36.42064133141261,2.552631578947368,2.357894736842105,0.3157894736842105
38.82719078683402,2.552631578947368,2.357894736842105,0.3684210526315789
41.82486306505547,2.552631578947368,2.357894736842105,0.4210526315789473
45.26057147970359,2.552631578947368,2.357894736842105,0.4736842105263157
49.02247956129676,2.552631578947368,2.357894736842105,0.5263157894736842
53.060461204084966,2.552631578947368,2.357894736842105,0.5789473684210527
57.32027751877563,2.552631578947368,2.357894736842105,0.631578947368421
61.750354182024005,2.552631578947368,2.357894736842105,0.6842105263157894
66.31073226516737,2.552631578947368,2.357894736842105,0.7368421052631579
70.9701543562327,2.552631578947368,2.357894736842105,0.7894736842105263
75.7039746799137,2.552631578947368,2.357894736842105,0.8421052631578947
80.49263496929552,2.552631578947368,2.357894736842105,0.894736842105263
85.32053634589968,2.552631578947368,2.357894736842105,0.9473684210526316
90.1751931179406,2.552631578947368,2.357894736842105,1.0
56.460270522092685,2.552631578947368,2.4105263157894736,0.0
41.71778809001944,2.552631578947368,2.4105263157894736,0.0526315789473684
34.03985150948556,2.552631578947368,2.4105263157894736,0.1052631578947368
30.42812297285807,2.552631578947368,2.4105263157894736,0.1578947368421052
29.36675521354608,2.552631578947368,2.4105263157894736,0.2105263157894736
30.00485280656612,2.552631578947368,2.4105263157894736,0.2631578947368421
31.817399109614666,2.552631578947368,2.4105263157894736,0.3157894736842105
34.4617791310562,2.552631578947368,2.4105263157894736,0.3684210526315789
37.70734256441443,2.552631578947368,2.4105263157894736,0.4210526315789473
41.39509098606994,2.552631578947368,2.4105263157894736,0.4736842105263157
45.44294794658786,2.552631578947368,2.4105263157894736,0.5263157894736842
49.76709120928196,2.552631578947368,2.4105263157894736,0.5789473684210527
54.29953896207433,2.552631578947368,2.4105263157894736,0.631578947368421
58.98858644655503,2.552631578947368,2.4105263157894736,0.6842105263157894
63.79445278683346,2.552631578947368,2.4105263157894736,0.7368421052631579
68.6862458677864,2.552631578947368,2.4105263157894736,0.7894736842105263
73.63979906065748,2.552631578947368,2.4105263157894736,0.8421052631578947
78.63610036230077,2.552631578947368,2.4105263157894736,0.894736842105263
83.66013332199505,2.552631578947368,2.4105263157894736,0.9473684210526316
88.70000979373206,2.552631578947368,2.4105263157894736,1.0
59.06523168278024,2.552631578947368,2.463157894736842,0.0
41.05025273196605,2.552631578947368,2.463157894736842,0.0526315789473684
31.733675531944243,2.552631578947368,2.463157894736842,0.1052631578947368
27.31370487020033,2.552631578947368,2.463157894736842,0.1578947368421052
25.875052245800312,2.552631578947368,2.463157894736842,0.2105263157894736
26.35531611553891,2.552631578947368,2.463157894736842,0.2631578947368421
28.1371321060413,2.552631578947368,2.463157894736842,0.3157894736842105
30.838236450695163,2.552631578947368,2.463157894736842,0.3684210526315789
34.201199353298094,2.552631578947368,2.463157894736842,0.4210526315789473
38.07547391337561,2.552631578947368,2.463157894736842,0.4736842105263157
42.32917401374607,2.552631578947368,2.463157894736842,0.5263157894736842
46.86434599719207,2.552631578947368,2.463157894736842,0.5789473684210527
51.60826350633161,2.552631578947368,2.463157894736842,0.631578947368421
56.5060869429935,2.552631578947368,2.463157894736842,0.6842105263157894
61.515962490335376,2.552631578947368,2.463157894736842,0.7368421052631579
66.60564787615888,2.552631578947368,2.463157894736842,0.7894736842105263
71.75012950186245,2.552631578947368,2.463157894736842,0.8421052631578947
76.92990391533154,2.552631578947368,2.463157894736842,0.894736842105263
82.12971643191567,2.552631578947368,2.463157894736842,0.9473684210526316
87.33762138701734,2.552631578947368,2.463157894736842,1.0
69.26070061887457,2.552631578947368,2.515789473684211,0.0
45.17024890479859,2.552631578947368,2.515789473684211,0.0526315789473684
32.6461194999523,2.552631578947368,2.515789473684211,0.1052631578947368
26.504596854950236,2.552631578947368,2.515789473684211,0.1578947368421052
24.11038915024909,2.552631578947368,2.515789473684211,0.2105263157894736
24.054180943670755,2.552631578947368,2.515789473684211,0.2631578947368421
25.535501940304066,2.552631578947368,2.515789473684211,0.3157894736842105
28.091887193191667,2.552631578947368,2.515789473684211,0.3684210526315789
31.447756932952625,2.552631578947368,2.515789473684211,0.4210526315789473
35.37999367959304,2.552631578947368,2.515789473684211,0.4736842105263157
39.732323949851775,2.552631578947368,2.515789473684211,0.5263157894736842
44.39255216657636,2.552631578947368,2.515789473684211,0.5789473684210527
49.27828987664012,2.552631578947368,2.515789473684211,0.631578947368421
54.32798604434112,2.552631578947368,2.515789473684211,0.6842105263157894
59.4950523152278,2.552631578947368,2.515789473684211,0.7368421052631579
64.7438785115339,2.552631578947368,2.515789473684211,0.7894736842105263
70.04705090234089,2.552631578947368,2.515789473684211,0.8421052631578947
75.38336364297533,2.552631578947368,2.515789473684211,0.894736842105263
80.73636930630053,2.552631578947368,2.515789473684211,0.9473684210526316
86.09330515523882,2.552631578947368,2.515789473684211,1.0
89.6113943790262,2.552631578947368,2.568421052631579,0.0
55.47701274140831,2.552631578947368,2.568421052631579,0.0526315789473684
37.64191498807993,2.552631578947368,2.568421052631579,0.1052631578947368
28.55628019825056,2.552631578947368,2.568421052631579,0.1578947368421052
24.45145423037044,2.552631578947368,2.568421052631579,0.2105263157894736
23.362411378261527,2.552631578947368,2.568421052631579,0.2631578947368421
24.233234659109417,2.552631578947368,2.568421052631579,0.3157894736842105
26.43811919404926,2.552631578947368,2.568421052631579,0.3684210526315789
29.58032342016214,2.552631578947368,2.568421052631579,0.4210526315789473
33.408395808216454,2.552631578947368,2.568421052631579,0.4736842105263157
37.73187185001041,2.552631578947368,2.568421052631579,0.5263157894736842
42.41551270419323,2.552631578947368,2.568421052631579,0.5789473684210527
47.36113374548784,2.552631578947368,2.568421052631579,0.631578947368421
52.496059299491904,2.552631578947368,2.568421052631579,0.6842105263157894
57.76570976745278,2.552631578947368,2.568421052631579,0.7368421052631579
63.12865448625671,2.552631578947368,2.568421052631579,0.7894736842105263
68.55320191501497,2.552631578947368,2.568421052631579,0.8421052631578947
74.01498657293914,2.552631578947368,2.568421052631579,0.894736842105263
79.4952242783832,2.552631578947368,2.568421052631579,0.9473684210526316
84.97942820987315,2.552631578947368,2.568421052631579,1.0
123.9603414976127,2.552631578947368,2.6210526315789475,0.0
74.11506049815459,2.552631578947368,2.6210526315789475,0.0526315789473684
47.98477567108536,2.552631578947368,2.6210526315789475,0.1052631578947368
34.27063849921524,2.552631578947368,2.6210526315789475,0.1578947368421052
27.44407602994237,2.552631578947368,2.6210526315789475,0.2105263157894736
24.705235047804585,2.552631578947368,2.6210526315789475,0.2631578947368421
24.539452161811678,2.552631578947368,2.6210526315789475,0.3157894736842105
26.07585462642887,2.552631578947368,2.6210526315789475,0.3684210526315789
28.77566267571564,2.552631578947368,2.6210526315789475,0.4210526315789473
32.30271729849524,2.552631578947368,2.6210526315789475,0.4736842105263157
36.44171707653145,2.552631578947368,2.6210526315789475,0.5263157894736842
41.02543210046112,2.552631578947368,2.6210526315789475,0.5789473684210527
45.93200717324597,2.552631578947368,2.6210526315789475,0.631578947368421
51.07204504950906,2.552631578947368,2.6210526315789475,0.6842105263157894
56.37888399216206,2.552631578947368,2.6210526315789475,0.7368421052631579
61.80221549226945,2.552631578947368,2.6210526315789475,0.7894736842105263
67.30374406259722,2.552631578947368,2.6210526315789475,0.8421052631578947
72.85414875304646,2.552631578947368,2.6210526315789475,0.894736842105263
78.43090520854197,2.552631578947368,2.6210526315789475,0.9473684210526316
84.01669434352992,2.552631578947368,2.6210526315789475,1.0
178.10375402847697,2.552631578947368,2.673684210526316,0.0
104.231918629237,2.552631578947368,2.673684210526316,0.0526315789473684
65.49381827659833,2.552631578947368,2.673684210526316,0.1052631578947368
44.785184255852826,2.552631578947368,2.673684210526316,0.1578947368421052
33.8818131242945,2.552631578947368,2.673684210526316,0.2105263157894736
28.63183871037249,2.552631578947368,2.673684210526316,0.2631578947368421
26.83838370842821,2.552631578947368,2.673684210526316,0.3157894736842105
27.28173334442145,2.552631578947368,2.673684210526316,0.3684210526315789
29.238501153503783,2.552631578947368,2.673684210526316,0.4210526315789473
32.247901255634034,2.552631578947368,2.673684210526316,0.4736842105263157
36.01550262280356,2.552631578947368,2.673684210526316,0.5263157894736842
40.34697033909909,2.552631578947368,2.673684210526316,0.5789473684210527
45.092875914762985,2.552631578947368,2.673684210526316,0.631578947368421
50.13987102010104,2.552631578947368,2.673684210526316,0.6842105263157894
55.40397879786388,2.552631578947368,2.673684210526316,0.7368421052631579
60.82212867479104,2.552631578947368,2.673684210526316,0.7894736842105263
66.34647820447778,2.552631578947368,2.673684210526316,0.8421052631578947
71.94048214490684,2.552631578947368,2.673684210526316,0.894736842105263
77.5761002436091,2.552631578947368,2.673684210526316,0.9473684210526316
83.23177211927845,2.552631578947368,2.673684210526316,1.0
260.7936560982174,2.552631578947368,2.726315789473684,0.0
150.4142017265289,2.552631578947368,2.726315789473684,0.0526315789473684
92.7750108006544,2.552631578947368,2.726315789473684,0.1052631578947368
61.74064018062016,2.552631578947368,2.726315789473684,0.1578947368421052
44.82390359129734,2.552631578947368,2.726315789473684,0.2105263157894736
35.854679203969326,2.552631578947368,2.726315789473684,0.2631578947368421
31.64368668531057,2.552631578947368,2.726315789473684,0.3157894736842105
30.444962648524868,2.552631578947368,2.726315789473684,0.3684210526315789
31.256915825734563,2.552631578947368,2.726315789473684,0.4210526315789473
33.45692819938171,2.552631578947368,2.726315789473684,0.4736842105263157
36.63943243785028,2.552631578947368,2.726315789473684,0.5263157894736842
40.539481757109705,2.552631578947368,2.726315789473684,0.5789473684210527
44.97282809732936,2.552631578947368,2.726315789473684,0.631578947368421
49.80466353975616,2.552631578947368,2.726315789473684,0.6842105263157894
54.92698643510994,2.552631578947368,2.726315789473684,0.7368421052631579
60.258964585318246,2.552631578947368,2.726315789473684,0.7894736842105263
65.73946615948655,2.552631578947368,2.726315789473684,0.8421052631578947
71.32187579373543,2.552631578947368,2.726315789473684,0.894736842105263
76.97044666733022,2.552631578947368,2.726315789473684,0.9473684210526316
82.65767487378078,2.552631578947368,2.726315789473684,1.0
385.27154868892006,2.552631578947368,2.778947368421053,0.0
219.52790788061296,2.552631578947368,2.778947368421053,0.0526315789473684
133.62557469433148,2.552631578947368,2.778947368421053,0.1052631578947368
87.335313817234,2.552631578947368,2.778947368421053,0.1578947368421052
61.66264052737248,2.552631578947368,2.778947368421053,0.2105263157894736
47.34068345504521,2.552631578947368,2.778947368421053,0.2631578947368421
39.65600520259407,2.552631578947368,2.778947368421053,0.3157894736842105
36.09346496944175,2.552631578947368,2.778947368421053,0.3684210526315789
35.238869562842325,2.552631578947368,2.778947368421053,0.4210526315789473
36.24207891596345,2.552631578947368,2.778947368421053,0.4736842105263157
38.552615066881394,2.552631578947368,2.778947368421053,0.5263157894736842
41.80384323697628,2.552631578947368,2.778947368421053,0.5789473684210527
45.75126626809167,2.552631578947368,2.778947368421053,0.631578947368421
50.21600597315768,2.552631578947368,2.778947368421053,0.6842105263157894
55.07246939648851,2.552631578947368,2.778947368421053,0.7368421052631579
60.217211641889655,2.552631578947368,2.778947368421053,0.7894736842105263
65.57096766029292,2.552631578947368,2.778947368421053,0.8421052631578947
71.0733801099413,2.552631578947368,2.778947368421053,0.894736842105263
76.67817023973929,2.552631578947368,2.778947368421053,0.9473684210526316
82.34968940304344,2.552631578947368,2.778947368421053,1.0
571.5522190437232,2.552631578947368,2.8315789473684214,0.0
321.80533905836705,2.552631578947368,2.8315789473684214,0.0526315789473684
193.5511173276229,2.552631578947368,2.8315789473684214,0.1052631578947368
124.7385852873163,2.552631578947368,2.8315789473684214,0.1578947368421052
86.33591780624958,2.552631578947368,2.8315789473684214,0.2105263157894736
64.34806097526696,2.552631578947368,2.8315789473684214,0.2631578947368421
51.76423007473937,2.552631578947368,2.8315789473684214,0.3157894736842105
44.90231849295742,2.552631578947368,2.8315789473684214,0.3684210526315789
41.71996962604004,2.552631578947368,2.8315789473684214,0.4210526315789473
41.02454873896771,2.552631578947368,2.8315789473684214,0.4736842105263157
42.08386178591791,2.552631578947368,2.8315789473684214,0.5263157894736842
44.40161970242554,2.552631578947368,2.8315789473684214,0.5789473684210527
47.63878834834216,2.552631578947368,2.8315789473684214,0.631578947368421
51.564710578505895,2.552631578947368,2.8315789473684214,0.6842105263157894
56.00398646692311,2.552631578947368,2.8315789473684214,0.7368421052631579
60.83432648913384,2.552631578947368,2.8315789473684214,0.7894736842105263
65.95726500796239,2.552631578947368,2.8315789473684214,0.8421052631578947
71.2939590969174,2.552631578947368,2.8315789473684214,0.894736842105263
76.78396879902515,2.552631578947368,2.8315789473684214,0.9473684210526316
82.38068689242989,2.552631578947368,2.8315789473684214,1.0
849.9894549190094,2.552631578947368,2.8842105263157896,0.0
472.4179606117364,2.552631578947368,2.8842105263157896,0.0526315789473684
280.5798943927504,2.552631578947368,2.8842105263157896,0.1052631578947368
178.49254014320448,2.552631578947368,2.8842105263157896,0.1578947368421052
121.60450525590956,2.552631578947368,2.8842105263157896,0.2105263157894736
88.66652582268306,2.552631578947368,2.8842105263157896,0.2631578947368421
69.17888164577602,2.552631578947368,2.8842105263157896,0.3157894736842105
57.7187563971202,2.552631578947368,2.8842105263157896,0.3684210526315789
51.335072389119865,2.552631578947368,2.8842105263157896,0.4210526315789473
48.327214779738505,2.552631578947368,2.8842105263157896,0.4736842105263157
47.66485041741651,2.552631578947368,2.8842105263157896,0.5263157894736842
48.6774551606153,2.552631578947368,2.8842105263157896,0.5789473684210527
50.918878110101495,2.552631578947368,2.8842105263157896,0.631578947368421
54.07384016020137,2.552631578947368,2.8842105263157896,0.6842105263157894
57.92074204901571,2.552631578947368,2.8842105263157896,0.7368421052631579
62.28691924660312,2.552631578947368,2.8842105263157896,0.7894736842105263
67.04782260413398,2.552631578947368,2.8842105263157896,0.8421052631578947
72.11087612413233,2.552631578947368,2.8842105263157896,0.894736842105263
77.39684517977382,2.552631578947368,2.8842105263157896,0.9473684210526316
82.8445492951332,2.552631578947368,2.8842105263157896,1.0
1266.693292580708,2.552631578947368,2.936842105263158,0.0
694.0967537337957,2.552631578947368,2.936842105263158,0.0526315789473684
406.51228367209177,2.552631578947368,2.936842105263158,0.1052631578947368
255.1229233864468,2.552631578947368,2.936842105263158,0.1578947368421052
171.3411864167447,2.552631578947368,2.936842105263158,0.2105263157894736
122.76337115570048,2.552631578947368,2.936842105263158,0.2631578947368421
93.5760375136491,2.552631578947368,2.936842105263158,0.3157894736842105
75.73768133607106,2.552631578947368,2.936842105263158,0.3684210526315789
64.95065052247872,2.552631578947368,2.936842105263158,0.4210526315789473
58.78581081706356,2.552631578947368,2.936842105263158,0.4736842105263157
55.78956048933329,2.552631578947368,2.936842105263158,0.5263157894736842
55.04839376765059,2.552631578947368,2.936842105263158,0.5789473684210527
55.9441604274368,2.552631578947368,2.936842105263158,0.631578947368421
58.04813253892426,2.552631578947368,2.936842105263158,0.6842105263157894
61.06275968797618,2.552631578947368,2.936842105263158,0.7368421052631579
64.78092655198981,2.552631578947368,2.936842105263158,0.7894736842105263
69.0314788261735,2.552631578947368,2.936842105263158,0.8421052631578947
73.68617966036581,2.552631578947368,2.936842105263158,0.894736842105263
78.65557850033298,2.552631578947368,2.936842105263158,0.9473684210526316
83.86081878214651,2.552631578947368,2.936842105263158,1.0
1892.1087327305336,2.552631578947368,2.9894736842105267,0.0
1021.0869671977208,2.552631578947368,2.9894736842105267,0.0526315789473684
588.8030323006889,2.552631578947368,2.9894736842105267,0.1052631578947368
364.07127196557457,2.552631578947368,2.9894736842105267,0.1578947368421052
241.01565599807265,2.552631578947368,2.9894736842105267,0.2105263157894736
170.04215609867316,2.552631578947368,2.9894736842105267,0.2631578947368421
127.22038214151468,2.552631578947368,2.9894736842105267,0.3157894736842105
100.55455963994557,2.552631578947368,2.9894736842105267,0.3684210526315789
83.74279191603355,2.552631578947368,2.9894736842105267,0.4210526315789473
73.2901404528064,2.552631578947368,2.9894736842105267,0.4736842105263157
67.14280060189357,2.552631578947368,2.9894736842105267,0.5263157894736842
64.02747217125405,2.552631578947368,2.9894736842105267,0.5789473684210527
63.11236897561814,2.552631578947368,2.9894736842105267,0.631578947368421
63.818944710063406,2.552631578947368,2.9894736842105267,0.6842105263157894
65.73837435428439,2.552631578947368,2.9894736842105267,0.7368421052631579
68.57641582729627,2.552631578947368,2.9894736842105267,0.7894736842105263
72.1233350444649,2.552631578947368,2.9894736842105267,0.8421052631578947
76.21946505763479,2.552631578947368,2.9894736842105267,0.894736842105263
80.7355247609327,2.552631578947368,2.9894736842105267,0.9473684210526316
85.58045816241578,2.552631578947368,2.9894736842105267,1.0
2834.250118428357,2.552631578947368,3.042105263157895,0.0
1505.2332525798752,2.552631578947368,3.042105263157895,0.0526315789473684
853.4325298654969,2.552631578947368,3.042105263157895,0.1052631578947368
519.0974151343509,2.552631578947368,3.042105263157895,0.1578947368421052
338.41126782333646,2.552631578947368,3.042105263157895,0.2105263157894736
235.2300758448343,2.552631578947368,3.042105263157895,0.2631578947368421
173.1884228496612,2.552631578947368,3.042105263157895,0.3157894736842105
134.29712251613864,2.552631578947368,3.042105263157895,0.3684210526315789
109.25748851004792,2.552631578947368,3.042105263157895,0.4210526315789473
93.00679463072596,2.552631578947368,3.042105263157895,0.4736842105263157
82.62678445635474,2.552631578947368,3.042105263157895,0.5263157894736842
76.33543902895111,2.552631578947368,3.042105263157895,0.5789473684210527
72.99209344775326,2.552631578947368,3.042105263157895,0.631578947368421
71.82136465743929,2.552631578947368,3.042105263157895,0.6842105263157894
72.27452600420882,2.552631578947368,3.042105263157895,0.7368421052631579
73.95654504147309,2.552631578947368,3.042105263157895,0.7894736842105263
76.57936954378317,2.552631578947368,3.042105263157895,0.8421052631578947
79.93242652525588,2.552631578947368,3.042105263157895,0.894736842105263
83.8454345349032,2.552631578947368,3.042105263157895,0.9473684210526316
88.19284470942699,2.552631578947368,3.042105263157895,1.0
4259.278073378602,2.552631578947368,3.094736842105263,0.0
2225.3814400691213,2.552631578947368,3.094736842105263,0.0526315789473684
1239.3029386501448,2.552631578947368,3.094736842105263,0.1052631578947368
740.400278970212,2.552631578947368,3.094736842105263,0.1578947368421052
474.691310866894,2.552631578947368,3.094736842105263,0.2105263157894736
324.94274755071626,2.552631578947368,3.094736842105263,0.2631578947368421
235.68659609380748,2.552631578947368,3.094736842105263,0.3157894736842105
179.81681418170325,2.552631578947368,3.094736842105263,0.3684210526315789
143.53359822421604,2.552631578947368,3.094736842105263,0.4210526315789473
119.45579354136748,2.552631578947368,3.094736842105263,0.4736842105263157
103.40944577753392,2.552631578947368,3.094736842105263,0.5263157894736842
92.89348973057923,2.552631578947368,3.094736842105263,0.5789473684210527
86.32492155794439,2.552631578947368,3.094736842105263,0.631578947368421
82.65840812445181,2.552631578947368,3.094736842105263,0.6842105263157894
81.15939025468752,2.552631578947368,3.094736842105263,0.7368421052631579
81.30071943830109,2.552631578947368,3.094736842105263,0.7894736842105263
82.69649181416634,2.552631578947368,3.094736842105263,0.8421052631578947
85.0622500944484,2.552631578947368,3.094736842105263,0.894736842105263
88.18649567348928,2.552631578947368,3.094736842105263,0.9473684210526316
91.89712591085193,2.552631578947368,3.094736842105263,1.0
6423.551936450491,2.552631578947368,3.147368421052632,0.0
3301.938652487563,2.552631578947368,3.147368421052632,0.0526315789473684
1804.991281396711,2.552631578947368,3.147368421052632,0.1052631578947368
1057.8395157593047,2.552631578947368,3.147368421052632,0.1578947368421052
665.9947597867265,2.552631578947368,3.147368421052632,0.2105263157894736
448.5136860242284,2.552631578947368,3.147368421052632,0.2631578947368421
320.50829655273213,2.552631578947368,3.147368421052632,0.3157894736842105
240.95748310003452,2.552631578947368,3.147368421052632,0.3684210526315789
189.27155052280108,2.552631578947368,3.147368421052632,0.4210526315789473
154.62293958911775,2.552631578947368,3.147368421052632,0.4736842105263157
131.0030040509673,2.552631578947368,3.147368421052632,0.5263157894736842
114.879748537231,2.552631578947368,3.147368421052632,0.5789473684210527
104.05593345237844,2.552631578947368,3.147368421052632,0.631578947368421
97.0957103566384,2.552631578947368,3.147368421052632,0.6842105263157894
93.02053092158808,2.552631578947368,3.147368421052632,0.7368421052631579
91.12642344306435,2.552631578947368,3.147368421052632,0.7894736842105263
90.9011361055576,2.552631578947368,3.147368421052632,0.8421052631578947
91.96425066021432,2.552631578947368,3.147368421052632,0.894736842105263
94.03281253604924,2.552631578947368,3.147368421052632,0.9473684210526316
96.89297867099168,2.552631578947368,3.147368421052632,1.0
9723.630699048255,2.552631578947368,3.2,0.0
4919.468897964034,2.552631578947368,3.2,0.0526315789473684
2639.153828991666,2.552631578947368,3.2,0.1052631578947368
1515.8494954526452,2.552631578947368,3.2,0.1578947368421052
935.837553051508,2.552631578947368,3.2,0.2105263157894736
619.2209177340854,2.552631578947368,3.2,0.2631578947368421
435.69571858381465,2.552631578947368,3.2,0.3157894736842105
322.9356213425497,2.552631578947368,3.2,0.3684210526315789
250.06664967323692,2.552631578947368,3.2,0.4210526315789473
201.11223196027836,2.552631578947368,3.2,0.4736842105263157
167.36746609219756,2.552631578947368,3.2,0.5263157894736842
143.81305749377154,2.552631578947368,3.2,0.5789473684210527
127.38395446571378,2.552631578947368,3.2,0.631578947368421
116.10549344448204,2.552631578947368,3.2,0.6842105263157894
108.6513336237468,2.552631578947368,3.2,0.7368421052631579
104.08855510329586,2.552631578947368,3.2,0.7894736842105263
101.7360964048322,2.552631578947368,3.2,0.8421052631578947
101.0914128748004,2.552631578947368,3.2,0.894736842105263
101.77665464562632,2.552631578947368,3.2,0.9473684210526316
103.50863183755844,2.552631578947368,3.2,1.0
102.04519424440156,2.6578947368421053,2.2,0.0
82.30004463406401,2.6578947368421053,2.2,0.0526315789473684
69.84197923037593,2.6578947368421053,2.2,0.1052631578947368
62.26075716346777,2.6578947368421053,2.2,0.1578947368421052
58.016504657127896,2.6578947368421053,2.2,0.2105263157894736
55.94905935699894,2.6578947368421053,2.2,0.2631578947368421
55.38236589511831,2.6578947368421053,2.2,0.3157894736842105
55.917635670941166,2.6578947368421053,2.2,0.3684210526315789
57.27425978455357,2.6578947368421053,2.2,0.4210526315789473
59.251011779680105,2.6578947368421053,2.2,0.4736842105263157
61.70186783041447,2.6578947368421053,2.2,0.5263157894736842
64.52632213710385,2.6578947368421053,2.2,0.5789473684210527
67.64353709266067,2.6578947368421053,2.2,0.631578947368421
70.98980138006536,2.6578947368421053,2.2,0.6842105263157894
74.51637803041584,2.6578947368421053,2.2,0.7368421052631579
78.21303806529724,2.6578947368421053,2.2,0.7894736842105263
82.06355820713567,2.6578947368421053,2.2,0.8421052631578947
86.03989391197334,2.6578947368421053,2.2,0.894736842105263
90.11922151156286,2.6578947368421053,2.2,0.9473684210526316
94.2828412069291,2.6578947368421053,2.2,1.0
84.80558459666712,2.6578947368421053,2.2526315789473688,0.0
68.01285796320441,2.6578947368421053,2.2526315789473688,0.0526315789473684
57.80973614456561,2.6578947368421053,2.2526315789473688,0.1052631578947368
51.96568603557613,2.6578947368421053,2.2526315789473688,0.1578947368421052
49.01844920009962,2.6578947368421053,2.2526315789473688,0.2105263157894736
47.93942922727297,2.6578947368421053,2.2526315789473688,0.2631578947368421
48.19490004129471,2.6578947368421053,2.2526315789473688,0.3157894736842105
49.42563206445181,2.6578947368421053,2.2526315789473688,0.3684210526315789
51.37977909534917,2.6578947368421053,2.2526315789473688,0.4210526315789473
53.87732328627748,2.6578947368421053,2.2526315789473688,0.4736842105263157
56.79453231931506,2.6578947368421053,2.2526315789473688,0.5263157894736842
60.0362680193436,2.6578947368421053,2.2526315789473688,0.5789473684210527
63.527832921320496,2.6578947368421053,2.2526315789473688,0.631578947368421
67.2153427228988,2.6578947368421053,2.2526315789473688,0.6842105263157894
71.0882938275899,2.6578947368421053,2.2526315789473688,0.7368421052631579
75.11824440084209,2.6578947368421053,2.2526315789473688,0.7894736842105263
79.27432312222527,2.6578947368421053,2.2526315789473688,0.8421052631578947
83.53168647576439,2.6578947368421053,2.2526315789473688,0.894736842105263
87.87020087294802,2.6578947368421053,2.2526315789473688,0.9473684210526316
92.273453905941,2.6578947368421053,2.2526315789473688,1.0
72.04585970050616,2.6578947368421053,2.305263157894737,0.0
56.91274025078236,2.6578947368421053,2.305263157894737,0.0526315789473684
48.118630031521874,2.6578947368421053,2.305263157894737,0.1052631578947368
43.42681143509457,2.6578947368421053,2.305263157894737,0.1578947368421052
41.32142827662323,2.6578947368421053,2.305263157894737,0.2105263157894736
40.95859961916537,2.6578947368421053,2.305263157894737,0.2631578947368421
41.83361885595552,2.6578947368421053,2.305263157894737,0.3157894736842105
43.6057418419036,2.6578947368421053,2.305263157894737,0.3684210526315789
46.03816962335733,2.6578947368421053,2.305263157894737,0.4210526315789473
48.9688605018987,2.6578947368421053,2.305263157894737,0.4736842105263157
52.27920561375573,2.6578947368421053,2.305263157894737,0.5263157894736842
55.87706287410698,2.6578947368421053,2.305263157894737,0.5789473684210527
59.70116095643071,2.6578947368421053,2.305263157894737,0.631578947368421
63.73270975540502,2.6578947368421053,2.305263157894737,0.6842105263157894
67.93126905916944,2.6578947368421053,2.305263157894737,0.7368421052631579
72.26142086678874,2.6578947368421053,2.305263157894737,0.7894736842105263
76.69501947815357,2.6578947368421053,2.305263157894737,0.8421052631578947
81.20953218093271,2.6578947368421053,2.305263157894737,0.894736842105263
85.78680907896167,2.6578947368421053,2.305263157894737,0.9473684210526316
90.41215911612277,2.6578947368421053,2.305263157894737,1.0
63.98644674212839,2.6578947368421053,2.357894736842105,0.0
49.08498005943101,2.6578947368421053,2.357894736842105,0.0526315789473684
40.82251191664432,2.6578947368421053,2.357894736842105,0.1052631578947368
36.6271470649849,2.6578947368421053,2.357894736842105,0.1578947368421052
34.96530469730865,2.6578947368421053,2.357894736842105,0.2105263157894736
35.03386216004432,2.6578947368421053,2.357894736842105,0.2631578947368421
36.31754101580876,2.6578947368421053,2.357894736842105,0.3157894736842105
38.47111136146355,2.6578947368421053,2.357894736842105,0.3684210526315789
41.26308334574226,2.6578947368421053,2.357894736842105,0.4210526315789473
44.53255391069298,2.6578947368421053,2.357894736842105,0.4736842105263157
48.157619417932445,2.6578947368421053,2.357894736842105,0.5263157894736842
52.06336919101975,2.6578947368421053,2.357894736842105,0.5789473684210527
56.21250078923387,2.6578947368421053,2.357894736842105,0.631578947368421
60.55081018697741,2.6578947368421053,2.357894736842105,0.6842105263157894
65.03532937588338,2.6578947368421053,2.357894736842105,0.7368421052631579
69.63239214274125,2.6578947368421053,2.357894736842105,0.7894736842105263
74.31540692673711,2.6578947368421053,2.357894736842105,0.8421052631578947
79.06323147793213,2.6578947368421053,2.357894736842105,0.894736842105263
83.85896891478411,2.6578947368421053,2.357894736842105,0.9473684210526316
88.6890639304232,2.6578947368421053,2.357894736842105,1.0
61.24222911556501,2.6578947368421053,2.4105263157894736,0.0
44.85967253396005,2.6578947368421053,2.4105263157894736,0.0526315789473684
36.0823991447457,2.6578947368421053,2.4105263157894736,0.1052631578947368
31.69830708877472,2.6578947368421053,2.4105263157894736,0.1578947368421052
30.05858989469168,2.6578947368421053,2.4105263157894736,0.2105263157894736
30.2475140210801,2.6578947368421053,2.4105263157894736,0.2631578947368421
31.70805401005477,2.6578947368421053,2.4105263157894736,0.3157894736842105
34.07181319724085,2.6578947368421053,2.4105263157894736,0.3684210526315789
37.09307154385728,2.6578947368421053,2.4105263157894736,0.4210526315789473
40.5946852820929,2.6578947368421053,2.4105263157894736,0.4736842105263157
44.4735104498561,2.6578947368421053,2.4105263157894736,0.5263157894736842
48.65863166522449,2.6578947368421053,2.4105263157894736,0.5789473684210527
53.07665011384902,2.6578947368421053,2.4105263157894736,0.631578947368421
57.67163934588643,2.6578947368421053,2.4105263157894736,0.6842105263157894
62.40048750253008,2.6578947368421053,2.4105263157894736,0.7368421052631579
67.22964548548994,2.6578947368421053,2.4105263157894736,0.7894736842105263
72.13280780731473,2.6578947368421053,2.4105263157894736,0.8421052631578947
77.08922729621354,2.6578947368421053,2.4105263157894736,0.894736842105263
82.0824705603716,2.6578947368421053,2.4105263157894736,0.9473684210526316
87.09948597634303,2.6578947368421053,2.4105263157894736,1.0
64.93100356579309,2.6578947368421053,2.463157894736842,0.0
44.8674654738077,2.6578947368421053,2.463157894736842,0.0526315789473684
34.227782417646075,2.6578947368421053,2.463157894736842,0.1052631578947368
28.886460120227014,2.6578947368421053,2.463157894736842,0.1578947368421052
26.77367522461227,2.6578947368421053,2.463157894736842,0.2105263157894736
26.7433831277826,2.6578947368421053,2.463157894736842,0.2631578947368421
28.118717512686267,2.6578947368421053,2.463157894736842,0.3157894736842105
30.49806204866941,2.6578947368421053,2.463157894736842,0.3684210526315789
33.59490668670612,2.6578947368421053,2.463157894736842,0.4210526315789473
37.24155375476184,2.6578947368421053,2.463157894736842,0.4736842105263157
41.30985677698851,2.6578947368421053,2.463157894736842,0.5263157894736842
45.69356863588088,2.6578947368421053,2.463157894736842,0.5789473684210527
50.31365510751253,2.6578947368421053,2.463157894736842,0.631578947368421
55.11039395775645,2.6578947368421053,2.463157894736842,0.6842105263157894
60.03809840303299,2.6578947368421053,2.463157894736842,0.7368421052631579
65.06148248533599,2.6578947368421053,2.463157894736842,0.7894736842105263
70.15309257433957,2.6578947368421053,2.463157894736842,0.8421052631578947
75.29145346971514,2.6578947368421053,2.463157894736842,0.894736842105263
80.45970643858922,2.6578947368421053,2.463157894736842,0.9473684210526316
85.6445935555555,2.6578947368421053,2.463157894736842,1.0
76.86170757874162,2.6578947368421053,2.515789473684211,0.0
50.10177542564756,2.6578947368421053,2.515789473684211,0.0526315789473684
35.88916107232425,2.6578947368421053,2.515789473684211,0.1052631578947368
28.60071226333028,2.6578947368421053,2.515789473684211,0.1578947368421052
25.38522566998835,2.6578947368421053,2.515789473684211,0.2105263157894736
24.713671510973853,2.6578947368421053,2.515789473684211,0.2631578947368421
25.72268819921413,2.6578947368421053,2.515789473684211,0.3157894736842105
27.885214348349567,2.6578947368421053,2.515789473684211,0.3684210526315789
30.916179546980256,2.6578947368421053,2.515789473684211,0.4210526315789473
34.5869746504841,2.6578947368421053,2.515789473684211,0.4736842105263157
38.727616939222834,2.6578947368421053,2.515789473684211,0.5263157894736842
43.21583091472863,2.6578947368421053,2.515789473684211,0.5789473684210527
47.96163005586833,2.6578947368421053,2.515789473684211,0.631578947368421
52.89762399554981,2.6578947368421053,2.515789473684211,0.6842105263157894
57.97266750821409,2.6578947368421053,2.515789473684211,0.7368421052631579
63.147550325127696,2.6578947368421053,2.515789473684211,0.7894736842105263
68.39198571933026,2.6578947368421053,2.515789473684211,0.8421052631578947
73.68245584233787,2.6578947368421053,2.515789473684211,0.894736842105263
79.00063965337311,2.6578947368421053,2.515789473684211,0.9473684210526316
84.33224716098641,2.6578947368421053,2.515789473684211,1.0
99.82273144616376,2.6578947368421053,2.568421052631579,0.0
62.07159236949357,2.6578947368421053,2.568421052631579,0.0526315789473684
42.00592954210624,2.6578947368421053,2.568421052631579,0.1052631578947368
31.445811095280288,2.6578947368421053,2.568421052631579,0.1578947368421052
26.30635715717398,2.6578947368421053,2.568421052631579,0.2105263157894736
24.456252956796742,2.6578947368421053,2.568421052631579,0.2631578947368421
24.729185612255883,2.6578947368421053,2.568421052631579,0.3157894736842105
26.463291961653148,2.6578947368421053,2.568421052631579,0.3684210526315789
29.224303780802316,2.6578947368421053,2.568421052631579,0.4210526315789473
32.74246987208359,2.6578947368421053,2.568421052631579,0.4736842105263157
36.81618291904788,2.6578947368421053,2.568421052631579,0.5263157894736842
41.29762908719356,2.6578947368421053,2.568421052631579,0.5789473684210527
46.07923888723575,2.6578947368421053,2.568421052631579,0.631578947368421
51.08117846450236,2.6578947368421053,2.568421052631579,0.6842105263157894
56.24331353811037,2.6578947368421053,2.568421052631579,0.7368421052631579
61.51984244296892,2.6578947368421053,2.568421052631579,0.7894736842105263
66.8755937685209,2.6578947368421053,2.568421052631579,0.8421052631578947
72.28340373634684,2.6578947368421053,2.568421052631579,0.894736842105263
77.72221792756153,2.6578947368421053,2.568421052631579,0.9473684210526316
83.17569281060841,2.6578947368421053,2.568421052631579,1.0
138.00152639850504,2.6578947368421053,2.6210526315789475,0.0
83.1126873232171,2.6578947368421053,2.6210526315789475,0.0526315789473684
53.95561785395657,2.6578947368421053,2.6210526315789475,0.1052631578947368
38.29370535770582,2.6578947368421053,2.6210526315789475,0.1578947368421052
30.12907841896162,2.6578947368421053,2.6210526315789475,0.2105263157894736
26.40353596783438,2.6578947368421053,2.6210526315789475,0.2631578947368421
25.49228762203348,2.6578947368421053,2.6210526315789475,0.3157894736842105
26.45184673376488,2.6578947368421053,2.6210526315789475,0.3684210526315789
28.69748850448079,2.6578947368421053,2.6210526315789475,0.4210526315789473
31.85681721476144,2.6578947368421053,2.6210526315789475,0.4736842105263157
35.69348853435988,2.6578947368421053,2.6210526315789475,0.5263157894736842
40.03311219117752,2.6578947368421053,2.6210526315789475,0.5789473684210527
44.74197125819345,2.6578947368421053,2.6210526315789475,0.631578947368421
49.72169733518533,2.6578947368421053,2.6210526315789475,0.6842105263157894
54.89871668517368,2.6578947368421053,2.6210526315789475,0.7368421052631579
60.21731444282558,2.6578947368421053,2.6210526315789475,0.7894736842105263
65.63491362270946,2.6578947368421053,2.6210526315789475,0.8421052631578947
71.11876670449716,2.6578947368421053,2.6210526315789475,0.894736842105263
76.64358163574634,2.6578947368421053,2.6210526315789475,0.9473684210526316
82.1897852638313,2.6578947368421053,2.6210526315789475,1.0
197.66083598976272,2.6578947368421053,2.673684210526316,0.0
116.61713363987418,2.6578947368421053,2.673684210526316,0.0526315789473684
73.71614609404615,2.6578947368421053,2.673684210526316,0.1052631578947368
50.39095300950447,2.6578947368421053,2.673684210526316,0.1578947368421052
37.70353278016181,2.6578947368421053,2.673684210526316,0.2105263157894736
31.184655158280023,2.6578947368421053,2.673684210526316,0.2631578947368421
28.449792195652645,2.6578947368421053,2.673684210526316,0.3157894736842105
28.17098993359381,2.6578947368421053,2.673684210526316,0.3684210526315789
29.56338359429992,2.6578947368421053,2.673684210526316,0.4210526315789473
32.124962579414905,2.6578947368421053,2.673684210526316,0.4736842105263157
35.529683574905754,2.6578947368421053,2.673684210526316,0.5263157894736842
39.560940939743205,2.6578947368421053,2.673684210526316,0.5789473684210527
44.06313502099668,2.6578947368421053,2.673684210526316,0.631578947368421
48.912455406932885,2.6578947368421053,2.673684210526316,0.6842105263157894
54.01618894188681,2.6578947368421053,2.673684210526316,0.7368421052631579
59.30448054300386,2.6578947368421053,2.673684210526316,0.7894736842105263
64.72415145987583,2.6578947368421053,2.673684210526316,0.8421052631578947
70.2344153315671,2.6578947368421053,2.673684210526316,0.894736842105263
75.80383191847054,2.6578947368421053,2.673684210526316,0.9473684210526316
81.40809522507999,2.6578947368421053,2.673684210526316,1.0
288.34990941667274,2.6578947368421053,2.726315789473684,0.0
167.59818404035397,2.6578947368421053,2.726315789473684,0.0526315789473684
104.08608545871262,2.6578947368421053,2.726315789473684,0.1052631578947368
69.46153683077873,2.6578947368421053,2.726315789473684,0.1578947368421052
50.19848289403684,2.6578947368421053,2.726315789473684,0.2105263157894736
39.59167328763405,2.6578947368421053,2.726315789473684,0.2631578947368421
34.17282479307467,2.6578947368421053,2.726315789473684,0.3157894736842105
32.05847675617417,2.6578947368421053,2.726315789473684,0.3684210526315789
32.15851018717678,2.6578947368421053,2.726315789473684,0.4210526315789473
33.79686919246405,2.6578947368421053,2.726315789473684,0.4736842105263157
36.530357537012414,2.6578947368421053,2.726315789473684,0.5263157894736842
40.06509889249442,2.6578947368421053,2.726315789473684,0.5789473684210527
44.19718607630714,2.6578947368421053,2.726315789473684,0.631578947368421
48.78155827828848,2.6578947368421053,2.726315789473684,0.6842105263157894
53.70274874705356,2.6578947368421053,2.726315789473684,0.7368421052631579
58.87131693986937,2.6578947368421053,2.726315789473684,0.7894736842105263
64.21939521464435,2.6578947368421053,2.726315789473684,0.8421052631578947
69.69503806190498,2.6578947368421053,2.726315789473684,0.894736842105263
75.25824142243052,2.6578947368421053,2.726315789473684,0.9473684210526316
80.87807438827578,2.6578947368421053,2.726315789473684,1.0
424.4427590375356,2.6578947368421053,2.778947368421053,0.0
243.5143516703114,2.6578947368421053,2.778947368421053,0.0526315789473684
149.22244956373677,2.6578947368421053,2.778947368421053,0.1052631578947368
97.95587325591396,2.6578947368421053,2.778947368421053,0.1578947368421052
69.11159104845666,2.6578947368421053,2.778947368421053,0.2105263157894736
52.63429637339052,2.6578947368421053,2.778947368421053,0.2631578947368421
43.40657367505946,2.6578947368421053,2.778947368421053,0.3157894736842105
38.68905039124731,2.6578947368421053,2.778947368421053,0.3684210526315789
36.93213625664834,2.6578947368421053,2.778947368421053,0.4210526315789473
37.22367453214631,2.6578947368421053,2.778947368421053,0.4736842105263157
38.967776368785486,2.6578947368421053,2.778947368421053,0.5263157894736842
41.76290943143593,2.6578947368421053,2.778947368421053,0.5789473684210527
45.33773629889228,2.6578947368421053,2.778947368421053,0.631578947368421
49.49688675289862,2.6578947368421053,2.778947368421053,0.6842105263157894
54.0987978913697,2.6578947368421053,2.778947368421053,0.7368421052631579
59.03606240215135,2.6578947368421053,2.778947368421053,0.7894736842105263
64.22084725994273,2.6578947368421053,2.778947368421053,0.8421052631578947
69.5860454888508,2.6578947368421053,2.778947368421053,0.894736842105263
75.0800076215431,2.6578947368421053,2.778947368421053,0.9473684210526316
80.66277544626865,2.6578947368421053,2.778947368421053,1.0
627.6382421245744,2.6578947368421053,2.8315789473684214,0.0
355.4687822026731,2.6578947368421053,2.8315789473684214,0.0526315789473684
215.13102486866947,2.6578947368421053,2.8315789473684214,0.1052631578947368
139.33553621709692,2.6578947368421053,2.8315789473684214,0.1578947368421052
96.59373780270778,2.6578947368421053,2.8315789473684214,0.2105263157894736
71.72156314973043,2.6578947368421053,2.8315789473684214,0.2631578947368421
57.10883261457607,2.6578947368421053,2.8315789473684214,0.3157894736842105
48.75567731179191,2.6578947368421053,2.8315789473684214,0.3684210526315789
44.44120645262132,2.6578947368421053,2.8315789473684214,0.4210526315789473
42.86164664999712,2.6578947368421053,2.8315789473684214,0.4736842105263157
43.20798710325724,2.6578947368421053,2.8315789473684214,0.5263157894736842
44.948398395795095,2.6578947368421053,2.8315789473684214,0.5789473684210527
47.71749432862112,2.6578947368421053,2.8315789473684214,0.631578947368421
51.25966097995801,2.6578947368421053,2.8315789473684214,0.6842105263157894
55.38522444892092,2.6578947368421053,2.8315789473684214,0.7368421052631579
59.95167162892911,2.6578947368421053,2.8315789473684214,0.7894736842105263
64.85822106854008,2.6578947368421053,2.8315789473684214,0.8421052631578947
70.01812056051527,2.6578947368421053,2.8315789473684214,0.894736842105263
75.36411805715466,2.6578947368421053,2.8315789473684214,0.9473684210526316
80.84415810390493,2.6578947368421053,2.8315789473684214,1.0
930.8664700546196,2.6578947368421053,2.8842105263157896,0.0
519.9465544649132,2.6578947368421053,2.8842105263157896,0.0526315789473684
310.53114406736233,2.6578947368421053,2.8842105263157896,0.1052631578947368
198.53822826018447,2.6578947368421053,2.8842105263157896,0.1578947368421052
135.6497115867667,2.6578947368421053,2.8842105263157896,0.2105263157894736
98.8138756160334,2.6578947368421053,2.8842105263157896,0.2631578947368421
76.63568787949637,2.6578947368421053,2.8842105263157896,0.3157894736842105
63.22625464665116,2.6578947368421053,2.8842105263157896,0.3684210526315789
55.37802544191621,2.6578947368421053,2.8842105263157896,0.4210526315789473
51.24021094211332,2.6578947368421053,2.8842105263157896,0.4736842105263157
49.68793158811436,2.6578947368421053,2.8842105263157896,0.5263157894736842
49.99148533534059,2.6578947368421053,2.8842105263157896,0.5789473684210527
51.6512868977392,2.6578947368421053,2.8842105263157896,0.631578947368421
54.32243503604042,2.6578947368421053,2.8842105263157896,0.6842105263157894
57.77089991799927,2.6578947368421053,2.8842105263157896,0.7368421052631579
61.81050124704942,2.6578947368421053,2.8842105263157896,0.7894736842105263
66.29749132350517,2.6578947368421053,2.8842105263157896,0.8421052631578947
71.13289015584192,2.6578947368421053,2.8842105263157896,0.894736842105263
76.23215272200055,2.6578947368421053,2.8842105263157896,0.9473684210526316
81.52718440417415,2.6578947368421053,2.8842105263157896,1.0
1384.157056274369,2.6578947368421053,2.936842105263158,0.0
761.6115705048041,2.6578947368421053,2.936842105263158,0.0526315789473684
448.2333066905962,2.6578947368421053,2.936842105263158,0.1052631578947368
282.653604396939,2.6578947368421053,2.936842105263158,0.1578947368421052
190.49106159412972,2.6578947368421053,2.936842105263158,0.2105263157894736
136.59746105110656,2.6578947368421053,2.936842105263158,0.2631578947368421
103.81427126519893,2.6578947368421053,2.936842105263158,0.3157894736842105
83.41147834763004,2.6578947368421053,2.936842105263158,0.3684210526315789
70.71998772211624,2.6578947368421053,2.936842105263158,0.4210526315789473
63.09807256117559,2.6578947368421053,2.936842105263158,0.4736842105263157
58.96186991222432,2.6578947368421053,2.936842105263158,0.5263157894736842
57.31499183509897,2.6578947368421053,2.936842105263158,0.5789473684210527
57.48411326171205,2.6578947368421053,2.936842105263158,0.631578947368421
59.00006718960016,2.6578947368421053,2.936842105263158,0.6842105263157894
61.52822535657193,2.6578947368421053,2.936842105263158,0.7368421052631579
64.8331287990792,2.6578947368421053,2.936842105263158,0.7894736842105263
68.74086999526102,2.6578947368421053,2.936842105263158,0.8421052631578947
73.10999263270067,2.6578947368421053,2.936842105263158,0.894736842105263
77.83824835419136,2.6578947368421053,2.936842105263158,0.9473684210526316
82.84488901840521,2.6578947368421053,2.936842105263158,1.0
2063.910133908617,2.6578947368421053,2.9894736842105267,0.0
1117.6133630589998,2.6578947368421053,2.9894736842105267,0.0526315789473684
647.1801728393654,2.6578947368421053,2.9894736842105267,0.1052631578947368
401.9341211641514,2.6578947368421053,2.9894736842105267,0.1578947368421052
267.0620231628071,2.6578947368421053,2.9894736842105267,0.2105263157894736
188.77479632157687,2.6578947368421053,2.9894736842105267,0.2631578947368421
141.1108890354589,2.6578947368421053,2.9894736842105267,0.3157894736842105
111.05089564519484,2.6578947368421053,2.9894736842105267,0.3684210526315789
91.7509317073088,2.6578947368421053,2.9894736842105267,0.4210526315789473
79.41225375740339,2.6578947368421053,2.9894736842105267,0.4736842105263157
71.80010637306181,2.6578947368421053,2.9894736842105267,0.5263157894736842
67.52537143525804,2.6578947368421053,2.9894736842105267,0.5789473684210527
65.68198483841827,2.6578947368421053,2.9894736842105267,0.631578947368421
65.63857250751684,2.6578947368421053,2.9894736842105267,0.6842105263157894
66.94755110995006,2.6578947368421053,2.9894736842105267,0.7368421052631579
69.28425945672853,2.6578947368421053,2.9894736842105267,0.7894736842105263
72.41624267515144,2.6578947368421053,2.9894736842105267,0.8421052631578947
76.15964082093402,2.6578947368421053,2.9894736842105267,0.894736842105263
80.3756521606381,2.6578947368421053,2.9894736842105267,0.9473684210526316
84.96465685519628,2.6578947368421053,2.9894736842105267,1.0
3087.2606242822426,2.6578947368421053,3.042105263157895,0.0
1644.1848685051443,2.6578947368421053,3.042105263157895,0.0526315789473684
935.5598708262992,2.6578947368421053,3.042105263157895,0.1052631578947368
571.3158774640505,2.6578947368421053,3.042105263157895,0.1578947368421052
373.8168352964565,2.6578947368421053,3.042105263157895,0.2105263157894736
260.48478404336606,2.6578947368421053,3.042105263157895,0.2631578947368421
191.8731955709572,2.6578947368421053,3.042105263157895,0.3157894736842105
148.46215969889835,2.6578947368421053,3.042105263157895,0.3684210526315789
120.15664627954936,2.6578947368421053,3.042105263157895,0.4210526315789473
101.4564442374206,2.6578947368421053,3.042105263157895,0.4736842105263157
89.18817810208263,2.6578947368421053,3.042105263157895,0.5263157894736842
81.41181833885078,2.6578947368421053,3.042105263157895,0.5789473684210527
76.8815371839553,2.6578947368421053,3.042105263157895,0.631578947368421
74.75391276148918,2.6578947368421053,3.042105263157895,0.6842105263157894
74.42906179952818,2.6578947368421053,3.042105263157895,0.7368421052631579
75.47437744388185,2.6578947368421053,3.042105263157895,0.7894736842105263
77.57160713978155,2.6578947368421053,3.042105263157895,0.8421052631578947
80.4898360481532,2.6578947368421053,3.042105263157895,0.894736842105263
84.0438235440094,2.6578947368421053,3.042105263157895,0.9473684210526316
88.08859533091682,2.6578947368421053,3.042105263157895,1.0
4634.387823922337,2.6578947368421053,3.094736842105263,0.0
2426.8360733000795,2.6578947368421053,3.094736842105263,0.0526315789473684
1355.57256203121,2.6578947368421053,3.094736842105263,0.1052631578947368
812.7182602064456,2.6578947368421053,3.094736842105263,0.1578947368421052
522.8760387919672,2.6578947368421053,3.094736842105263,0.2105263157894736
358.9153042892589,2.6578947368421053,3.094736842105263,0.2631578947368421
260.6752662421152,2.6578947368421053,3.094736842105263,0.3157894736842105
198.7487544811996,2.6578947368421053,3.094736842105263,0.3684210526315789
158.15832142518207,2.6578947368421053,3.094736842105263,0.4210526315789473
130.88820661419908,2.6578947368421053,3.094736842105263,0.4736842105263157
112.40202809719474,2.6578947368421053,3.094736842105263,0.5263157894736842
99.9788979775591,2.6578947368421053,3.094736842105263,0.5789473684210527
91.89391818816527,2.6578947368421053,3.094736842105263,0.631578947368421
87.00636118177418,2.6578947368421053,3.094736842105263,0.6842105263157894
84.51626629628288,2.6578947368421053,3.094736842105263,0.7368421052631579
83.84711996895166,2.6578947368421053,3.094736842105263,0.7894736842105263
84.57624469750151,2.6578947368421053,3.094736842105263,0.8421052631578947
86.38900849421589,2.6578947368421053,3.094736842105263,0.894736842105263
89.05414815550317,2.6578947368421053,3.094736842105263,0.9473684210526316
92.38408585009353,2.6578947368421053,3.094736842105263,1.0
6983.266518223598,2.6578947368421053,3.147368421052632,0.0
3596.1402682569405,2.6578947368421053,3.147368421052632,0.0526315789473684
1970.7524148508005,2.6578947368421053,3.147368421052632,0.1052631578947368
1158.537121710153,2.6578947368421053,3.147368421052632,0.1578947368421052
731.7568544482756,2.6578947368421053,3.147368421052632,0.2105263157894736
494.2027670460414,2.6578947368421053,3.147368421052632,0.2631578947368421
353.81331245895444,2.6578947368421053,3.147368421052632,0.3157894736842105
266.0914860733575,2.6578947368421053,3.147368421052632,0.3684210526315789
208.69561096001095,2.6578947368421053,3.147368421052632,0.4210526315789473
169.87114852491752,2.6578947368421053,3.147368421052632,0.4736842105263157
143.09073313690385,2.6578947368421053,3.147368421052632,0.5263157894736842
124.51424202765294,2.6578947368421053,3.147368421052632,0.5789473684210527
111.75038044621338,2.6578947368421053,3.147368421052632,0.631578947368421
103.2331618049908,2.6578947368421053,3.147368421052632,0.6842105263157894
97.89608779006646,2.6578947368421053,3.147368421052632,0.7368421052631579
94.9714314240802,2.6578947368421053,3.147368421052632,0.7894736842105263
93.89888634439043,2.6578947368421053,3.147368421052632,0.8421052631578947
94.26175924105212,2.6578947368421053,3.147368421052632,0.894736842105263
95.74679119498164,2.6578947368421053,3.147368421052632,0.9473684210526316
98.12079959738682,2.6578947368421053,3.147368421052632,1.0
10563.87751004438,2.6578947368421053,3.2,0.0
5352.232247736435,2.6578947368421053,3.2,0.0526315789473684
2877.2482921864985,2.6578947368421053,3.2,0.1052631578947368
1656.9728273709509,2.6578947368421053,3.2,0.1578947368421052
1025.9769381979272,2.6578947368421053,3.2,0.2105263157894736
680.7622684417807,2.6578947368421053,3.2,0.2631578947368421
480.0234792923725,2.6578947368421053,3.2,0.3157894736842105
356.16093676554567,2.6578947368421053,3.2,0.3684210526315789
275.67975152328853,2.6578947368421053,3.2,0.4210526315789473
221.24031895925395,2.6578947368421053,3.2,0.4736842105263157
183.3899114119748,2.6578947368421053,3.2,0.5263157894736842
156.67415089388666,2.6578947368421053,3.2,0.5789473684210527
137.7594279707969,2.6578947368421053,3.2,0.631578947368421
124.49595367867032,2.6578947368421053,3.2,0.6842105263157894
115.4359019391709,2.6578947368421053,3.2,0.7368421052631579
109.56392401817342,2.6578947368421053,3.2,0.7894736842105263
106.13628896823604,2.6578947368421053,3.2,0.8421052631578947
104.60327230505106,2.6578947368421053,3.2,0.894736842105263
104.55100344116536,2.6578947368421053,3.2,0.9473684210526316
105.66573001644724,2.6578947368421053,3.2,1.0
106.95954595352116,2.763157894736842,2.2,0.0
85.90937041189909,2.763157894736842,2.2,0.0526315789473684
72.50084436211623,2.763157894736842,2.2,0.1052631578947368
64.2097723043312,2.763157894736842,2.2,0.1578947368421052
59.42829433336213,2.763157894736842,2.2,0.2105263157894736
56.96018860373764,2.763157894736842,2.2,0.2631578947368421
56.07410703393852,2.763157894736842,2.2,0.3157894736842105
56.35157223455114,2.763157894736842,2.2,0.3684210526315789
57.497984695904975,2.763157894736842,2.2,0.4210526315789473
59.30195257407031,2.763157894736842,2.2,0.4736842105263157
61.60924755736351,2.763157894736842,2.2,0.5263157894736842
64.31236886332303,2.763157894736842,2.2,0.5789473684210527
67.32853455519687,2.763157894736842,2.2,0.631578947368421
70.5906012238554,2.763157894736842,2.2,0.6842105263157894
74.04672556565292,2.763157894736842,2.2,0.7368421052631579
77.66578306459051,2.763157894736842,2.2,0.7894736842105263
81.44768263830908,2.763157894736842,2.2,0.8421052631578947
85.36599821011377,2.763157894736842,2.2,0.894736842105263
89.39661958929678,2.763157894736842,2.2,0.9473684210526316
93.5197786480448,2.763157894736842,2.2,1.0
89.35813469525445,2.763157894736842,2.2526315789473688,0.0
71.29970357040543,2.763157894736842,2.2526315789473688,0.0526315789473684
60.17908111365862,2.763157894736842,2.2526315789473688,0.1052631578947368
53.64932655153305,2.763157894736842,2.2526315789473688,0.1578947368421052
50.19584522272232,2.763157894736842,2.2526315789473688,0.2105263157894736
48.726925216770965,2.763157894736842,2.2526315789473688,0.2631578947368421
48.67228219515745,2.763157894736842,2.2526315789473688,0.3157894736842105
49.65334114517749,2.763157894736842,2.2526315789473688,0.3684210526315789
51.40456131988813,2.763157894736842,2.2526315789473688,0.4210526315789473
53.735720877558855,2.763157894736842,2.2526315789473688,0.4736842105263157
56.51350381521294,2.763157894736842,2.2526315789473688,0.5263157894736842
59.64008277488765,2.763157894736842,2.2526315789473688,0.5789473684210527
63.03643081413284,2.763157894736842,2.2526315789473688,0.631578947368421
66.64225916564008,2.763157894736842,2.2526315789473688,0.6842105263157894
70.42843894470269,2.763157894736842,2.2526315789473688,0.7368421052631579
74.38481652582573,2.763157894736842,2.2526315789473688,0.7894736842105263
78.4790980334939,2.763157894736842,2.2526315789473688,0.8421052631578947
82.68491213546535,2.763157894736842,2.2526315789473688,0.894736842105263
86.98086623210767,2.763157894736842,2.2526315789473688,0.9473684210526316
91.34950398011604,2.763157894736842,2.2526315789473688,1.0
76.51962328266853,2.763157894736842,2.305263157894737,0.0
60.08403895418743,2.763157894736842,2.305263157894737,0.0526315789473684
50.35873670314433,2.763157894736842,2.305263157894737,0.1052631578947368
44.980265553792506,2.763157894736842,2.305263157894737,0.1578947368421052
42.36568382988202,2.763157894736842,2.305263157894737,0.2105263157894736
41.60595191019875,2.763157894736842,2.305263157894737,0.2631578947368421
42.16664057871712,2.763157894736842,2.305263157894737,0.3157894736842105
43.68673158417939,2.763157894736842,2.305263157894737,0.3684210526315789
45.91518199711607,2.763157894736842,2.305263157894737,0.4210526315789473
48.67711238016308,2.763157894736842,2.305263157894737,0.4736842105263157
51.849114791432925,2.763157894736842,2.305263157894737,0.5263157894736842
55.33344847590557,2.763157894736842,2.305263157894737,0.5789473684210527
59.05664437935816,2.763157894736842,2.305263157894737,0.631578947368421
62.98971229590267,2.763157894736842,2.305263157894737,0.6842105263157894
67.10577760608196,2.763157894736842,2.305263157894737,0.7368421052631579
71.3670753052621,2.763157894736842,2.305263157894737,0.7894736842105263
75.74355768753902,2.763157894736842,2.305263157894737,0.8421052631578947
80.21113839844726,2.763157894736842,2.305263157894737,0.894736842105263
84.75038977098583,2.763157894736842,2.305263157894737,0.9473684210526316
89.34556373693786,2.763157894736842,2.305263157894737,1.0
68.71554564061765,2.763157894736842,2.357894736842105,0.0
52.37258784068409,2.763157894736842,2.357894736842105,0.0526315789473684
43.10606234742604,2.763157894736842,2.357894736842105,0.1052631578947368
38.19507113608011,2.763157894736842,2.357894736842105,0.1578947368421052
35.989724872118565,2.763157894736842,2.357894736842105,0.2105263157894736
35.634191797016136,2.763157894736842,2.357894736842105,0.2631578947368421
36.58407092688711,2.763157894736842,2.357894736842105,0.3157894736842105
38.47143306562305,2.763157894736842,2.357894736842105,0.3684210526315789
41.046828273102975,2.763157894736842,2.357894736842105,0.4210526315789473
44.14014970758987,2.763157894736842,2.357894736842105,0.4736842105263157
47.62179671709288,2.763157894736842,2.357894736842105,0.5263157894736842
51.39787824778283,2.763157894736842,2.357894736842105,0.5789473684210527
55.42972843700332,2.763157894736842,2.357894736842105,0.631578947368421
59.67047021908056,2.763157894736842,2.357894736842105,0.6842105263157894
64.07402027293408,2.763157894736842,2.357894736842105,0.7368421052631579
68.60421648117398,2.763157894736842,2.357894736842105,0.7894736842105263
73.23244947459504,2.763157894736842,2.357894736842105,0.8421052631578947
77.93593303531,2.763157894736842,2.357894736842105,0.894736842105263
82.69642200772,2.763157894736842,2.357894736842105,0.9473684210526316
87.49924911234542,2.763157894736842,2.357894736842105,1.0
66.63180396655356,2.763157894736842,2.4105263157894736,0.0
48.54549188126034,2.763157894736842,2.4105263157894736,0.0526315789473684
38.62075767954965,2.763157894736842,2.4105263157894736,0.1052631578947368
33.43037123670633,2.763157894736842,2.4105263157894736,0.1578947368421052
31.188358951217207,2.763157894736842,2.4105263157894736,0.2105263157894736
30.90779304551501,2.763157894736842,2.4105263157894736,0.2631578947368421
31.997123765518232,2.763157894736842,2.4105263157894736,0.3157894736842105
34.064846283182696,2.763157894736842,2.4105263157894736,0.3684210526315789
36.84801388153929,2.763157894736842,2.4105263157894736,0.4210526315789473
40.1575459568036,2.763157894736842,2.4105263157894736,0.4736842105263157
43.8632925768016,2.763157894736842,2.4105263157894736,0.5263157894736842
47.900452768158246,2.763157894736842,2.4105263157894736,0.5789473684210527
52.19622350530783,2.763157894736842,2.4105263157894736,0.631578947368421
56.69029272271057,2.763157894736842,2.4105263157894736,0.6842105263157894
61.33608526646166,2.763157894736842,2.4105263157894736,0.7368421052631579
66.09728709938155,2.763157894736842,2.4105263157894736,0.7894736842105263
70.9453649916444,2.763157894736842,2.4105263157894736,0.8421052631578947
75.85776285462171,2.763157894736842,2.4105263157894736,0.894736842105263
80.81656875633163,2.763157894736842,2.4105263157894736,0.9473684210526316
85.8075158462547,2.763157894736842,2.4105263157894736,1.0
71.4867194543147,2.763157894736842,2.463157894736842,0.0
49.29162851487743,2.763157894736842,2.463157894736842,0.0526315789473684
37.26923292676066,2.763157894736842,2.463157894736842,0.1052631578947368
30.964733830281453,2.763157894736842,2.463157894736842,0.1578947368421052
28.14571075195368,2.763157894736842,2.463157894736842,0.2105263157894736
27.57971877168784,2.763157894736842,2.463157894736842,0.2631578947368421
28.53171676167669,2.763157894736842,2.463157894736842,0.3157894736842105
30.570169396366342,2.763157894736842,2.463157894736842,0.3684210526315789
33.39449563115906,2.763157894736842,2.463157894736842,0.4210526315789473
36.80173479073171,2.763157894736842,2.463157894736842,0.4736842105263157
40.67250138639542,2.763157894736842,2.463157894736842,0.5263157894736842
44.89417834826983,2.763157894736842,2.463157894736842,0.5789473684210527
49.38118165577863,2.763157894736842,2.463157894736842,0.631578947368421
54.0687111837979,2.763157894736842,2.463157894736842,0.6842105263157894
58.90708496268572,2.763157894736842,2.463157894736842,0.7368421052631579
63.85783463174697,2.763157894736842,2.463157894736842,0.7894736842105263
68.8909444355937,2.763157894736842,2.463157894736842,0.8421052631578947
73.98285685890687,2.763157894736842,2.463157894736842,0.894736842105263
79.11500621707,2.763157894736842,2.463157894736842,0.9473684210526316
84.27272409550262,2.763157894736842,2.463157894736842,1.0
85.25151770103457,2.763157894736842,2.515789473684211,0.0
55.70624089449318,2.763157894736842,2.515789473684211,0.0526315789473684
39.73068373323933,2.763157894736842,2.515789473684211,0.1052631578947368
31.242761152232987,2.763157894736842,2.515789473684211,0.1578947368421052
27.16673292886116,2.763157894736842,2.515789473684211,0.2105263157894736
25.84996056414335,2.763157894736842,2.515789473684211,0.2631578947368421
26.3614431794527,2.763157894736842,2.515789473684211,0.3157894736842105
28.12620474052053,2.763157894736842,2.515789473684211,0.3684210526315789
30.8138116183363,2.763157894736842,2.515789473684211,0.4210526315789473
34.20711640317561,2.763157894736842,2.515789473684211,0.4736842105263157
38.12216284874732,2.763157894736842,2.515789473684211,0.5263157894736842
42.42619483765623,2.763157894736842,2.515789473684211,0.5789473684210527
47.02131786404846,2.763157894736842,2.515789473684211,0.631578947368421
51.83405525736686,2.763157894736842,2.515789473684211,0.6842105263157894
56.808502467826536,2.763157894736842,2.515789473684211,0.7368421052631579
61.90167849889424,2.763157894736842,2.515789473684211,0.7894736842105263
67.08027574851656,2.763157894736842,2.515789473684211,0.8421052631578947
72.31833259980027,2.763157894736842,2.515789473684211,0.894736842105263
77.59553375958912,2.763157894736842,2.515789473684211,0.9473684210526316
82.89594864495623,2.763157894736842,2.515789473684211,1.0
110.9662388426389,2.763157894736842,2.568421052631579,0.0
69.43867515368187,2.763157894736842,2.568421052631579,0.0526315789473684
47.040215837022856,2.763157894736842,2.568421052631579,0.1052631578947368
34.93477055738254,2.763157894736842,2.568421052631579,0.1578947368421052
28.709277323604983,2.763157894736842,2.568421052631579,0.2105263157894736
26.058309400355263,2.763157894736842,2.568421052631579,0.2631578947368421
25.71316764140306,2.763157894736842,2.568421052631579,0.3157894736842105
26.950135094632696,2.763157894736842,2.568421052631579,0.3684210526315789
29.31302258859913,2.763157894736842,2.568421052631579,0.4210526315789473
32.50221408277528,2.763157894736842,2.568421052631579,0.4736842105263157
36.30942798004605,2.763157894736842,2.568421052631579,0.5263157894736842
40.574152318599545,2.763157894736842,2.568421052631579,0.5789473684210527
45.17899235891879,2.763157894736842,2.568421052631579,0.631578947368421
50.03661639833674,2.763157894736842,2.568421052631579,0.6842105263157894
55.08107126012296,2.763157894736842,2.568421052631579,0.7368421052631579
60.261978338250536,2.763157894736842,2.568421052631579,0.7894736842105263
65.54052659865869,2.763157894736842,2.568421052631579,0.8421052631578947
70.88663165426026,2.763157894736842,2.568421052631579,0.894736842105263
76.27687752436836,2.763157894736842,2.568421052631579,0.9473684210526316
81.692998784285,2.763157894736842,2.568421052631579,1.0
153.1432854558685,2.763157894736842,2.6210526315789475,0.0
93.00433536583972,2.763157894736842,2.6210526315789475,0.0526315789473684
60.70027825384583,2.763157894736842,2.6210526315789475,0.1052631578947368
42.99857810444831,2.763157894736842,2.6210526315789475,0.1578947368421052
33.42860895484267,2.763157894736842,2.6210526315789475,0.2105263157894736
28.674850115482258,2.763157894736842,2.6210526315789475,0.2631578947368421
26.976921573073064,2.763157894736842,2.6210526315789475,0.3157894736842105
27.325756167513507,2.763157894736842,2.6210526315789475,0.3684210526315789
29.089188822727333,2.763157894736842,2.6210526315789475,0.4210526315789473
31.860334393386918,2.763157894736842,2.6210526315789475,0.4736842105263157
35.37624052884358,2.763157894736842,2.6210526315789475,0.5263157894736842
39.45373834044131,2.763157894736842,2.6210526315789475,0.5789473684210527
43.94925422473524,2.763157894736842,2.6210526315789475,0.631578947368421
48.755017731526,2.763157894736842,2.6210526315789475,0.6842105263157894
53.79020912296041,2.763157894736842,2.6210526315789475,0.7368421052631579
58.99344698010573,2.763157894736842,2.6210526315789475,0.7894736842105263
64.3176703785446,2.763157894736842,2.6210526315789475,0.8421052631578947
69.72654905601546,2.763157894736842,2.6210526315789475,0.894736842105263
75.19190494433157,2.763157894736842,2.6210526315789475,0.9473684210526316
80.69182408227417,2.763157894736842,2.6210526315789475,1.0
218.5924294845291,2.763157894736842,2.673684210526316,0.0
130.06520992701903,2.763157894736842,2.673684210526316,0.0526315789473684
82.81360235107323,2.763157894736842,2.673684210526316,0.1052631578947368
56.76480094073474,2.763157894736842,2.673684210526316,0.1578947368421052
42.2332619016235,2.763157894736842,2.673684210526316,0.2105263157894736
34.38213741056792,2.763157894736842,2.673684210526316,0.2631578947368421
30.653926836015685,2.763157894736842,2.673684210526316,0.3157894736842105
29.611376776908145,2.763157894736842,2.673684210526316,0.3684210526315789
30.404768901645763,2.763157894736842,2.673684210526316,0.4210526315789473
32.489569094677,2.763157894736842,2.673684210526316,0.4736842105263157
35.50805223619647,2.763157894736842,2.673684210526316,0.5263157894736842
39.22178385123886,2.763157894736842,2.673684210526316,0.5789473684210527
43.46134154852831,2.763157894736842,2.673684210526316,0.631578947368421
48.09658270024342,2.763157894736842,2.673684210526316,0.6842105263157894
53.02564174509256,2.763157894736842,2.673684210526316,0.7368421052631579
58.17154929192983,2.763157894736842,2.673684210526316,0.7894736842105263
63.4755254518229,2.763157894736842,2.673684210526316,0.8421052631578947
68.8923277493955,2.763157894736842,2.673684210526316,0.894736842105263
74.38693979619894,2.763157894736842,2.673684210526316,0.9473684210526316
79.93216447450125,2.763157894736842,2.673684210526316,1.0
317.65843375138104,2.763157894736842,2.726315789473684,0.0
186.0885236556508,2.763157894736842,2.726315789473684,0.0526315789473684
116.4508990527842,2.763157894736842,2.726315789473684,0.1052631578947368
78.07478173699742,2.763157894736842,2.726315789473684,0.1578947368421052
56.35185906910428,2.763157894736842,2.726315789473684,0.2105263157894736
44.03370610911076,2.763157894736842,2.726315789473684,0.2631578947368421
37.36307312578551,2.763157894736842,2.726315789473684,0.3157894736842105
34.28680368517,2.763157894736842,2.726315789473684,0.3684210526315789
33.63234793373311,2.763157894736842,2.726315789473684,0.4210526315789473
34.673663580698665,2.763157894736842,2.726315789473684,0.4736842105263157
36.92850085501781,2.763157894736842,2.726315789473684,0.5263157894736842
40.073217179857686,2.763157894736842,2.726315789473684,0.5789473684210527
43.88636452717375,2.763157894736842,2.726315789473684,0.631578947368421
48.20375911945619,2.763157894736842,2.726315789473684,0.6842105263157894
52.906719747097846,2.763157894736842,2.726315789473684,0.7368421052631579
57.89694474369885,2.763157894736842,2.726315789473684,0.7894736842105263
63.099498371379774,2.763157894736842,2.726315789473684,0.8421052631578947
68.45683660603991,2.763157894736842,2.726315789473684,0.894736842105263
73.92447925236192,2.763157894736842,2.726315789473684,0.9473684210526316
79.46788832755837,2.763157894736842,2.726315789473684,1.0
465.8938754549426,2.763157894736842,2.778947368421053,0.0
269.1468421024649,2.763157894736842,2.778947368421053,0.0526315789473684
166.10035699624476,2.763157894736842,2.778947368421053,0.1052631578947368
109.6316582427712,2.763157894736842,2.778947368421053,0.1578947368421052
77.46540856121875,2.763157894736842,2.778947368421053,0.2105263157894736
58.725685725205466,2.763157894736842,2.778947368421053,0.2631578947368421
47.87449473572377,2.763157894736842,2.778947368421053,0.3157894736842105
41.945001125312345,2.763157894736842,2.778947368421053,0.3684210526315789
39.25491983998836,2.763157894736842,2.778947368421053,0.4210526315789473
38.80043360259592,2.763157894736842,2.778947368421053,0.4736842105263157
39.941794148692566,2.763157894736842,2.778947368421053,0.5263157894736842
42.250531169422025,2.763157894736842,2.778947368421053,0.5789473684210527
45.42683837773515,2.763157894736842,2.778947368421053,0.631578947368421
49.26034124579973,2.763157894736842,2.778947368421053,0.6842105263157894
53.58912947334402,2.763157894736842,2.778947368421053,0.7368421052631579
58.30107297056952,2.763157894736842,2.778947368421053,0.7894736842105263
63.30127387507452,2.763157894736842,2.778947368421053,0.8421052631578947
68.51553965217343,2.763157894736842,2.778947368421053,0.894736842105263
73.88657741782777,2.763157894736842,2.778947368421053,0.9473684210526316
79.36989601125255,2.763157894736842,2.778947368421053,1.0
686.7638372322016,2.763157894736842,2.8315789473684214,0.0
391.2291484483616,2.763157894736842,2.8315789473684214,0.0526315789473684
238.28693846374105,2.763157894736842,2.8315789473684214,0.1052631578947368
155.1972715608943,2.763157894736842,2.8315789473684214,0.1578947368421052
107.91504986384882,2.763157894736842,2.8315789473684214,0.2105263157894736
80.01872867144989,2.763157894736842,2.8315789473684214,0.2631578947368421
63.27415742314954,2.763157894736842,2.8315789473684214,0.3157894736842105
53.35056405426612,2.763157894736842,2.8315789473684214,0.3684210526315789
47.84105475382556,2.763157894736842,2.8315789473684214,0.4210526315789473
45.32932119202477,2.763157894736842,2.8315789473684214,0.4736842105263157
44.93725073555628,2.763157894736842,2.8315789473684214,0.5263157894736842
46.07688102072172,2.763157894736842,2.8315789473684214,0.5789473684210527
48.347792906636336,2.763157894736842,2.8315789473684214,0.631578947368421
51.47894442207073,2.763157894736842,2.8315789473684214,0.6842105263157894
55.2675594703482,2.763157894736842,2.8315789473684214,0.7368421052631579
59.55316552563269,2.763157894736842,2.8315789473684214,0.7894736842105263
64.22468085565568,2.763157894736842,2.8315789473684214,0.8421052631578947
69.191443973987,2.763157894736842,2.8315789473684214,0.894736842105263
74.3790501209023,2.763157894736842,2.8315789473684214,0.9473684210526316
79.72971781982493,2.763157894736842,2.8315789473684214,1.0
1015.8542990515266,2.763157894736842,2.8842105263157896,0.0
570.1951635460053,2.763157894736842,2.8842105263157896,0.0526315789473684
342.45398542042034,2.763157894736842,2.8842105263157896,0.1052631578947368
220.12144157909304,2.763157894736842,2.8842105263157896,0.1578947368421052
150.9599008890183,2.763157894736842,2.8842105263157896,0.2105263157894736
110.04182975538492,2.763157894736842,2.8842105263157896,0.2631578947368421
85.0402643871531,2.763157894736842,2.8842105263157896,0.3157894736842105
69.58103070960438,2.763157894736842,2.8842105263157896,0.3684210526315789
60.18943143246853,2.763157894736842,2.8842105263157896,0.4210526315789473
54.85839100726122,2.763157894736842,2.8842105263157896,0.4736842105263157
52.36411560292641,2.763157894736842,2.8842105263157896,0.5263157894736842
51.91575492502052,2.763157894736842,2.8842105263157896,0.5789473684210527
52.96925948701643,2.763157894736842,2.8842105263157896,0.631578947368421
55.143279893244056,2.763157894736842,2.8842105263157896,0.6842105263157894
58.16878780085538,2.763157894736842,2.8842105263157896,0.7368421052631579
61.85701812995567,2.763157894736842,2.8842105263157896,0.7894736842105263
66.0528761008033,2.763157894736842,2.8842105263157896,0.8421052631578947
70.64126219102916,2.763157894736842,2.8842105263157896,0.894736842105263
75.53669489486117,2.763157894736842,2.8842105263157896,0.9473684210526316
80.66396707802568,2.763157894736842,2.8842105263157896,1.0
1507.2853255427551,2.763157894736842,2.936842105263158,0.0
832.7221746750406,2.763157894736842,2.936842105263158,0.0526315789473684
492.463585334498,2.763157894736842,2.936842105263158,0.1052631578947368
312.08108457208846,2.763157894736842,2.936842105263158,0.1578947368421052
211.16445990632835,2.763157894736842,2.936842105263158,0.2105263157894736
151.70943295677245,2.763157894736842,2.936842105263158,0.2631578947368421
115.1574919278382,2.763157894736842,2.936842105263158,0.3157894736842105
92.06184529340096,2.763157894736842,2.936842105263158,0.3684210526315789
77.36657379244026,2.763157894736842,2.936842105263158,0.4210526315789473
68.20845485318713,2.763157894736842,2.936842105263158,0.4736842105263157
62.86823103688213,2.763157894736842,2.936842105263158,0.5263157894736842
60.26218268647579,2.763157894736842,2.936842105263158,0.5789473684210527
59.65989523159172,2.763157894736842,2.936842105263158,0.631578947368421
60.54996142615379,2.763157894736842,2.936842105263158,0.6842105263157894
62.56656337981249,2.763157894736842,2.936842105263158,0.7368421052631579
65.44798801517194,2.763157894736842,2.936842105263158,0.7894736842105263
68.9970762567451,2.763157894736842,2.936842105263158,0.8421052631578947
73.0610557006326,2.763157894736842,2.936842105263158,0.894736842105263
77.52976945759241,2.763157894736842,2.936842105263158,0.9473684210526316
82.31984941879419,2.763157894736842,2.936842105263158,1.0
2243.653993866621,2.763157894736842,2.9894736842105267,0.0
1218.982185558436,2.763157894736842,2.9894736842105267,0.0526315789473684
708.8071534135225,2.763157894736842,2.9894736842105267,0.1052631578947368
442.1729691671288,2.763157894736842,2.9894736842105267,0.1578947368421052
294.9672247614285,2.763157894736842,2.9894736842105267,0.2105263157894736
209.0354926731478,2.763157894736842,2.9894736842105267,0.2631578947368421
156.30234120417,2.763157894736842,2.9894736842105267,0.3157894736842105
122.68283720893344,2.763157894736842,2.9894736842105267,0.3684210526315789
100.76876421077156,2.763157894736842,2.9894736842105267,0.4210526315789473
86.44492712678681,2.763157894736842,2.9894736842105267,0.4736842105263157
77.28799693894562,2.763157894736842,2.9894736842105267,0.5263157894736842
71.7884594458116,2.763157894736842,2.9894736842105267,0.5789473684210527
68.96193767632657,2.763157894736842,2.9894736842105267,0.631578947368421
68.12237166964293,2.763157894736842,2.9894736842105267,0.6842105263157894
68.78168672085576,2.763157894736842,2.9894736842105267,0.7368421052631579
70.58451043855209,2.763157894736842,2.9894736842105267,0.7894736842105263
73.27400547393542,2.763157894736842,2.9894736842105267,0.8421052631578947
76.65238030170778,2.763157894736842,2.9894736842105267,0.894736842105263
80.5620316260214,2.763157894736842,2.9894736842105267,0.9473684210526316
84.8819797310249,2.763157894736842,2.9894736842105267,1.0
3351.585417946384,2.763157894736842,3.042105263157895,0.0
1789.774663986881,2.763157894736842,3.042105263157895,0.0526315789473684
1021.970567384111,2.763157894736842,3.042105263157895,0.1052631578947368
626.5576901746249,2.763157894736842,3.042105263157895,0.1578947368421052
411.5210364450177,2.763157894736842,3.042105263157895,0.2105263157894736
287.58778917011136,2.763157894736842,3.042105263157895,0.2631578947368421
212.1050420437803,2.763157894736842,3.042105263157895,0.3157894736842105
163.9596752772935,2.763157894736842,3.042105263157895,0.3684210526315789
132.22761206270877,2.763157894736842,3.042105263157895,0.4210526315789473
110.9530421446184,2.763157894736842,3.042105263157895,0.4736842105263157
96.69679703085376,2.763157894736842,3.042105263157895,0.5263157894736842
87.35418287368651,2.763157894736842,3.042105263157895,0.5789473684210527
81.56992231168717,2.763157894736842,3.042105263157895,0.631578947368421
78.42894896787672,2.763157894736842,3.042105263157895,0.6842105263157894
77.27836002207214,2.763157894736842,3.042105263157895,0.7368421052631579
77.64628986159643,2.763157894736842,3.042105263157895,0.7894736842105263
79.18399060103513,2.763157894736842,3.042105263157895,0.8421052631578947
81.6369742142741,2.763157894736842,3.042105263157895,0.894736842105263
84.80556841718371,2.763157894736842,3.042105263157895,0.9473684210526316
88.53055696932954,2.763157894736842,3.042105263157895,1.0
5025.845225808193,2.763157894736842,3.094736842105263,0.0
2637.544072234954,2.763157894736842,3.094736842105263,0.0526315789473684
1477.5861492068268,2.763157894736842,3.094736842105263,0.1052631578947368
888.945393790889,2.763157894736842,3.094736842105263,0.1578947368421052
573.9430469899115,2.763157894736842,3.094736842105263,0.2105263157894736
395.1501847691112,2.763157894736842,3.094736842105263,0.2631578947368421
287.522689345659,2.763157894736842,3.094736842105263,0.3157894736842105
219.2585332919644,2.763157894736842,3.094736842105263,0.3684210526315789
174.15442222255945,2.763157894736842,3.094736842105263,0.4210526315789473
143.53383475265156,2.763157894736842,3.094736842105263,0.4736842105263157
122.48288916818396,2.763157894736842,3.094736842105263,0.5263157894736842
108.05163398310322,2.763157894736842,3.094736842105263,0.5789473684210527
98.36764488204672,2.763157894736842,3.094736842105263,0.631578947368421
92.18978986510346,2.763157894736842,3.094736842105263,0.6842105263157894
88.65036229867644,2.763157894736842,3.094736842105263,0.7368421052631579
87.12129682906186,2.763157894736842,3.094736842105263,0.7894736842105263
87.14149155323594,2.763157894736842,3.094736842105263,0.8421052631578947
88.36583504857381,2.763157894736842,3.094736842105263,0.894736842105263
90.54011690250148,2.763157894736842,3.094736842105263,0.9473684210526316
93.46177665820709,2.763157894736842,3.094736842105263,1.0
7566.898416095924,2.763157894736842,3.147368421052632,0.0
3903.4418238268167,2.763157894736842,3.147368421052632,0.0526315789473684
2144.3465278546582,2.763157894736842,3.147368421052632,0.1052631578947368
1264.3714889421765,2.763157894736842,3.147368421052632,0.1578947368421052
801.1851767245965,2.763157894736842,3.147368421052632,0.2105263157894736
542.6950943872698,2.763157894736842,3.147368421052632,0.2631578947368421
389.3752155299039,2.763157894736842,3.147368421052632,0.3157894736842105
293.11130969129323,2.763157894736842,3.147368421052632,0.3684210526315789
229.73820110558012,2.763157894736842,3.147368421052632,0.4210526315789473
186.5363153796712,2.763157894736842,3.147368421052632,0.4736842105263157
156.43810844751573,2.763157894736842,3.147368421052632,0.5263157894736842
135.28246214706158,2.763157894736842,3.147368421052632,0.5789473684210527
120.47583427744628,2.763157894736842,3.147368421052632,0.631578947368421
110.31691858962866,2.763157894736842,3.147368421052632,0.6842105263157894
103.64662824782322,2.763157894736842,3.147368421052632,0.7368421052631579
99.63116698468056,2.763157894736842,3.147368421052632,0.7894736842105263
97.6600422770814,2.763157894736842,3.147368421052632,0.8421052631578947
97.27865654574454,2.763157894736842,3.147368421052632,0.894736842105263
98.14312658647918,2.763157894736842,3.147368421052632,0.9473684210526316
99.99778893173122,2.763157894736842,3.147368421052632,1.0
11439.499592498962,2.763157894736842,3.2,0.0
5803.803986631314,2.763157894736842,3.2,0.0526315789473684
3126.197052573866,2.763157894736842,3.2,0.1052631578947368
1804.9554970961024,2.763157894736842,3.2,0.1578947368421052
1120.848540882514,2.763157894736842,3.2,0.2105263157894736
745.8213788494756,2.763157894736842,3.2,0.2631578947368421
527.1214147194324,2.763157894736842,3.2,0.3157894736842105
391.6616060812652,2.763157894736842,3.2,0.3684210526315789
303.2193989205984,2.763157894736842,3.2,0.4210526315789473
243.03637855129537,2.763157894736842,3.2,0.4736842105263157
200.8811924815407,2.763157894736842,3.2,0.5263157894736842
170.84631336371334,2.763157894736842,3.2,0.5789473684210527
149.31831507504262,2.763157894736842,3.2,0.631578947368421
133.96486333041685,2.763157894736842,3.2,0.6842105263157894
123.21179294178062,2.763157894736842,3.2,0.7368421052631579
115.9569760690553,2.763157894736842,3.2,0.7894736842105263
111.39170943037236,2.763157894736842,3.2,0.8421052631578947
108.91699465195369,2.763157894736842,3.2,0.894736842105263
108.08132294976042,2.763157894736842,3.2,0.9473684210526316
108.54003984203348,2.763157894736842,3.2,1.0
112.26004764498164,2.8684210526315788,2.2,0.0
89.88180670565096,2.8684210526315788,2.2,0.0526315789473684
75.50532790344229,2.8684210526315788,2.2,0.1052631578947368
66.48932111743432,2.8684210526315788,2.2,0.1578947368421052
61.15560441652829,2.8684210526315788,2.2,0.2105263157894736
58.27628405129165,2.8684210526315788,2.2,0.2631578947368421
57.06179538307097,2.8684210526315788,2.2,0.3157894736842105
57.07367661371512,2.8684210526315788,2.2,0.3684210526315789
58.00311959266956,2.8684210526315788,2.2,0.4210526315789473
59.62840100697784,2.8684210526315788,2.2,0.4736842105263157
61.78756174567456,2.8684210526315788,2.2,0.5263157894736842
64.36489661232646,2.8684210526315788,2.2,0.5789473684210527
67.27599887658612,2.8684210526315788,2.2,0.631578947368421
70.4503254351801,2.8684210526315788,2.2,0.6842105263157894
73.83327837836399,2.8684210526315788,2.2,0.7368421052631579
77.38278704218553,2.8684210526315788,2.2,0.7894736842105263
81.09363878789433,2.8684210526315788,2.2,0.8421052631578947
84.95180455625008,2.8684210526315788,2.2,0.894736842105263
88.93185996312128,2.8684210526315788,2.2,0.9473684210526316
93.0129450567068,2.8684210526315788,2.2,1.0
94.33126757787088,2.8684210526315788,2.2526315789473688,0.0
74.98270209350756,2.8684210526315788,2.2526315789473688,0.0526315789473684
62.92173505338168,2.8684210526315788,2.2526315789473688,0.1052631578947368
55.6888222138106,2.8684210526315788,2.2526315789473688,0.1578947368421052
51.71135842646886,2.8684210526315788,2.2526315789473688,0.2105263157894736
49.83979105035457,2.8684210526315788,2.2526315789473688,0.2631578947368421
49.464210915339386,2.8684210526315788,2.2526315789473688,0.3157894736842105
50.1863087586347,2.8684210526315788,2.2526315789473688,0.3684210526315789
51.7265670338552,2.8684210526315788,2.2526315789473688,0.4210526315789473
53.88460876692385,2.8684210526315788,2.2526315789473688,0.4736842105263157
56.51729024931117,2.8684210526315788,2.2526315789473688,0.5263157894736842
59.52334179529436,2.8684210526315788,2.2526315789473688,0.5789473684210527
62.81974565907112,2.8684210526315788,2.2526315789473688,0.631578947368421
66.34275164107963,2.8684210526315788,2.2526315789473688,0.6842105263157894
70.04667363152845,2.8684210526315788,2.2526315789473688,0.7368421052631579
73.92623291718463,2.8684210526315788,2.2526315789473688,0.7894736842105263
77.95585712032222,2.8684210526315788,2.2526315789473688,0.8421052631578947
82.1076071316164,2.8684210526315788,2.2526315789473688,0.894736842105263
86.35879764484338,2.8684210526315788,2.2526315789473688,0.9473684210526316
90.6908998382306,2.8684210526315788,2.2526315789473688,1.0
81.46101601555434,2.8684210526315788,2.305263157894737,0.0
63.68573541108999,2.8684210526315788,2.305263157894737,0.0526315789473684
53.00499933673206,2.8684210526315788,2.305263157894737,0.1052631578947368
46.91583119783749,2.8684210526315788,2.305263157894737,0.1578947368421052
43.77441297817263,2.8684210526315788,2.305263157894737,0.2105263157894736
42.6023055387435,2.8684210526315788,2.305263157894737,0.2631578947368421
42.8356197536374,2.8684210526315788,2.305263157894737,0.3157894736842105
44.09254792671964,2.8684210526315788,2.305263157894737,0.3684210526315789
46.10745745504829,2.8684210526315788,2.305263157894737,0.4210526315789473
48.69299568324688,2.8684210526315788,2.305263157894737,0.4736842105263157
51.71940588378285,2.8684210526315788,2.305263157894737,0.5263157894736842
55.08386699597703,2.8684210526315788,2.305263157894737,0.5789473684210527
58.70814153525807,2.8684210526315788,2.305263157894737,0.631578947368421
62.541475766756434,2.8684210526315788,2.305263157894737,0.6842105263157894
66.57071474512075,2.8684210526315788,2.305263157894737,0.7368421052631579
70.75933577003302,2.8684210526315788,2.305263157894737,0.7894736842105263
75.07533062170613,2.8684210526315788,2.305263157894737,0.8421052631578947
79.49301039946224,2.8684210526315788,2.305263157894737,0.894736842105263
83.991628551198,2.8684210526315788,2.305263157894737,0.9473684210526316
88.5543452585592,2.8684210526315788,2.305263157894737,1.0
73.96431157806029,2.8684210526315788,2.357894736842105,0.0
56.13333367756316,2.8684210526315788,2.357894736842105,0.0526315789473684
45.82885351824596,2.8684210526315788,2.357894736842105,0.1052631578947368
40.17510987310315,2.8684210526315788,2.357894736842105,0.1578947368421052
37.40790631234012,2.8684210526315788,2.357894736842105,0.2105263157894736
36.61060568142172,2.8684210526315788,2.357894736842105,0.2631578947368421
37.21116542106319,2.8684210526315788,2.357894736842105,0.3157894736842105
38.81905464058052,2.8684210526315788,2.357894736842105,0.3684210526315789
41.16713297837384,2.8684210526315788,2.357894736842105,0.4210526315789473
44.074394001630495,2.8684210526315788,2.357894736842105,0.4736842105263157
47.404008211754565,2.8684210526315788,2.357894736842105,0.5263157894736842
51.05340842234547,2.8684210526315788,2.357894736842105,0.5789473684210527
54.96208865378931,2.8684210526315788,2.357894736842105,0.631578947368421
59.09946247003884,2.8684210526315788,2.357894736842105,0.6842105263157894
63.4169331480248,2.8684210526315788,2.357894736842105,0.7368421052631579
67.8757555632363,2.8684210526315788,2.357894736842105,0.7894736842105263
72.44523051519293,2.8684210526315788,2.357894736842105,0.8421052631578947
77.10086783313442,2.8684210526315788,2.357894736842105,0.894736842105263
81.82301126629184,2.8684210526315788,2.357894736842105,0.9473684210526316
86.5957753858869,2.8684210526315788,2.357894736842105,1.0
72.59515678140222,2.8684210526315788,2.4105263157894736,0.0
52.74454418117255,2.8684210526315788,2.4105263157894736,0.0526315789473684
41.62791991318547,2.8684210526315788,2.4105263157894736,0.1052631578947368
35.60036142420289,2.8684210526315788,2.4105263157894736,0.1578947368421052
32.731556746570526,2.8684210526315788,2.4105263157894736,0.2105263157894736
31.966074390065938,2.8684210526315788,2.4105263157894736,0.2631578947368421
32.66695432076833,2.8684210526315788,2.4105263157894736,0.3157894736842105
34.42447479799538,2.8684210526315788,2.4105263157894736,0.3684210526315789
36.95678010063669,2.8684210526315788,2.4105263157894736,0.4210526315789473
40.06314171597638,2.8684210526315788,2.4105263157894736,0.4736842105263157
43.59731581590881,2.8684210526315788,2.4105263157894736,0.5263157894736842
47.47794228623573,2.8684210526315788,2.4105263157894736,0.5789473684210527
51.64384582141455,2.8684210526315788,2.4105263157894736,0.631578947368421
56.03017542059809,2.8684210526315788,2.4105263157894736,0.6842105263157894
60.5867628912394,2.8684210526315788,2.4105263157894736,0.7368421052631579
65.27441590739892,2.8684210526315788,2.4105263157894736,0.7894736842105263
70.06227129884012,2.8684210526315788,2.4105263157894736,0.8421052631578947
74.92586908967047,2.8684210526315788,2.4105263157894736,0.894736842105263
79.84572806092817,2.8684210526315788,2.4105263157894736,0.9473684210526316
84.80627726472889,2.8684210526315788,2.4105263157894736,1.0
78.69536626626885,2.8684210526315788,2.463157894736842,0.0
54.28439684798558,2.8684210526315788,2.463157894736842,0.0526315789473684
40.81936352544461,2.8684210526315788,2.463157894736842,0.1052631578947368
33.50997562038392,2.8684210526315788,2.463157894736842,0.1578947368421052
29.953185744191483,2.8684210526315788,2.463157894736842,0.2105263157894736
28.82614589160932,2.8684210526315788,2.463157894736842,0.2631578947368421
29.33987671024214,2.8684210526315788,2.463157894736842,0.3157894736842105
31.019651448998527,2.8684210526315788,2.463157894736842,0.3684210526315789
33.55714522961726,2.8684210526315788,2.463157894736842,0.4210526315789473
36.722352438987215,2.8684210526315788,2.463157894736842,0.4736842105263157
40.384296620861775,2.8684210526315788,2.463157894736842,0.5263157894736842
44.43399884182157,2.8684210526315788,2.463157894736842,0.5789473684210527
48.77904903093591,2.8684210526315788,2.463157894736842,0.631578947368421
53.34935433698104,2.8684210526315788,2.463157894736842,0.6842105263157894
58.09107034974642,2.8684210526315788,2.463157894736842,0.7368421052631579
62.96241695774288,2.8684210526315788,2.463157894736842,0.7894736842105263
67.9307178757248,2.8684210526315788,2.463157894736842,0.8421052631578947
72.97026068667152,2.8684210526315788,2.463157894736842,0.894736842105263
78.06072214943241,2.8684210526315788,2.463157894736842,0.9473684210526316
83.18599183145162,2.8684210526315788,2.463157894736842,1.0
94.41100200895885,2.8684210526315788,2.515789473684211,0.0
61.9617684900648,2.8684210526315788,2.515789473684211,0.0526315789473684
44.14577402684,2.8684210526315788,2.515789473684211,0.1052631578947368
34.40279134732097,2.8684210526315788,2.515789473684211,0.1578947368421052
29.424066549356144,2.8684210526315788,2.515789473684211,0.2105263157894736
27.42988234562496,2.8684210526315788,2.515789473684211,0.2631578947368421
27.416888438092755,2.8684210526315788,2.515789473684211,0.3157894736842105
28.76891998524661,2.8684210526315788,2.515789473684211,0.3684210526315789
31.102857206546613,2.8684210526315788,2.515789473684211,0.4210526315789473
34.20204985801516,2.8684210526315788,2.515789473684211,0.4736842105263157
37.87722021555223,2.8684210526315788,2.515789473684211,0.5263157894736842
41.98467550941589,2.8684210526315788,2.515789473684211,0.5789473684210527
46.41826399024439,2.8684210526315788,2.515789473684211,0.631578947368421
51.09815208301506,2.8684210526315788,2.515789473684211,0.6842105263157894
55.96346532633039,2.8684210526315788,2.515789473684211,0.7368421052631579
60.96728856169456,2.8684210526315788,2.515789473684211,0.7894736842105263
66.07316787447911,2.8684210526315788,2.515789473684211,0.8421052631578947
71.2526037560401,2.8684210526315788,2.515789473684211,0.894736842105263
76.48321888203374,2.8684210526315788,2.515789473684211,0.9473684210526316
81.7473968963268,2.8684210526315788,2.515789473684211,1.0
123.01028076687092,2.8684210526315788,2.568421052631579,0.0
77.56486917618001,2.8684210526315788,2.568421052631579,0.0526315789473684
52.73368153824018,2.8684210526315788,2.568421052631579,0.1052631578947368
39.01081433309377,2.8684210526315788,2.568421052631579,0.1578947368421052
31.64624910268425,2.8684210526315788,2.568421052631579,0.2105263157894736
28.1531640762341,2.8684210526315788,2.568421052631579,0.2631578947368421
27.164036481526463,2.8684210526315788,2.568421052631579,0.3157894736842105
27.87981402991688,2.8684210526315788,2.568421052631579,0.3684210526315789
29.823013853931137,2.8684210526315788,2.568421052631579,0.4210526315789473
32.666532083590255,2.8684210526315788,2.568421052631579,0.4736842105263157
36.18965227799046,2.8684210526315788,2.568421052631579,0.5263157894736842
40.22248675915649,2.8684210526315788,2.568421052631579,0.5789473684210527
44.63739298746936,2.8684210526315788,2.568421052631579,0.631578947368421
49.33921250502629,2.8684210526315788,2.568421052631579,0.6842105263157894
54.255912813346086,2.8684210526315788,2.568421052631579,0.7368421052631579
59.332329316834176,2.8684210526315788,2.568421052631579,0.7894736842105263
64.52584164461825,2.8684210526315788,2.568421052631579,0.8421052631578947
69.80330570123566,2.8684210526315788,2.568421052631579,0.894736842105263
75.13882899558438,2.8684210526315788,2.568421052631579,0.9473684210526316
80.5121285345741,2.8684210526315788,2.568421052631579,1.0
169.37634137165398,2.8684210526315788,2.6210526315789475,0.0
103.76690397457922,2.8684210526315788,2.6210526315789475,0.0526315789473684
68.18592452965635,2.8684210526315788,2.6210526315789475,0.1052631578947368
48.37105094820498,2.8684210526315788,2.6210526315789475,0.1578947368421052
37.33246629067026,2.8684210526315788,2.6210526315789475,0.2105263157894736
31.50834873728437,2.8684210526315788,2.6210526315789475,0.2631578947368421
28.98343635265829,2.8684210526315788,2.6210526315789475,0.3157894736842105
28.68750419741444,2.8684210526315788,2.6210526315789475,0.3684210526315789
29.94045697321986,2.8684210526315788,2.6210526315789475,0.4210526315789473
32.30048416538947,2.8684210526315788,2.6210526315789475,0.4736842105263157
35.47917798524512,2.8684210526315788,2.6210526315789475,0.5263157894736842
39.27631900751724,2.8684210526315788,2.6210526315789475,0.5789473684210527
43.54272963699261,2.8684210526315788,2.6210526315789475,0.631578947368421
48.16081931029286,2.8684210526315788,2.6210526315789475,0.6842105263157894
53.04219368171965,2.8684210526315788,2.6210526315789475,0.7368421052631579
58.11954262137857,2.8684210526315788,2.6210526315789475,0.7894736842105263
63.34110956554724,2.8684210526315788,2.6210526315789475,0.8421052631578947
68.66680880572144,2.8684210526315788,2.6210526315789475,0.894736842105263
74.06543413204673,2.8684210526315788,2.6210526315789475,0.9473684210526316
79.51261292090194,2.8684210526315788,2.6210526315789475,1.0
240.88962652481803,2.8684210526315788,2.673684210526316,0.0
144.56723950271348,2.8684210526315788,2.673684210526316,0.0526315789473684
92.77683560367863,2.8684210526315788,2.673684210526316,0.1052631578947368
63.88192455237523,2.8684210526315788,2.673684210526316,0.1578947368421052
47.43623700992431,2.8684210526315788,2.673684210526316,0.2105263157894736
38.207330202970255,2.8684210526315788,2.673684210526316,0.2631578947368421
33.44091582122275,2.8684210526315788,2.673684210526316,0.3157894736842105
31.593022066069807,2.8684210526315788,2.673684210526316,0.3684210526315789
31.75278526724668,2.8684210526315788,2.673684210526316,0.4210526315789473
33.33182595685093,2.8684210526315788,2.673684210526316,0.4736842105263157
35.940375336882326,2.8684210526315788,2.673684210526316,0.5263157894736842
39.318769133622496,2.8684210526315788,2.673684210526316,0.5789473684210527
43.27762368906326,2.8684210526315788,2.673684210526316,0.631578947368421
47.68238109173804,2.8684210526315788,2.673684210526316,0.6842105263157894
52.422465399186486,2.8684210526315788,2.673684210526316,0.7368421052631579
57.413463113274254,2.8684210526315788,2.673684210526316,0.7894736842105263
62.59072837202431,2.8684210526315788,2.673684210526316,0.8421052631578947
67.90434759009736,2.8684210526315788,2.673684210526316,0.894736842105263
73.31555206849974,2.8684210526315788,2.673684210526316,0.9473684210526316
78.79410805924759,2.8684210526315788,2.673684210526316,1.0
348.710321114384,2.8684210526315788,2.726315789473684,0.0
205.87629254224527,2.8684210526315788,2.726315789473684,0.0526315789473684
129.85288176991074,2.8684210526315788,2.726315789473684,0.1052631578947368
87.57050309098162,2.8684210526315788,2.726315789473684,0.1578947368421052
63.27416030820505,2.8684210526315788,2.726315789473684,0.2105263157894736
49.16188078433313,2.8684210526315788,2.726315789473684,0.2631578947368421
41.17938515409973,2.8684210526315788,2.726315789473684,0.3157894736842105
37.10890737276316,2.8684210526315788,2.726315789473684,0.3684210526315789
35.6684630315096,2.8684210526315788,2.726315789473684,0.4210526315789473
36.07743955579096,2.8684210526315788,2.726315789473684,0.4736842105263157
37.8238160064821,2.8684210526315788,2.726315789473684,0.5263157894736842
40.5539648109049,2.8684210526315788,2.726315789473684,0.5789473684210527
44.02734571003023,2.8684210526315788,2.726315789473684,0.631578947368421
48.06139425496463,2.8684210526315788,2.726315789473684,0.6842105263157894
52.52902762694813,2.8684210526315788,2.726315789473684,0.7368421052631579
57.32597618851197,2.8684210526315788,2.726315789473684,0.7894736842105263
62.36990382139816,2.8684210526315788,2.726315789473684,0.8421052631578947
67.59739961784564,2.8684210526315788,2.726315789473684,0.894736842105263
72.95928834882976,2.8684210526315788,2.726315789473684,0.9473684210526316
78.41724488333398,2.8684210526315788,2.726315789473684,1.0
509.6159899531829,2.8684210526315788,2.778947368421053,0.0
296.40721094850363,2.8684210526315788,2.778947368421053,0.0526315789473684
184.2494251835608,2.8684210526315788,2.778947368421053,0.1052631578947368
122.35279696951112,2.8684210526315788,2.778947368421053,0.1578947368421052
86.71422125736414,2.8684210526315788,2.778947368421053,0.2105263157894736
65.60497970219544,2.8684210526315788,2.778947368421053,0.2631578947368421
53.049896576292376,2.8684210526315788,2.778947368421053,0.3157894736842105
45.84561235735549,2.8684210526315788,2.778947368421053,0.3684210526315789
42.173484553231134,2.8684210526315788,2.778947368421053,0.4210526315789473
40.945850345320174,2.8684210526315788,2.778947368421053,0.4736842105263157
41.46348373645953,2.8684210526315788,2.778947368421053,0.5263157894736842
43.25638677799243,2.8684210526315788,2.778947368421053,0.5789473684210527
46.00870069632565,2.8684210526315788,2.778947368421053,0.631578947368421
49.49369940724456,2.8684210526315788,2.778947368421053,0.6842105263157894
53.5335923341168,2.8684210526315788,2.778947368421053,0.7368421052631579
58.00237153884954,2.8684210526315788,2.778947368421053,0.7894736842105263
62.802375697393664,2.8684210526315788,2.778947368421053,0.8421052631578947
67.85199079161453,2.8684210526315788,2.778947368421053,0.894736842105263
73.08800782029861,2.8684210526315788,2.778947368421053,0.9473684210526316
78.46117928970047,2.8684210526315788,2.778947368421053,1.0
748.9119017358871,2.8684210526315788,2.8315789473684214,0.0
429.0765659871389,2.8684210526315788,2.8315789473684214,0.0526315789473684
263.0089863045431,2.8684210526315788,2.8315789473684214,0.1052631578947368
172.31391951041397,2.8684210526315788,2.8315789473684214,0.1578947368421052
120.28998218137816,2.8684210526315788,2.8315789473684214,0.2105263157894736
89.22968573213073,2.8684210526315788,2.8315789473684214,0.2631578947368421
70.25033269216512,2.8684210526315788,2.8315789473684214,0.3157894736842105
58.67710691208546,2.8684210526315788,2.8315789473684214,0.3684210526315789
51.90964272135808,2.8684210526315788,2.8315789473684214,0.4210526315789473
48.41486009335674,2.8684210526315788,2.8315789473684214,0.4736842105263157
47.24202313136295,2.8684210526315788,2.8315789473684214,0.5263157894736842
47.75480675321252,2.8684210526315788,2.8315789473684214,0.5789473684210527
49.51452291781868,2.8684210526315788,2.8315789473684214,0.631578947368421
52.21268909654941,2.8684210526315788,2.8315789473684214,0.6842105263157894
55.64055564465269,2.8684210526315788,2.8315789473684214,0.7368421052631579
59.628217602039065,2.8684210526315788,2.8315789473684214,0.7894736842105263
64.04677256101455,2.8684210526315788,2.8315789473684214,0.8421052631578947
68.80405752903799,2.8684210526315788,2.8315789473684214,0.894736842105263
73.81889318197341,2.8684210526315788,2.8315789473684214,0.9473684210526316
79.02749423189519,2.8684210526315788,2.8315789473684214,1.0
1104.943070101436,2.8684210526315788,2.8842105263157896,0.0
623.1539160467186,2.8684210526315788,2.8842105263157896,0.0526315789473684
376.3385466436299,2.8684210526315788,2.8842105263157896,0.1052631578947368
243.23230829163543,2.8684210526315788,2.8842105263157896,0.1578947368421052
167.52520135436998,2.8684210526315788,2.8842105263157896,0.2105263157894736
122.34051643244334,2.8684210526315788,2.8842105263157896,0.2631578947368421
94.3827393604515,2.8684210526315788,2.8842105263157896,0.3157894736842105
76.77321277768512,2.8684210526315788,2.8842105263157896,0.3684210526315789
65.75941855248226,2.8684210526315788,2.8842105263157896,0.4210526315789473
59.171673471838666,2.8684210526315788,2.8842105263157896,0.4736842105263157
55.683530653558094,2.8684210526315788,2.8842105263157896,0.5263157894736842
54.43973222975534,2.8684210526315788,2.8842105263157896,0.5789473684210527
54.85028753361948,2.8684210526315788,2.8842105263157896,0.631578947368421
56.50054998378612,2.8684210526315788,2.8842105263157896,0.6842105263157894
59.09382931129391,2.8684210526315788,2.8842105263157896,0.7368421052631579
62.41628913520074,2.8684210526315788,2.8842105263157896,0.7894736842105263
66.30099013730343,2.8684210526315788,2.8842105263157896,0.8421052631578947
70.62612042139938,2.8684210526315788,2.8842105263157896,0.894736842105263
75.30059989006106,2.8684210526315788,2.8842105263157896,0.9473684210526316
80.24502550839317,2.8684210526315788,2.8842105263157896,1.0
1636.0682285775697,2.8684210526315788,2.936842105263158,0.0
907.41869443621,2.8684210526315788,2.936842105263158,0.0526315789473684
539.1932477955029,2.8684210526315788,2.936842105263158,0.1052631578947368
343.39549210360053,2.8684210526315788,2.936842105263158,0.1578947368421052
233.35150954504613,2.8684210526315788,2.936842105263158,0.2105263157894736
168.08941506440357,2.8684210526315788,2.936842105263158,0.2631578947368421
127.5958276932725,2.8684210526315788,2.936842105263158,0.3157894736842105
101.67891036508917,2.8684210526315788,2.936842105263158,0.3684210526315789
84.88053692515606,2.8684210526315788,2.936842105263158,0.4210526315789473
74.10708588480348,2.8684210526315788,2.936842105263158,0.4736842105263157
67.49877205501218,2.8684210526315788,2.936842105263158,0.5263157894736842
63.88009451348646,2.8684210526315788,2.936842105263158,0.5789473684210527
62.46163452878118,2.8684210526315788,2.936842105263158,0.631578947368421
62.687943440290496,2.8684210526315788,2.936842105263158,0.6842105263157894
64.16108435794551,2.8684210526315788,2.936842105263158,0.7368421052631579
66.59249766227559,2.8684210526315788,2.936842105263158,0.7894736842105263
69.77020819789743,2.8684210526315788,2.936842105263158,0.8421052631578947
73.52320145289234,2.8684210526315788,2.936842105263158,0.894736842105263
77.72027000224153,2.8684210526315788,2.936842105263158,0.9473684210526316
82.27582817501877,2.8684210526315788,2.936842105263158,1.0
2431.3304407962496,2.8684210526315788,2.9894736842105267,0.0
1325.183562887737,2.8684210526315788,2.9894736842105267,0.0526315789473684
773.6741022148663,2.8684210526315788,2.9894736842105267,0.1052631578947368
484.7779441662119,2.8684210526315788,2.9894736842105267,0.1578947368421052
324.72138898564265,2.8684210526315788,2.9894736842105267,0.2105263157894736
230.81437334509127,2.8684210526315788,2.9894736842105267,0.2631578947368421
172.78486683935336,2.8684210526315788,2.9894736842105267,0.3157894736842105
135.44051252286653,2.8684210526315788,2.9894736842105267,0.3684210526315789
110.78641761812727,2.8684210526315788,2.9894736842105267,0.4210526315789473
94.37828875266196,2.8684210526315788,2.9894736842105267,0.4736842105263157
83.59660049125038,2.8684210526315788,2.9894736842105267,0.5263157894736842
76.80686439462012,2.8684210526315788,2.9894736842105267,0.5789473684210527
72.94235568104837,2.8684210526315788,2.9894736842105267,0.631578947368421
71.26047038814708,2.8684210526315788,2.9894736842105267,0.6842105263157894
71.2309093787069,2.8684210526315788,2.9894736842105267,0.7368421052631579
72.46696802681997,2.8684210526315788,2.9894736842105267,0.7894736842105263
74.68512499265289,2.8684210526315788,2.9894736842105267,0.8421052631578947
77.67323182807546,2.8684210526315788,2.9894736842105267,0.894736842105263
81.25925952906479,2.8684210526315788,2.9894736842105267,0.9473684210526316
85.31001897614594,2.8684210526315788,2.9894736842105267,1.0
3627.2146276124863,2.8684210526315788,3.042105263157895,0.0
1941.9927672167892,2.8684210526315788,3.042105263157895,0.0526315789473684
1112.654747730638,2.8684210526315788,3.042105263157895,0.1052631578947368
684.8129814577802,2.8684210526315788,3.042105263157895,0.1578947368421052
451.5139994607254,2.8684210526315788,3.042105263157895,0.2105263157894736
316.529219416776,2.8684210526315788,3.042105263157895,0.2631578947368421
233.87409045983603,2.8684210526315788,3.042105263157895,0.3157894736842105
180.7797974430292,2.8684210526315788,3.042105263157895,0.3684210526315789
145.4605140512314,2.8684210526315788,3.042105263157895,0.4210526315789473
121.48671654402496,2.8684210526315788,3.042105263157895,0.4736842105263157
105.1427694343736,2.8684210526315788,3.042105263157895,0.5263157894736842
94.15262408364244,2.8684210526315788,3.042105263157895,0.5789473684210527
87.0473770226543,2.8684210526315788,3.042105263157895,0.631578947368421
82.83660146830725,2.8684210526315788,3.042105263157895,0.6842105263157894
80.81254886354606,2.8684210526315788,3.042105263157895,0.7368421052631579
80.46241048632213,2.8684210526315788,3.042105263157895,0.7894736842105263
81.40652133796755,2.8684210526315788,3.042105263157895,0.8421052631578947
83.363969215324,2.8684210526315788,3.042105263157895,0.894736842105263
86.12079734613144,2.8684210526315788,3.042105263157895,0.9473684210526316
89.5030280517032,2.8684210526315788,3.042105263157895,1.0
5433.640407227883,2.8684210526315788,3.094736842105263,0.0
2857.4955650654497,2.8684210526315788,3.094736842105263,0.0526315789473684
1605.333828368701,2.8684210526315788,3.094736842105263,0.1052631578947368
969.0718079152492,2.8684210526315788,3.094736842105263,0.1578947368421052
627.8824636524329,2.8684210526315788,3.094736842105263,0.2105263157894736
433.6375171819795,2.8684210526315788,3.094736842105263,0.2631578947368421
316.21899359614497,2.8684210526315788,3.094736842105263,0.3157894736842105
241.33627880570305,2.8684210526315788,3.094736842105263,0.3684210526315789
191.5120288080537,2.8684210526315788,3.094736842105263,0.4210526315789473
157.38280614843055,2.8684210526315788,3.094736842105263,0.4736842105263157
133.64215718220694,2.8684210526315788,3.094736842105263,0.5263157894736842
117.10182593891692,2.8684210526315788,3.094736842105263,0.5789473684210527
105.7361629553148,2.8684210526315788,3.094736842105263,0.631578947368421
98.19882236614504,2.8684210526315788,3.094736842105263,0.6842105263157894
93.55180645357352,2.8684210526315788,3.094736842105263,0.7368421052631579
91.11337821033712,2.8684210526315788,3.094736842105263,0.7894736842105263
90.38236057307492,2.8684210526315788,3.094736842105263,0.8421052631578947
90.98283524553278,2.8684210526315788,3.094736842105263,0.894736842105263
92.63453010618946,2.8684210526315788,3.094736842105263,0.9473684210526316
95.12032652689788,2.8684210526315788,3.094736842105263,1.0
8174.43775825918,2.8684210526315788,3.147368421052632,0.0
4223.833447388898,2.8684210526315788,3.147368421052632,0.0526315789473684
2325.763748599987,2.8684210526315788,3.147368421052632,0.1052631578947368
1375.3327456470802,2.8684210526315788,3.147368421052632,0.1578947368421052
874.2698548073952,2.8684210526315788,3.147368421052632,0.2105263157894736
593.9807962396192,2.8684210526315788,3.147368421052632,0.2631578947368421
427.1841339572855,2.8684210526315788,3.147368421052632,0.3157894736842105
322.00708214554805,2.8684210526315788,3.147368421052632,0.3684210526315789
252.3894491512135,2.8684210526315788,3.147368421052632,0.4210526315789473
204.60856834508456,2.8684210526315788,3.147368421052632,0.4736842105263157
171.03525817450833,2.8684210526315788,3.147368421052632,0.5263157894736842
147.17453708716232,2.8684210526315788,3.147368421052632,0.5789473684210527
130.2224231377824,2.8684210526315788,3.147368421052632,0.631578947368421
118.3371089022573,2.8684210526315788,3.147368421052632,0.6842105263157894
110.26228048656397,2.8684210526315788,3.147368421052632,0.7368421052631579
105.0957583165706,2.8684210526315788,3.147368421052632,0.7894736842105263
102.17473209533588,2.8684210526315788,3.147368421052632,0.8421052631578947
101.00507076599696,2.8684210526315788,3.147368421052632,0.894736842105263
101.21194690224736,2.8684210526315788,3.147368421052632,0.9473684210526316
102.51407486573018,2.8684210526315788,3.147368421052632,1.0
12350.487074603703,2.8684210526315788,3.2,0.0
6274.174242840381,2.8684210526315788,3.2,0.0526315789473684
3385.9902383454746,2.8684210526315788,3.2,0.1052631578947368
1959.787632819807,2.8684210526315788,3.2,0.1578947368421052
1220.442489296973,2.8684210526315788,3.2,0.2105263157894736
814.3883771488763,2.8684210526315788,3.2,0.2631578947368421
576.9796530567008,2.8684210526315788,3.2,0.3157894736842105
429.42775748141406,2.8684210526315788,3.2,0.3684210526315789
332.6757200568721,2.8684210526315788,3.2,0.4210526315789473
266.4905389281077,2.8684210526315788,3.2,0.4736842105263157
219.831437492601,2.8684210526315788,3.2,0.5263157894736842
186.3196730949572,2.8684210526315788,3.2,0.5789473684210527
162.0507439701562,2.8684210526315788,3.2,0.631578947368421
144.5023505914267,2.8684210526315788,3.2,0.6842105263157894
131.9691348232812,2.8684210526315788,3.2,0.7368421052631579
123.25783944764666,2.8684210526315788,3.2,0.7894736842105263
117.49248598294652,2.8684210526315788,3.2,0.8421052631578947
114.02270810721365,2.8684210526315788,3.2,0.894736842105263
112.35774136311672,2.8684210526315788,3.2,0.9473684210526316
112.12168950602248,2.8684210526315788,3.2,1.0
117.9378936380696,2.973684210526316,2.2,0.0
94.20922834141795,2.973684210526316,2.2,0.0526315789473684
78.84730468045252,2.973684210526316,2.2,0.1052631578947368
69.09127842887548,2.973684210526316,2.2,0.1578947368421052
63.19094722942144,2.973684210526316,2.2,0.2105263157894736
59.889401179060094,2.973684210526316,2.2,0.2631578947368421
58.33748642191481,2.973684210526316,2.2,0.3157894736842105
58.07600428783221,2.973684210526316,2.2,0.3684210526315789
58.78171995424642,2.973684210526316,2.2,0.4210526315789473
60.22241255780179,2.973684210526316,2.2,0.4736842105263157
62.22833305167242,2.973684210526316,2.2,0.5263157894736842
64.6759101348039,2.973684210526316,2.2,0.5789473684210527
67.4779348075181,2.973684210526316,2.2,0.631578947368421
70.56097876472914,2.973684210526316,2.2,0.6842105263157894
73.86763352503188,2.973684210526316,2.2,0.7368421052631579
77.35302294909509,2.973684210526316,2.2,0.7894736842105263
80.99262255953064,2.973684210526316,2.2,0.8421052631578947
84.78850885402139,2.973684210526316,2.2,0.894736842105263
88.71613853667547,2.973684210526316,2.2,0.9473684210526316
92.75353633655426,2.973684210526316,2.2,1.0
99.71441497704808,2.973684210526316,2.2526315789473688,0.0
79.04966705258617,2.973684210526316,2.2526315789473688,0.0526315789473684
66.02903237872378,2.973684210526316,2.2526315789473688,0.1052631578947368
58.075905149595954,2.973684210526316,2.2526315789473688,0.1578947368421052
53.5570409723552,2.973684210526316,2.2526315789473688,0.2105263157894736
51.270082207422845,2.973684210526316,2.2526315789473688,0.2631578947368421
50.56274168123961,2.973684210526316,2.2526315789473688,0.3157894736842105
51.01659038422248,2.973684210526316,2.2526315789473688,0.3684210526315789
52.33785171664953,2.973684210526316,2.2526315789473688,0.4210526315789473
54.31578124938876,2.973684210526316,2.2526315789473688,0.4736842105263157
56.79789637229952,2.973684210526316,2.2526315789473688,0.5263157894736842
59.678049831253375,2.973684210526316,2.2526315789473688,0.5789473684210527
62.86978220682504,2.973684210526316,2.2526315789473688,0.631578947368421
66.30579762976838,2.973684210526316,2.2526315789473688,0.6842105263157894
69.93407176904188,2.973684210526316,2.2526315789473688,0.7368421052631579
73.73368947855789,2.973684210526316,2.2526315789473688,0.7894736842105263
77.69579628634939,2.973684210526316,2.2526315789473688,0.8421052631578947
81.79096736785671,2.973684210526316,2.2526315789473688,0.894736842105263
85.99519101479423,2.973684210526316,2.2526315789473688,0.9473684210526316
90.28883738392382,2.973684210526316,2.2526315789473688,1.0
86.84473091556994,2.973684210526316,2.305263157894737,0.0
67.69602842832653,2.973684210526316,2.305263157894737,0.0526315789473684
56.03538375067955,2.973684210526316,2.305263157894737,0.1052631578947368
49.21697675944184,2.973684210526316,2.305263157894737,0.1578947368421052
45.53296977684304,2.973684210526316,2.305263157894737,0.2105263157894736
43.9344497622748,2.973684210526316,2.305263157894737,0.2631578947368421
43.8284570357391,2.973684210526316,2.305263157894737,0.3157894736842105
44.811937722993925,2.973684210526316,2.305263157894737,0.3684210526315789
46.6043514797779,2.973684210526316,2.305263157894737,0.4210526315789473
49.00629346174991,2.973684210526316,2.305263157894737,0.4736842105263157
51.88017632407311,2.973684210526316,2.305263157894737,0.5263157894736842
55.118612774922696,2.973684210526316,2.305263157894737,0.5789473684210527
58.63865955383991,2.973684210526316,2.305263157894737,0.631578947368421
62.3775842592511,2.973684210526316,2.305263157894737,0.6842105263157894
66.31557506381783,2.973684210526316,2.305263157894737,0.7368421052631579
70.42750763874307,2.973684210526316,2.305263157894737,0.7894736842105263
74.67933964790065,2.973684210526316,2.305263157894737,0.8421052631578947
79.04370788347167,2.973684210526316,2.305263157894737,0.894736842105263
83.49847514888883,2.973684210526316,2.305263157894737,0.9473684210526316
88.02563664919535,2.973684210526316,2.305263157894737,1.0
79.69713252429064,2.973684210526316,2.357894736842105,0.0
60.3315850785682,2.973684210526316,2.357894736842105,0.0526315789473684
48.955901474991954,2.973684210526316,2.357894736842105,0.1052631578947368
42.53229594313159,2.973684210526316,2.357894736842105,0.1578947368421052
39.18733515586212,2.973684210526316,2.357894736842105,0.2105263157894736
37.93256736812632,2.973684210526316,2.357894736842105,0.2631578947368421
38.17001146501053,2.973684210526316,2.357894736842105,0.3157894736842105
39.48684409135116,2.973684210526316,2.357894736842105,0.3684210526315789
41.5983622228187,2.973684210526316,2.357894736842105,0.4210526315789473
44.310917913487,2.973684210526316,2.357894736842105,0.4736842105263157
47.48081296899694,2.973684210526316,2.357894736842105,0.5263157894736842
50.9988096162671,2.973684210526316,2.357894736842105,0.5789473684210527
54.78627319750074,2.973684210526316,2.357894736842105,0.631578947368421
58.81452137071677,2.973684210526316,2.357894736842105,0.6842105263157894
63.04056509533682,2.973684210526316,2.357894736842105,0.7368421052631579
67.4229828011767,2.973684210526316,2.357894736842105,0.7894736842105263
71.92889885132706,2.973684210526316,2.357894736842105,0.8421052631578947
76.53203631720152,2.973684210526316,2.357894736842105,0.894736842105263
81.21127160230613,2.973684210526316,2.357894736842105,0.9473684210526316
85.9495470170134,2.973684210526316,2.357894736842105,1.0
79.11077663257666,2.973684210526316,2.4105263157894736,0.0
57.43202090201692,2.973684210526316,2.4105263157894736,0.0526315789473684
45.07596054299725,2.973684210526316,2.4105263157894736,0.1052631578947368
38.177432117151206,2.973684210526316,2.4105263157894736,0.1578947368421052
34.655613897842585,2.973684210526316,2.4105263157894736,0.2105263157894736
33.38706197692218,2.973684210526316,2.4105263157894736,0.2631578947368421
33.68292867518675,2.973684210526316,2.4105263157894736,0.3157894736842105
35.115520772595154,2.973684210526316,2.4105263157894736,0.3684210526315789
37.383921282598536,2.973684210526316,2.4105263157894736,0.4210526315789473
40.2759091416098,2.973684210526316,2.4105263157894736,0.4736842105263157
43.63498312985553,2.973684210526316,2.4105263157894736,0.5263157894736842
47.35471852120944,2.973684210526316,2.4105263157894736,0.5789473684210527
51.38315523104668,2.973684210526316,2.4105263157894736,0.631578947368421
55.654930945154405,2.973684210526316,2.4105263157894736,0.6842105263157894
60.11615058027116,2.973684210526316,2.4105263157894736,0.7368421052631579
64.72464114932974,2.973684210526316,2.4105263157894736,0.7894736842105263
69.44713332682515,2.973684210526316,2.4105263157894736,0.8421052631578947
74.25720924564204,2.973684210526316,2.4105263157894736,0.894736842105263
79.13378363781501,2.973684210526316,2.4105263157894736,0.9473684210526316
84.05996368302998,2.973684210526316,2.4105263157894736,1.0
86.54749939190211,2.973684210526316,2.463157894736842,0.0
59.83512234698789,2.973684210526316,2.463157894736842,0.0526315789473684
44.86626608925963,2.973684210526316,2.463157894736842,0.1052631578947368
36.50868753058699,2.973684210526316,2.463157894736842,0.1578947368421052
32.180941957250496,2.973684210526316,2.463157894736842,0.2105263157894736
30.46584541464997,2.973684210526316,2.463157894736842,0.2631578947368421
30.521085877507243,2.973684210526316,2.463157894736842,0.3157894736842105
31.826552619477248,2.973684210526316,2.463157894736842,0.3684210526315789
34.06072086411857,2.973684210526316,2.463157894736842,0.4210526315789473
36.97914149913875,2.973684210526316,2.463157894736842,0.4736842105263157
40.42112075092223,2.973684210526316,2.463157894736842,0.5263157894736842
44.28825707182999,2.973684210526316,2.463157894736842,0.5789473684210527
48.48209920653039,2.973684210526316,2.463157894736842,0.631578947368421
52.92705565670471,2.973684210526316,2.463157894736842,0.6842105263157894
57.56495434284993,2.973684210526316,2.463157894736842,0.7368421052631579
62.3505692589839,2.973684210526316,2.463157894736842,0.7894736842105263
67.24845360800227,2.973684210526316,2.463157894736842,0.8421052631578947
72.2306491386107,2.973684210526316,2.463157894736842,0.894736842105263
77.27499932023443,2.973684210526316,2.463157894736842,0.9473684210526316
82.36388822325088,2.973684210526316,2.463157894736842,1.0
104.32720453830687,2.973684210526316,2.515789473684211,0.0
68.86041369176144,2.973684210526316,2.515789473684211,0.0526315789473684
49.12648743252538,2.973684210526316,2.515789473684211,0.1052631578947368
38.07285832799332,2.973684210526316,2.515789473684211,0.1578947368421052
32.14925759134824,2.973684210526316,2.515789473684211,0.2105263157894736
29.444867929583136,2.973684210526316,2.515789473684211,0.2631578947368421
28.880499022703773,2.973684210526316,2.515789473684211,0.3157894736842105
29.79775610527533,2.973684210526316,2.515789473684211,0.3684210526315789
31.773179601056714,2.973684210526316,2.515789473684211,0.4210526315789473
34.56124555577249,2.973684210526316,2.515789473684211,0.4736842105263157
37.98191899513706,2.973684210526316,2.515789473684211,0.5263157894736842
41.88014087539691,2.973684210526316,2.515789473684211,0.5789473684210527
46.141171226553794,2.973684210526316,2.515789473684211,0.631578947368421
50.678559802807456,2.973684210526316,2.515789473684211,0.6842105263157894
55.42625513559507,2.973684210526316,2.515789473684211,0.7368421052631579
60.33324069426722,2.973684210526316,2.515789473684211,0.7894736842105263
65.35977981663942,2.973684210526316,2.515789473684211,0.8421052631578947
70.47472277820496,2.973684210526316,2.515789473684211,0.894736842105263
75.65353703089272,2.973684210526316,2.515789473684211,0.9473684210526316
80.87684259955722,2.973684210526316,2.515789473684211,1.0
135.93789956518071,2.973684210526316,2.568421052631579,0.0
86.41899451877515,2.973684210526316,2.568421052631579,0.0526315789473684
59.07224715195538,2.973684210526316,2.568421052631579,0.1052631578947368
43.66599790181315,2.973684210526316,2.568421052631579,0.1578947368421052
35.108837679856954,2.973684210526316,2.568421052631579,0.2105263157894736
30.732611624304877,2.973684210526316,2.568421052631579,0.2631578947368421
29.06639904293359,2.973684210526316,2.568421052631579,0.3157894736842105
29.24352467114485,2.973684210526316,2.568421052631579,0.3684210526315789
30.7446565853872,2.973684210526316,2.568421052631579,0.4210526315789473
33.22639546892431,2.973684210526316,2.568421052631579,0.4736842105263157
36.44805171652025,2.973684210526316,2.568421052631579,0.5263157894736842
40.23382831250354,2.973684210526316,2.568421052631579,0.5789473684210527
44.445636676526505,2.973684210526316,2.568421052631579,0.631578947368421
48.98016268821009,2.973684210526316,2.568421052631579,0.6842105263157894
53.75903410141885,2.973684210526316,2.568421052631579,0.7368421052631579
58.72209128235888,2.973684210526316,2.568421052631579,0.7894736842105263
63.82273481003867,2.973684210526316,2.568421052631579,0.8421052631578947
69.02462178091211,2.973684210526316,2.568421052631579,0.894736842105263
74.29926824484863,2.973684210526316,2.568421052631579,0.9473684210526316
79.62427796511489,2.973684210526316,2.568421052631579,1.0
186.6927496252609,2.973684210526316,2.6210526315789475,0.0
115.39244862883456,2.973684210526316,2.6210526315789475,0.0526315789473684
76.39722004229908,2.973684210526316,2.6210526315789475,0.1052631578947368
54.37971516609319,2.973684210526316,2.6210526315789475,0.1578947368421052
41.82424009026161,2.973684210526316,2.6210526315789475,0.2105263157894736
34.88757837314127,2.973684210526316,2.6210526315789475,0.2631578947368421
31.503027864428255,2.973684210526316,2.6210526315789475,0.3157894736842105
30.528286727106803,2.973684210526316,2.6210526315789475,0.3684210526315789
31.24248885959751,2.973684210526316,2.6210526315789475,0.4210526315789473
33.16845868633777,2.973684210526316,2.6210526315789475,0.4736842105263157
35.99149499448769,2.973684210526316,2.6210526315789475,0.5263157894736842
39.492050096044416,2.973684210526316,2.6210526315789475,0.5789473684210527
43.51359339860466,2.973684210526316,2.6210526315789475,0.631578947368421
47.930297975125015,2.973684210526316,2.6210526315789475,0.6842105263157894
52.64586626509049,2.973684210526316,2.6210526315789475,0.7368421052631579
57.58679727028318,2.973684210526316,2.6210526315789475,0.7894736842105263
62.69642708735645,2.973684210526316,2.6210526315789475,0.8421052631578947
67.9307418572542,2.973684210526316,2.6210526315789475,0.894736842105263
73.25536510253092,2.973684210526316,2.6210526315789475,0.9473684210526316
78.64334768335371,2.973684210526316,2.6210526315789475,1.0
264.54448259002896,2.973684210526316,2.673684210526316,0.0
160.11527784635686,2.973684210526316,2.673684210526316,0.0526315789473684
103.59790133126144,2.973684210526316,2.673684210526316,0.1052631578947368
71.73432859511563,2.973684210526316,2.673684210526316,0.1578947368421052
53.2928236025725,2.973684210526316,2.673684210526316,0.2105263157894736
42.62870908340318,2.973684210526316,2.673684210526316,0.2631578947368421
36.789905049372415,2.973684210526316,2.673684210526316,0.3157894736842105
34.106923177402734,2.973684210526316,2.673684210526316,0.3684210526315789
33.59862859474177,2.973684210526316,2.673684210526316,0.4210526315789473
34.64292906957577,2.973684210526316,2.673684210526316,0.4736842105263157
36.81784878060243,2.973684210526316,2.673684210526316,0.5263157894736842
39.83994075857306,2.973684210526316,2.673684210526316,0.5789473684210527
43.50317734624063,2.973684210526316,2.673684210526316,0.631578947368421
47.66104648505584,2.973684210526316,2.673684210526316,0.6842105263157894
52.19785580780768,2.973684210526316,2.673684210526316,0.7368421052631579
57.02141791067628,2.973684210526316,2.673684210526316,0.7894736842105263
62.06095612411921,2.973684210526316,2.673684210526316,0.8421052631578947
67.26167075731182,2.973684210526316,2.673684210526316,0.894736842105263
72.580864639012,2.973684210526316,2.673684210526316,0.9473684210526316
77.98512188295808,2.973684210526316,2.673684210526316,1.0
381.49762698508135,2.973684210526316,2.726315789473684,0.0
226.9535461795365,2.973684210526316,2.726315789473684,0.0526315789473684
144.2839334457944,2.973684210526316,2.726315789473684,0.1052631578947368
97.93781186949629,2.973684210526316,2.726315789473684,0.1578947368421052
70.9565825149783,2.973684210526316,2.726315789473684,0.2105263157894736
54.967393216940366,2.973684210526316,2.726315789473684,0.2631578947368421
45.609725998899705,2.973684210526316,2.726315789473684,0.3157894736842105
40.49538789436925,2.973684210526316,2.726315789473684,0.3684210526315789
38.24077692318252,2.973684210526316,2.726315789473684,0.4210526315789473
37.997901023007,2.973684210526316,2.726315789473684,0.4736842105263157
39.20749889504437,2.973684210526316,2.726315789473684,0.5263157894736842
41.49853768927519,2.973684210526316,2.726315789473684,0.5789473684210527
44.610119290013245,2.973684210526316,2.726315789473684,0.631578947368421
48.34558123075778,2.973684210526316,2.726315789473684,0.6842105263157894
52.560868290243576,2.973684210526316,2.726315789473684,0.7368421052631579
57.14960717794792,2.973684210526316,2.726315789473684,0.7894736842105263
62.0218074683386,2.973684210526316,2.726315789473684,0.8421052631578947
67.10792300096126,2.973684210526316,2.726315789473684,0.894736842105263
72.35386461547317,2.973684210526316,2.726315789473684,0.9473684210526316
77.7173399592417,2.973684210526316,2.726315789473684,1.0
555.6011580116559,2.973684210526316,2.778947368421053,0.0
325.28614125249817,2.973684210526316,2.778947368421053,0.0526315789473684
203.66050799605324,2.973684210526316,2.778947368421053,0.1052631578947368
136.11048533977296,2.973684210526316,2.778947368421053,0.1578947368421052
96.84922504053196,2.973684210526316,2.778947368421053,0.2105263157894736
73.2633742079995,2.973684210526316,2.778947368421053,0.2631578947368421
58.92397510040441,2.973684210526316,2.778947368421053,0.3157894736842105
50.38207999101579,2.973684210526316,2.778947368421053,0.3684210526315789
45.6777440289156,2.973684210526316,2.778947368421053,0.4210526315789473
43.635411292181466,2.973684210526316,2.778947368421053,0.4736842105263157
43.50237858253806,2.973684210526316,2.778947368421053,0.5263157894736842
44.76707103068821,2.973684210526316,2.778947368421053,0.5789473684210527
47.07451915830288,2.973684210526316,2.778947368421053,0.631578947368421
50.1881334591153,2.973684210526316,2.778947368421053,0.6842105263157894
53.921754273583296,2.973684210526316,2.778947368421053,0.7368421052631579
58.13115401063051,2.973684210526316,2.778947368421053,0.7894736842105263
62.71534863053928,2.973684210526316,2.778947368421053,0.8421052631578947
67.58659481081318,2.973684210526316,2.778947368421053,0.894736842105263
72.6754947325948,2.973684210526316,2.778947368421053,0.9473684210526316
77.92782118525156,2.973684210526316,2.778947368421053,1.0
814.0704015285268,2.973684210526316,2.8315789473684214,0.0
469.00223072264384,2.973684210526316,2.8315789473684214,0.0526315789473684
289.2883642947148,2.973684210526316,2.8315789473684214,0.1052631578947368
190.67667596929496,2.973684210526316,2.8315789473684214,0.1578947368421052
133.70973065893492,2.973684210526316,2.8315789473684214,0.2105263157894736
99.34563023541212,2.973684210526316,2.8315789473684214,0.2631578947368421
78.02855432526198,2.973684210526316,2.8315789473684214,0.3157894736842105
64.72650178888901,2.973684210526316,2.8315789473684214,0.3684210526315789
56.63816625885801,2.973684210526316,2.8315789473684214,0.4210526315789473
52.109459257632125,2.973684210526316,2.8315789473684214,0.4736842105263157
50.11340328840669,2.973684210526316,2.8315789473684214,0.5263157894736842
49.963778620710585,2.973684210526316,2.8315789473684214,0.5789473684210527
51.185494360355975,2.973684210526316,2.8315789473684214,0.631578947368421
53.44172665462384,2.973684210526316,2.8315789473684214,0.6842105263157894
56.49518460089672,2.973684210526316,2.8315789473684214,0.7368421052631579
60.16483684990905,2.973684210526316,2.8315789473684214,0.7894736842105263
64.3156920882558,2.973684210526316,2.8315789473684214,0.8421052631578947
68.84715712930732,2.973684210526316,2.8315789473684214,0.894736842105263
73.67484314400711,2.973684210526316,2.8315789473684214,0.9473684210526316
78.72868324375486,2.973684210526316,2.8315789473684214,1.0
1198.1239791079868,2.973684210526316,2.8842105263157896,0.0
678.8140078706925,2.973684210526316,2.8842105263157896,0.0526315789473684
412.1760236406303,2.973684210526316,2.8842105263157896,0.1052631578947368
267.8620243014512,2.973684210526316,2.8842105263157896,0.1578947368421052
185.3368088864609,2.973684210526316,2.8842105263157896,0.2105263157894736
135.70113155084746,2.973684210526316,2.8842105263157896,0.2631578947368421
104.65430870303088,2.973684210526316,2.8842105263157896,0.3157894736842105
84.79399675453269,2.973684210526316,2.8842105263157896,0.3684210526315789
72.07918270559648,2.973684210526316,2.8842105263157896,0.4210526315789473
64.17125423862142,2.973684210526316,2.8842105263157896,0.4736842105263157
59.637372643648526,2.973684210526316,2.8842105263157896,0.5263157894736842
57.55461315318416,2.973684210526316,2.8842105263157896,0.5789473684210527
57.28556694118747,2.973684210526316,2.8842105263157896,0.631578947368421
58.3809140008576,2.973684210526316,2.8842105263157896,0.6842105263157894
60.51657205277002,2.973684210526316,2.8842105263157896,0.7368421052631579
63.46065116820069,2.973684210526316,2.8842105263157896,0.7894736842105263
67.02872681366163,2.973684210526316,2.8842105263157896,0.8421052631578947
71.07854771101802,2.973684210526316,2.8842105263157896,0.894736842105263
75.51506361123934,2.973684210526316,2.8842105263157896,0.9473684210526316
80.26155559891569,2.973684210526316,2.8842105263157896,1.0
1770.4969612824552,2.973684210526316,2.936842105263158,0.0
985.6923256919528,2.973684210526316,2.936842105263158,0.0526315789473684
588.4134899772489,2.973684210526316,2.936842105263158,0.1052631578947368
376.5880228951145,2.973684210526316,2.936842105263158,0.1578947368421052
257.043406413922,2.973684210526316,2.936842105263158,0.2105263157894736
185.7286032776389,2.973684210526316,2.936842105263158,0.2631578947368421
141.12047446514063,2.973684210526316,2.936842105263158,0.3157894736842105
112.25386946633384,2.973684210526316,2.936842105263158,0.3684210526315789
93.2530730239028,2.973684210526316,2.936842105263158,0.4210526315789473
80.7851615596638,2.973684210526316,2.936842105263158,0.4736842105263157
72.8445379280455,2.973684210526316,2.936842105263158,0.5263157894736842
68.15992321977006,2.973684210526316,2.936842105263158,0.5789473684210527
65.88052705691955,2.973684210526316,2.936842105263158,0.631578947368421
65.40520913564941,2.973684210526316,2.936842105263158,0.6842105263157894
66.30258036600583,2.973684210526316,2.936842105263158,0.7368421052631579
68.25698571049993,2.973684210526316,2.936842105263158,0.7894736842105263
71.03912221852065,2.973684210526316,2.936842105263158,0.8421052631578947
74.464321946257,2.973684210526316,2.936842105263158,0.894736842105263
78.388907032642,2.973684210526316,2.936842105263158,0.9473684210526316
82.70362698144433,2.973684210526316,2.936842105263158,1.0
2626.9306706011444,2.973684210526316,2.9894736842105267,0.0
1436.2086909505406,2.973684210526316,2.9894736842105267,0.0526315789473684
841.7722151470349,2.973684210526316,2.9894736842105267,0.1052631578947368
529.7402420650404,2.973684210526316,2.9894736842105267,0.1578947368421052
356.3157117390884,2.973684210526316,2.9894736842105267,0.2105263157894736
254.10263424104645,2.973684210526316,2.9894736842105267,0.2631578947368421
190.54966184464823,2.973684210526316,2.9894736842105267,0.3157894736842105
149.31511749063344,2.973684210526316,2.9894736842105267,0.3684210526315789
121.79508783301507,2.973684210526316,2.9894736842105267,0.4210526315789473
103.20353453866797,2.973684210526316,2.9894736842105267,0.4736842105263157
90.71711293361524,2.973684210526316,2.9894736842105267,0.5263157894736842
82.5717821853227,2.973684210526316,2.9894736842105267,0.5789473684210527
77.61443475622282,2.973684210526316,2.9894736842105267,0.631578947368421
75.04406456666838,2.973684210526316,2.9894736842105267,0.6842105263157894
74.28641498714256,2.973684210526316,2.9894736842105267,0.7368421052631579
74.92216483192048,2.973684210526316,2.9894736842105267,0.7894736842105263
76.64079713494299,2.973684210526316,2.9894736842105267,0.8421052631578947
79.21339130367622,2.973684210526316,2.9894736842105267,0.894736842105263
82.45384389637702,2.973684210526316,2.9894736842105267,0.9473684210526316
86.21681192457412,2.973684210526316,2.9894736842105267,1.0
3914.1394491841897,2.973684210526316,3.042105263157895,0.0
2100.8303740985107,2.973684210526316,3.042105263157895,0.0526315789473684
1207.6036077695212,2.973684210526316,3.042105263157895,0.1052631578947368
746.0729472171555,2.973684210526316,3.042105263157895,0.1578947368421052
493.7869202472189,2.973684210526316,3.042105263157895,0.2105263157894736
347.3002706869989,2.973684210526316,3.042105263157895,0.2631578947368421
257.1715367227637,2.973684210526316,3.042105263157895,0.3157894736842105
198.9137220997446,2.973684210526316,3.042105263157895,0.3684210526315789
159.8465481487564,2.973684210526316,3.042105263157895,0.4210526315789473
133.04866333927927,2.973684210526316,3.042105263157895,0.4736842105263157
114.5172912162812,2.973684210526316,3.042105263157895,0.5263157894736842
101.7983378723577,2.973684210526316,3.042105263157895,0.5789473684210527
93.30509722049575,2.973684210526316,3.042105263157895,0.631578947368421
87.96806616641997,2.973684210526316,3.042105263157895,0.6842105263157894
85.02282422758904,2.973684210526316,3.042105263157895,0.7368421052631579
83.9139352216981,2.973684210526316,3.042105263157895,0.7894736842105263
84.22965386950582,2.973684210526316,3.042105263157895,0.8421052631578947
85.66201695494202,2.973684210526316,3.042105263157895,0.894736842105263
87.98070623449176,2.973684210526316,3.042105263157895,0.9473684210526316
90.99720448167696,2.973684210526316,3.042105263157895,1.0
5857.7645640850415,2.973684210526316,3.094736842105263,0.0
3086.6817476952083,2.973684210526316,3.094736842105263,0.0526315789473684
1738.8067954204726,2.973684210526316,3.094736842105263,0.1052631578947368
1053.0886984831643,2.973684210526316,3.094736842105263,0.1578947368421052
684.6854846831709,2.973684210526316,3.094736842105263,0.2105263157894736
474.3684974315023,2.973684210526316,3.094736842105263,0.2631578947368421
346.755374897212,2.973684210526316,3.094736842105263,0.3157894736842105
264.9731869260548,2.973684210526316,3.094736842105263,0.3684210526315789
210.22233708530405,2.973684210526316,3.094736842105263,0.4210526315789473
172.4263167051752,2.973684210526316,3.094736842105263,0.4736842105263157
145.8710280429028,2.973684210526316,3.094736842105263,0.5263157894736842
127.12066974863929,2.973684210526316,3.094736842105263,0.5789473684210527
113.99039064936169,2.973684210526316,3.094736842105263,0.631578947368421
105.02465458853806,2.973684210526316,3.094736842105263,0.6842105263157894
99.21179466461328,2.973684210526316,3.094736842105263,0.7368421052631579
95.8145600164166,2.973684210526316,3.094736842105263,0.7894736842105263
94.2900476606576,2.973684210526316,3.094736842105263,0.8421052631578947
94.23055705615567,2.973684210526316,3.094736842105263,0.894736842105263
95.32858367020634,2.973684210526316,3.094736842105263,0.9473684210526316
97.35093135980507,2.973684210526316,3.094736842105263,1.0
8805.875740616995,2.973684210526316,3.147368421052632,0.0
4557.3063348468295,2.973684210526316,3.147368421052632,0.0526315789473684
2514.995272990428,2.973684210526316,3.147368421052632,0.1052631578947368
1491.4120877285045,2.973684210526316,3.147368421052632,0.1578947368421052
951.0020846003088,2.973684210526316,3.147368421052632,0.2105263157894736
648.0510685067287,2.973684210526316,3.147368421052632,0.2631578947368421
467.2312636447392,2.973684210526316,3.147368421052632,0.3157894736842105
352.7699993397607,2.973684210526316,3.147368421052632,0.3684210526315789
276.64055100055054,2.973684210526316,3.147368421052632,0.4210526315789473
224.07910332479693,2.973684210526316,3.147368421052632,0.4736842105263157
186.87337822152085,2.973684210526316,3.147368421052632,0.5263157894736842
160.1816627515943,2.973684210526316,3.147368421052632,0.5789473684210527
140.98134293086105,2.973684210526316,3.147368421052632,0.631578947368421
127.28492864651608,2.973684210526316,3.147368421052632,0.6842105263157894
117.73424040992768,2.973684210526316,3.147368421052632,0.7368421052631579
111.35640132338958,2.973684210526316,3.147368421052632,0.7894736842105263
107.43415170279302,2.973684210526316,3.147368421052632,0.8421052631578947
105.43219780544854,2.973684210526316,3.147368421052632,0.894736842105263
104.94403148702902,2.973684210526316,3.147368421052632,0.9473684210526316
105.66085330302283,2.973684210526316,3.147368421052632,1.0
13296.831152262244,2.973684210526316,3.2,0.0
6763.334212267277,2.973684210526316,3.2,0.0526315789473684
3656.619045404964,2.973684210526316,3.2,0.1052631578947368
2121.4604304457007,2.973684210526316,3.2,0.1578947368421052
1324.7499793449442,2.973684210526316,3.2,0.2105263157894736
886.4544592436215,2.973684210526316,3.2,0.2631578947368421
629.5893902078159,2.973684210526316,3.2,0.3157894736842105
469.4505868696313,2.973684210526316,3.2,0.3684210526315789
364.039910835749,2.973684210526316,3.2,0.4210526315789473
291.5939959933306,2.973684210526316,3.2,0.4736842105263157
240.2318423487949,2.973684210526316,3.2,0.5263157894736842
203.08542599125727,2.973684210526316,3.2,0.5789473684210527
175.94791055977677,2.973684210526316,3.2,0.631578947368421
156.0996113653395,2.973684210526316,3.2,0.6842105263157894
141.69912348731188,2.973684210526316,3.2,0.7368421052631579
131.45771005758678,2.973684210526316,3.2,0.7894736842105263
124.42981452959776,2.973684210526316,3.2,0.8421052631578947
119.91160857447008,2.973684210526316,3.2,0.894736842105263
117.37145458487365,2.973684210526316,3.2,0.9473684210526316
116.40166659511252,2.973684210526316,3.2,1.0
123.9733780802936,3.0789473684210527,2.2,0.0
98.87737182175525,3.0789473684210527,2.2,0.0526315789473684
82.51441469777966,3.0789473684210527,2.2,0.1052631578947368
72.00479614816348,3.0789473684210527,2.2,0.1578947368421052
65.52630224139769,3.0789473684210527,2.2,0.2105263157894736
61.79076829285465,3.0789473684210527,2.2,0.2631578947368421
59.89298039202953,3.0789473684210527,2.2,0.3157894736842105
59.35074690541726,3.0789473684210527,2.2,0.3684210526315789
59.826234706506,3.0789473684210527,2.2,0.4210526315789473
61.07659728976721,3.0789473684210527,2.2,0.4736842105263157
62.924195827594914,3.0789473684210527,2.2,0.5263157894736842
65.23811905405813,3.0789473684210527,2.2,0.5789473684210527
67.9270714862238,3.0789473684210527,2.2,0.631578947368421
70.9152853036845,3.0789473684210527,2.2,0.6842105263157894
74.14248393783527,3.0789473684210527,2.2,0.7368421052631579
77.56149755763015,3.0789473684210527,2.2,0.7894736842105263
81.1364175226937,3.0789473684210527,2.2,0.8421052631578947
84.86769972386536,3.0789473684210527,2.2,0.894736842105263
88.74074052118785,3.0789473684210527,2.2,0.9473684210526316
92.73238610994989,3.0789473684210527,2.2,1.0
105.47539559341122,3.0789473684210527,2.2526315789473688,0.0
83.46812598741607,3.0789473684210527,2.2526315789473688,0.0526315789473684
69.47208258957107,3.0789473684210527,2.2526315789473688,0.1052631578947368
60.7839219979339,3.0789473684210527,2.2526315789473688,0.1578947368421052
55.70882361343892,3.0789473684210527,2.2526315789473688,0.2105263157894736
52.99604946049693,3.0789473684210527,2.2526315789473688,0.2631578947368421
51.9480142344193,3.0789473684210527,2.2526315789473688,0.3157894736842105
52.1258336975303,3.0789473684210527,2.2526315789473688,0.3684210526315789
53.22124070154366,3.0789473684210527,2.2526315789473688,0.4210526315789473
55.0129528478486,3.0789473684210527,2.2526315789473688,0.4736842105263157
57.339625079336834,3.0789473684210527,2.2526315789473688,0.5263157894736842
60.08891274929373,3.0789473684210527,2.2526315789473688,0.5789473684210527
63.17143463617168,3.0789473684210527,2.2526315789473688,0.631578947368421
66.51627288772481,3.0789473684210527,2.2526315789473688,0.6842105263157894
70.06853495181194,3.0789473684210527,2.2526315789473688,0.7368421052631579
73.79067147510062,3.0789473684210527,2.2526315789473688,0.7894736842105263
77.68172841300448,3.0789473684210527,2.2526315789473688,0.8421052631578947
81.7168771869824,3.0789473684210527,2.2526315789473688,0.894736842105263
85.87071343428553,3.0789473684210527,2.2526315789473688,0.9473684210526316
90.12243703383322,3.0789473684210527,2.2526315789473688,1.0
92.64529857466232,3.0789473684210527,2.305263157894737,0.0
72.08644676308325,3.0789473684210527,2.305263157894737,0.0526315789473684
59.419142779738415,3.0789473684210527,2.305263157894737,0.1052631578947368
51.85226500331245,3.0789473684210527,2.305263157894737,0.1578947368421052
47.608923229070406,3.0789473684210527,2.305263157894737,0.2105263157894736
45.56965686131765,3.0789473684210527,2.305263157894737,0.2631578947368421
45.11243789862989,3.0789473684210527,2.305263157894737,0.3157894736842105
45.81239899461435,3.0789473684210527,2.305263157894737,0.3684210526315789
47.37368036372144,3.0789473684210527,2.305263157894737,0.4210526315789473
49.58512337063174,3.0789473684210527,2.305263157894737,0.4736842105263157
52.29985789585413,3.0789473684210527,2.305263157894737,0.5263157894736842
55.40635350938955,3.0789473684210527,2.305263157894737,0.5789473684210527
58.81681736771745,3.0789473684210527,2.305263157894737,0.631578947368421
62.46414575810591,3.0789473684210527,2.305263157894737,0.6842105263157894
66.30831357945867,3.0789473684210527,2.305263157894737,0.7368421052631579
70.33931712428716,3.0789473684210527,2.305263157894737,0.7894736842105263
74.52300246865866,3.0789473684210527,2.305263157894737,0.8421052631578947
78.83030443918109,3.0789473684210527,2.305263157894737,0.894736842105263
83.23768232357368,3.0789473684210527,2.305263157894737,0.9473684210526316
87.72596690445756,3.0789473684210527,2.305263157894737,1.0
85.9034937315412,3.0789473684210527,2.357894736842105,0.0
64.95510021343107,3.0789473684210527,2.357894736842105,0.0526315789473684
52.47306450487925,3.0789473684210527,2.357894736842105,0.1052631578947368
45.25066125245427,3.0789473684210527,2.357894736842105,0.1578947368421052
41.30795442483637,3.0789473684210527,2.357894736842105,0.2105263157894736
39.58016092881351,3.0789473684210527,2.357894736842105,0.2631578947368421
39.4388589260273,3.0789473684210527,2.357894736842105,0.3157894736842105
40.45138032990779,3.0789473684210527,2.357894736842105,0.3684210526315789
42.31558477007452,3.0789473684210527,2.357894736842105,0.4210526315789473
44.8236395625095,3.0789473684210527,2.357894736842105,0.4736842105263157
47.825317930711456,3.0789473684210527,2.357894736842105,0.5263157894736842
51.2044810834174,3.0789473684210527,2.357894736842105,0.5789473684210527
54.87377842234051,3.0789473684210527,2.357894736842105,0.631578947368421
58.7872017647866,3.0789473684210527,2.357894736842105,0.6842105263157894
62.91666730110657,3.0789473684210527,2.357894736842105,0.7368421052631579
67.21808997015917,3.0789473684210527,2.357894736842105,0.7894736842105263
71.65635951423316,3.0789473684210527,2.357894736842105,0.8421052631578947
76.20337350890057,3.0789473684210527,2.357894736842105,0.894736842105263
80.83650686759196,3.0789473684210527,2.357894736842105,0.9473684210526316
85.53745961950386,3.0789473684210527,2.357894736842105,1.0
86.1713865518676,3.0789473684210527,2.4105263157894736,0.0
62.60064507558427,3.0789473684210527,2.4105263157894736,0.0526315789473684
48.95775232625736,3.0789473684210527,2.4105263157894736,0.1052631578947368
41.15419474149863,3.0789473684210527,2.4105263157894736,0.1578947368421052
36.95276248955205,3.0789473684210527,2.4105263157894736,0.2105263157894736
35.159494503481056,3.0789473684210527,2.4105263157894736,0.2631578947368421
35.0360839822405,3.0789473684210527,2.4105263157894736,0.3157894736842105
36.12818166775421,3.0789473684210527,2.4105263157894736,0.3684210526315789
38.119156690545154,3.0789473684210527,2.4105263157894736,0.4210526315789473
40.78501477585802,3.0789473684210527,2.4105263157894736,0.4736842105263157
43.958838960591294,3.0789473684210527,2.4105263157894736,0.5263157894736842
47.51844139374128,3.0789473684210527,2.4105263157894736,0.5789473684210527
51.4016219258714,3.0789473684210527,2.4105263157894736,0.631578947368421
55.55198823036409,3.0789473684210527,2.4105263157894736,0.6842105263157894
59.9117860872196,3.0789473684210527,2.4105263157894736,0.7368421052631579
64.43575391992995,3.0789473684210527,2.4105263157894736,0.7894736842105263
69.0881273529314,3.0789473684210527,2.4105263157894736,0.8421052631578947
73.84045683019235,3.0789473684210527,2.4105263157894736,0.894736842105263
78.6699913478083,3.0789473684210527,2.4105263157894736,0.9473684210526316
83.55846433710869,3.0789473684210527,2.4105263157894736,1.0
95.0358418630054,3.0789473684210527,2.463157894736842,0.0
65.93652804367525,3.0789473684210527,2.463157894736842,0.0526315789473684
49.402825444481536,3.0789473684210527,2.463157894736842,0.1052631578947368
39.95375438716651,3.0789473684210527,2.463157894736842,0.1578947368421052
34.82185868586873,3.0789473684210527,2.463157894736842,0.2105263157894736
32.4917021670856,3.0789473684210527,2.463157894736842,0.2631578947368421
32.06637248741154,3.0789473684210527,2.463157894736842,0.3157894736842105
32.983711298671544,3.0789473684210527,2.463157894736842,0.3684210526315789
34.89806192791674,3.0789473684210527,2.463157894736842,0.4210526315789473
37.557055836986514,3.0789473684210527,2.463157894736842,0.4736842105263157
40.77508876019391,3.0789473684210527,2.463157894736842,0.5263157894736842
44.449068021912254,3.0789473684210527,2.463157894736842,0.5789473684210527
48.482447166179206,3.0789473684210527,2.463157894736842,0.631578947368421
52.79393012658608,3.0789473684210527,2.463157894736842,0.6842105263157894
57.32085192561341,3.0789473684210527,2.463157894736842,0.7368421052631579
62.01440651908714,3.0789473684210527,2.463157894736842,0.7894736842105263
66.8362666160432,3.0789473684210527,2.463157894736842,0.8421052631578947
71.75613719834159,3.0789473684210527,2.463157894736842,0.894736842105263
76.74995271309314,3.0789473684210527,2.463157894736842,0.9473684210526316
81.79852825451758,3.0789473684210527,2.463157894736842,1.0
114.97121401832776,3.0789473684210527,2.515789473684211,0.0
76.38788685560918,3.0789473684210527,2.515789473684211,0.0526315789473684
54.665708776571165,3.0789473684210527,2.515789473684211,0.1052631578947368
42.245846920525736,3.0789473684210527,2.515789473684211,0.1578947368421052
35.33519088111333,3.0789473684210527,2.515789473684211,0.2105263157894736
31.88751268199736,3.0789473684210527,2.515789473684211,0.2631578947368421
30.74511432653952,3.0789473684210527,2.515789473684211,0.3157894736842105
31.20496369832745,3.0789473684210527,2.515789473684211,0.3684210526315789
32.8111901267514,3.0789473684210527,2.515789473684211,0.4210526315789473
35.27681848006473,3.0789473684210527,2.515789473684211,0.4736842105263157
38.428374171118975,3.0789473684210527,2.515789473684211,0.5263157894736842
42.10470591921646,3.0789473684210527,2.515789473684211,0.5789473684210527
46.18215455659384,3.0789473684210527,2.515789473684211,0.631578947368421
50.567393400361205,3.0789473684210527,2.515789473684211,0.6842105263157894
55.188986879237696,3.0789473684210527,2.515789473684211,0.7368421052631579
59.99164988022936,3.0789473684210527,2.515789473684211,0.7894736842105263
64.93222655861453,3.0789473684210527,2.515789473684211,0.8421052631578947
69.9768046499119,3.0789473684210527,2.515789473684211,0.894736842105263
75.09860318978319,3.0789473684210527,2.515789473684211,0.9473684210526316
80.27640073826468,3.0789473684210527,2.515789473684211,1.0
149.7418182693591,3.0789473684210527,2.568421052631579,0.0
95.98948840780297,3.0789473684210527,2.568421052631579,0.0526315789473684
66.0275199303645,3.0789473684210527,2.568421052631579,0.1052631578947368
48.88397891331501,3.0789473684210527,2.568421052631579,0.1578947368421052
39.089906767950666,3.0789473684210527,2.568421052631579,0.2105263157894736
33.78949099707504,3.0789473684210527,2.568421052631579,0.2631578947368421
31.41291430043993,3.0789473684210527,2.568421052631579,0.3157894736842105
31.03190390935676,3.0789473684210527,2.568421052631579,0.3684210526315789
32.069377013161905,3.0789473684210527,2.568421052631579,0.4210526315789473
34.17108667465104,3.0789473684210527,2.568421052631579,0.4736842105263157
37.07674127925248,3.0789473684210527,2.568421052631579,0.5263157894736842
40.6002919622578,3.0789473684210527,2.568421052631579,0.5789473684210527
44.5958384097074,3.0789473684210527,2.568421052631579,0.631578947368421
48.951581931505245,3.0789473684210527,2.568421052631579,0.6842105263157894
53.58255010795841,3.0789473684210527,2.568421052631579,0.7368421052631579
58.4233792184418,3.0789473684210527,2.568421052631579,0.7894736842105263
63.42332107853709,3.0789473684210527,2.568421052631579,0.8421052631578947
68.54269487690678,3.0789473684210527,2.568421052631579,0.894736842105263
73.75031025577832,3.0789473684210527,2.568421052631579,0.9473684210526316
79.02156205952443,3.0789473684210527,2.568421052631579,1.0
205.08539504296456,3.0789473684210527,2.6210526315789475,0.0
127.87385415488158,3.0789473684210527,2.6210526315789475,0.0526315789473684
85.32704961804988,3.0789473684210527,2.6210526315789475,0.1052631578947368
61.01429313746925,3.0789473684210527,2.6210526315789475,0.1578947368421052
46.87660894859789,3.0789473684210527,2.6210526315789475,0.2105263157894736
38.79102218292648,3.0789473684210527,2.6210526315789475,0.2631578947368421
34.527426491257,3.0789473684210527,2.6210526315789475,0.3157894736842105
32.840218740207725,3.0789473684210527,2.6210526315789475,0.3684210526315789
32.98739946547739,3.0789473684210527,2.6210526315789475,0.4210526315789473
34.455852814441265,3.0789473684210527,2.6210526315789475,0.4736842105263157
36.90320741702454,3.0789473684210527,2.6210526315789475,0.5263157894736842
40.09304658963994,3.0789473684210527,2.6210526315789475,0.5789473684210527
43.8539604931885,3.0789473684210527,2.6210526315789475,0.631578947368421
48.05556870963956,3.0789473684210527,2.6210526315789475,0.6842105263157894
52.59334185669008,3.0789473684210527,2.6210526315789475,0.7368421052631579
57.3873259104367,3.0789473684210527,2.6210526315789475,0.7894736842105263
62.3757379275894,3.0789473684210527,2.6210526315789475,0.8421052631578947
67.51046319423088,3.0789473684210527,2.6210526315789475,0.894736842105263
72.7538128394013,3.0789473684210527,2.6210526315789475,0.9473684210526316
78.07614335324664,3.0789473684210527,2.6210526315789475,1.0
289.5498825064374,3.0789473684210527,2.673684210526316,0.0
176.7022097842249,3.0789473684210527,2.673684210526316,0.0526315789473684
115.26968436009732,3.0789473684210527,2.673684210526316,0.1052631578947368
80.31485246220966,3.0789473684210527,2.673684210526316,0.1578947368421052
59.79086853028311,3.0789473684210527,2.673684210526316,0.2105263157894736
47.63667793637258,3.0789473684210527,2.673684210526316,0.2631578947368421
40.675444853660736,3.0789473684210527,2.673684210526316,0.3157894736842105
37.128182790138965,3.0789473684210527,2.673684210526316,0.3684210526315789
35.93298456918906,3.0789473684210527,2.673684210526316,0.4210526315789473
36.41499341646863,3.0789473684210527,2.673684210526316,0.4736842105263157
38.13238168381491,3.0789473684210527,2.673684210526316,0.5263157894736842
40.77712182173943,3.0789473684210527,2.673684210526316,0.5789473684210527
44.12965553605159,3.0789473684210527,2.673684210526316,0.631578947368421
48.02469386381392,3.0789473684210527,2.673684210526316,0.6842105263157894
52.34392795457324,3.0789473684210527,2.673684210526316,0.7368421052631579
56.98752866775301,3.0789473684210527,2.673684210526316,0.7894736842105263
61.8783236917247,3.0789473684210527,2.673684210526316,0.8421052631578947
66.95641223465596,3.0789473684210527,2.673684210526316,0.894736842105263
72.17499249135288,3.0789473684210527,2.673684210526316,0.9473684210526316
77.49732092924987,3.0789473684210527,2.673684210526316,1.0
416.0132361897487,3.0789473684210527,2.726315789473684,0.0
249.31316939380017,3.0789473684210527,2.726315789473684,0.0526315789473684
159.73685035974654,3.0789473684210527,2.726315789473684,0.1052631578947368
109.16186189231703,3.0789473684210527,2.726315789473684,0.1578947368421052
79.39124067304107,3.0789473684210527,2.726315789473684,0.2105263157894736
61.44235839054945,3.0789473684210527,2.726315789473684,0.2631578947368421
50.64621064380244,3.0789473684210527,2.726315789473684,0.3157894736842105
44.43787493527942,3.0789473684210527,2.726315789473684,0.3684210526315789
41.32861538546974,3.0789473684210527,2.726315789473684,0.4210526315789473
40.40664345240391,3.0789473684210527,2.726315789473684,0.4736842105263157
41.0674436586823,3.0789473684210527,2.726315789473684,0.5263157894736842
42.899013865591975,3.0789473684210527,2.726315789473684,0.5789473684210527
45.626800250739926,3.0789473684210527,2.726315789473684,0.631578947368421
49.04587536634205,3.0789473684210527,2.726315789473684,0.6842105263157894
52.99435672060126,3.0789473684210527,2.726315789473684,0.7368421052631579
57.35995269562376,3.0789473684210527,2.726315789473684,0.7894736842105263
62.04732429581824,3.0789473684210527,2.726315789473684,0.8421052631578947
66.98052173900388,3.0789473684210527,2.726315789473684,0.894736842105263
72.10032303590924,3.0789473684210527,2.726315789473684,0.9473684210526316
77.36028853889863,3.0789473684210527,2.726315789473684,1.0
603.8422644566365,3.0789473684210527,2.778947368421053,0.0
355.77609727895003,3.0789473684210527,2.778947368421053,0.0526315789473684
224.3190946180573,3.0789473684210527,2.778947368421053,0.1052631578947368
150.89683833717368,3.0789473684210527,2.778947368421053,0.1578947368421052
107.86253489433922,3.0789473684210527,2.778947368421053,0.2105263157894736
81.6929842262348,3.0789473684210527,2.778947368421053,0.2631578947368421
65.4888452916769,3.0789473684210527,2.778947368421053,0.3157894736842105
55.54651900991043,3.0789473684210527,2.778947368421053,0.3684210526315789
49.75957274963124,3.0789473684210527,2.778947368421053,0.4210526315789473
46.86123142679698,3.0789473684210527,2.778947368421053,0.4736842105263157
46.042931053597485,3.0789473684210527,2.778947368421053,0.5263157894736842
46.753030824593374,3.0789473684210527,2.778947368421053,0.5789473684210527
48.60702551994506,3.0789473684210527,2.778947368421053,0.631578947368421
51.33567416915172,3.0789473684210527,2.778947368421053,0.6842105263157894
54.7433080948548,3.0789473684210527,2.778947368421053,0.7368421052631579
58.67953536952957,3.0789473684210527,2.778947368421053,0.7894736842105263
63.03230765812851,3.0789473684210527,2.778947368421053,0.8421052631578947
67.71146669338655,3.0789473684210527,2.778947368421053,0.894736842105263
72.64115313833344,3.0789473684210527,2.778947368421053,0.9473684210526316
77.76193668152293,3.0789473684210527,2.778947368421053,1.0
882.2318344977315,3.0789473684210527,2.8315789473684214,0.0
510.9945556192735,3.0789473684210527,2.8315789473684214,0.0526315789473684
317.1171874178734,3.0789473684210527,2.8315789473684214,0.1052631578947368
210.2776559211543,3.0789473684210527,2.8315789473684214,0.1578947368421052
148.16641028013612,3.0789473684210527,2.8315789473684214,0.2105263157894736
110.35867716491111,3.0789473684210527,2.8315789473684214,0.2631578947368421
86.60093730605725,3.0789473684210527,2.8315789473684214,0.3157894736842105
71.49086366829387,3.0789473684210527,2.8315789473684214,0.3684210526315789
62.0187403499425,3.0789473684210527,2.8315789473684214,0.4210526315789473
56.40523366846801,3.0789473684210527,2.8315789473684214,0.4736842105263157
53.54350619030461,3.0789473684210527,2.8315789473684214,0.5263157894736842
52.69591160683308,3.0789473684210527,2.8315789473684214,0.5789473684210527
53.34951995576352,3.0789473684210527,2.8315789473684214,0.631578947368421
55.13930603075588,3.0789473684210527,2.8315789473684214,0.6842105263157894
57.80638200786327,3.0789473684210527,2.8315789473684214,0.7368421052631579
61.15251232301161,3.0789473684210527,2.8315789473684214,0.7894736842105263
65.02309424239121,3.0789473684210527,2.8315789473684214,0.8421052631578947
69.31285775841218,3.0789473684210527,2.8315789473684214,0.894736842105263
73.9390149906205,3.0789473684210527,2.8315789473684214,0.9473684210526316
78.8253998390211,3.0789473684210527,2.8315789473684214,1.0
1295.3879120112165,3.0789473684210527,2.8842105263157896,0.0
737.1675540015434,3.0789473684210527,2.8842105263157896,0.0526315789473684
449.9585313950384,3.0789473684210527,2.8842105263157896,0.1052631578947368
294.0027045921566,3.0789473684210527,2.8842105263157896,0.1578947368421052
204.38683846890785,3.0789473684210527,2.8842105263157896,0.2105263157894736
150.11579009421445,3.0789473684210527,2.8842105263157896,0.2631578947368421
115.84708739850802,3.0789473684210527,2.8842105263157896,0.3157894736842105
93.63549762376395,3.0789473684210527,2.8842105263157896,0.3684210526315789
79.14083887542833,3.0789473684210527,2.8842105263157896,0.4210526315789473
69.84924829122654,3.0789473684210527,2.8842105263157896,0.4736842105263157
64.21775655681479,3.0789473684210527,2.8842105263157896,0.5263157894736842
61.25251267892408,3.0789473684210527,2.8842105263157896,0.5789473684210527
60.2672126933375,3.0789473684210527,2.8842105263157896,0.631578947368421
60.7764869280756,3.0789473684210527,2.8842105263157896,0.6842105263157894
62.428612353032456,3.0789473684210527,2.8842105263157896,0.7368421052631579
64.97108724368444,3.0789473684210527,2.8842105263157896,0.7894736842105263
68.2066240986372,3.0789473684210527,2.8842105263157896,0.8421052631578947
71.97981300025943,3.0789473684210527,2.8842105263157896,0.894736842105263
76.17211759958978,3.0789473684210527,2.8842105263157896,0.9473684210526316
80.7056723332104,3.0789473684210527,2.8842105263157896,1.0
1910.5636386410256,3.0789473684210527,2.936842105263158,0.0
1067.535183425885,3.0789473684210527,2.936842105263158,0.0526315789473684
640.1164268633544,3.0789473684210527,2.936842105263158,0.1052631578947368
411.6507919302473,3.0789473684210527,2.936842105263158,0.1578947368421052
282.23226549657335,3.0789473684210527,2.936842105263158,0.2105263157894736
204.61911258009573,3.0789473684210527,2.936842105263158,0.2631578947368421
155.72354722705992,3.0789473684210527,2.936842105263158,0.3157894736842105
123.77883758075204,3.0789473684210527,2.936842105263158,0.3684210526315789
102.4762970722975,3.0789473684210527,2.936842105263158,0.4210526315789473
88.23479686138514,3.0789473684210527,2.936842105263158,0.4736842105263157
78.89743912479346,3.0789473684210527,2.936842105263158,0.5263157894736842
73.09378378894371,3.0789473684210527,2.936842105263158,0.5789473684210527
69.90868779962389,3.0789473684210527,2.936842105263158,0.631578947368421
68.69387349584764,3.0789473684210527,2.936842105263158,0.6842105263157894
68.98316638761048,3.0789473684210527,2.936842105263158,0.7368421052631579
70.4335671434622,3.0789473684210527,2.936842105263158,0.7894736842105263
72.79593330223193,3.0789473684210527,2.936842105263158,0.8421052631578947
75.872340853363,3.0789473684210527,2.936842105263158,0.894736842105263
79.50658328539457,3.0789473684210527,2.936842105263158,0.9473684210526316
83.57731588210113,3.0789473684210527,2.936842105263158,1.0
2830.4467982649203,3.0789473684210527,2.9894736842105267,0.0
1552.0496847304648,3.0789473684210527,2.9894736842105267,0.0526315789473684
913.093607193646,3.0789473684210527,2.9894736842105267,0.1052631578947368
577.0519778472313,3.0789473684210527,2.9894736842105267,0.1578947368421052
389.74230800538265,3.0789473684210527,2.9894736842105267,0.2105263157894736
278.8923903446305,3.0789473684210527,2.9894736842105267,0.2631578947368421
209.5888412036716,3.0789473684210527,2.9894736842105267,0.3157894736842105
164.29876709585128,3.0789473684210527,2.9894736842105267,0.3684210526315789
133.78688983905215,3.0789473684210527,2.9894736842105267,0.4210526315789473
112.91277946842192,3.0789473684210527,2.9894736842105267,0.4736842105263157
98.6416492496572,3.0789473684210527,2.9894736842105267,0.5263157894736842
89.07532780153649,3.0789473684210527,2.9894736842105267,0.5789473684210527
82.97028988546698,3.0789473684210527,2.9894736842105267,0.631578947368421
79.46526918882392,3.0789473684210527,2.9894736842105267,0.6842105263157894
77.94031852977984,3.0789473684210527,2.9894736842105267,0.7368421052631579
77.94219693043141,3.0789473684210527,2.9894736842105267,0.7894736842105263
79.13313688442287,3.0789473684210527,2.9894736842105267,0.8421052631578947
81.26497371212713,3.0789473684210527,2.9894736842105267,0.894736842105263
84.1378997115753,3.0789473684210527,2.9894736842105267,0.9473684210526316
87.59390479366436,3.0789473684210527,2.9894736842105267,1.0
4212.351997645112,3.0789473684210527,3.042105263157895,0.0
2266.27959961566,3.0789473684210527,3.042105263157895,0.0526315789473684
1306.8092624843746,3.0789473684210527,3.042105263157895,0.1052631578947368
810.3297024363674,3.0789473684210527,3.042105263157895,0.1578947368421052
538.3319137881147,3.0789473684210527,3.042105263157895,0.2105263157894736
379.8930579643973,3.0789473684210527,3.042105263157895,0.2631578947368421
281.9894958161801,3.0789473684210527,3.042105263157895,0.3157894736842105
218.3535642310567,3.0789473684210527,3.042105263157895,0.3684210526315789
175.37782933890088,3.0789473684210527,3.042105263157895,0.4210526315789473
145.63099751399835,3.0789473684210527,3.042105263157895,0.4736842105263157
124.81247736019364,3.0789473684210527,3.042105263157895,0.5263157894736842
110.28343922344934,3.0789473684210527,3.042105263157895,0.5789473684210527
100.33519788882876,3.0789473684210527,3.042105263157895,0.631578947368421
93.8154580458318,3.0789473684210527,3.042105263157895,0.6842105263157894
89.90130109781828,3.0789473684210527,3.042105263157895,0.7368421052631579
87.99297905134144,3.0789473684210527,3.042105263157895,0.7894736842105263
87.64538277742095,3.0789473684210527,3.042105263157895,0.8421052631578947
88.52323241674524,3.0789473684210527,3.042105263157895,0.894736842105263
90.3774100658818,3.0789473684210527,3.042105263157895,0.9473684210526316
93.00520124286793,3.0789473684210527,3.042105263157895,1.0
6298.209811363284,3.0789473684210527,3.094736842105263,0.0
3325.0947351078457,3.0789473684210527,3.094736842105263,0.0526315789473684
1877.9971653457592,3.0789473684210527,3.094736842105263,0.1052631578947368
1140.9881804782524,3.0789473684210527,3.094736842105263,0.1578947368421052
744.3442250657405,3.0789473684210527,3.094736842105263,0.2105263157894736
517.3352405012963,3.0789473684210527,3.094736842105263,0.2631578947368421
379.1239482324767,3.0789473684210527,3.094736842105263,0.3157894736842105
290.1613726366366,3.0789473684210527,3.094736842105263,0.3684210526315789
230.2774620379272,3.0789473684210527,3.094736842105263,0.4210526315789473
188.6564814065024,3.0789473684210527,3.094736842105263,0.4736842105263157
159.16161673388856,3.0789473684210527,3.094736842105263,0.5263157894736842
138.1002803958875,3.0789473684210527,3.094736842105263,0.5789473684210527
123.12241254030536,3.0789473684210527,3.094736842105263,0.631578947368421
112.65940151589956,3.0789473684210527,3.094736842105263,0.6842105263157894
105.62244191541286,3.0789473684210527,3.094736842105263,0.7368421052631579
101.2169572309173,3.0789473684210527,3.094736842105263,0.7894736842105263
98.85666779960104,3.0789473684210527,3.094736842105263,0.8421052631578947
98.10081861482334,3.0789473684210527,3.094736842105263,0.894736842105263
98.61439257816912,3.0789473684210527,3.094736842105263,0.9473684210526316
100.14570614054574,3.0789473684210527,3.094736842105263,1.0
9461.204478152998,3.0789473684210527,3.147368421052632,0.0
4903.852601184216,3.0789473684210527,3.147368421052632,0.0526315789473684
2712.033216009598,3.0789473684210527,3.147368421052632,0.1052631578947368
1612.6016301700638,3.0789473684210527,3.147368421052632,0.1578947368421052
1031.3739810869563,3.0789473684210527,3.147368421052632,0.2105263157894736
704.8980261722153,3.0789473684210527,3.147368421052632,0.2631578947368421
509.5087195758816,3.0789473684210527,3.147368421052632,0.3157894736842105
385.3921762575482,3.0789473684210527,3.147368421052632,0.3684210526315789
302.48362163720856,3.0789473684210527,3.147368421052632,0.4210526315789473
244.9400353024249,3.0789473684210527,3.147368421052632,0.4736842105263157
203.9445835721703,3.0789473684210527,3.147368421052632,0.5263157894736842
174.29595412397478,3.0789473684210527,3.147368421052632,0.5789473684210527
152.74470864029922,3.0789473684210527,3.147368421052632,0.631578947368421
137.15245785959468,3.0789473684210527,3.147368421052632,0.6842105263157894
126.05462300153148,3.0789473684210527,3.147368421052632,0.7368421052631579
118.4052109887545,3.0789473684210527,3.147368421052632,0.7894736842105263
113.43041608306991,3.0789473684210527,3.147368421052632,0.8421052631578947
110.5521526477163,3.0789473684210527,3.147368421052632,0.894736842105263
109.33096591822712,3.0789473684210527,3.147368421052632,0.9473684210526316
109.43023922722637,3.0789473684210527,3.147368421052632,1.0
14278.523940458212,3.0789473684210527,3.2,0.0
7271.27600989561,3.0789473684210527,3.2,0.0526315789473684
3938.075588735952,3.0789473684210527,3.2,0.1052631578947368
2289.966004957406,3.0789473684210527,3.2,0.1578947368421052
1433.7631260100427,3.0789473684210527,3.2,0.2105263157894736
962.0117401173272,3.0789473684210527,3.2,0.2631578947368421
684.9427411563956,3.0789473684210527,3.2,0.3157894736842105
511.7222092295335,3.0789473684210527,3.2,0.3684210526315789
397.3040862408458,3.0789473684210527,3.2,0.4210526315789473
318.3388647305806,3.0789473684210527,3.2,0.4736842105263157
262.0745220337392,3.0789473684210527,3.2,0.5263157894736842
221.13568703623068,3.0789473684210527,3.2,0.5789473684210527
191.00192982752156,3.0789473684210527,3.2,0.631578947368421
168.74876063577184,3.0789473684210527,3.2,0.6842105263157894
152.39387391748966,3.0789473684210527,3.2,0.7368421052631579
140.54870288249256,3.0789473684210527,3.2,0.7894736842105263
132.1958100539431,3.0789473684210527,3.2,0.8421052631578947
126.57581103734007,3.0789473684210527,3.2,0.894736842105263
123.114577598648,3.0789473684210527,3.2,0.9473684210526316
121.37141568950562,3.0789473684210527,3.2,1.0
130.33757406686334,3.1842105263157894,2.2,0.0
103.85630272050165,3.1842105263157894,2.2,0.0526315789473684
86.4756837257441,3.1842105263157894,2.2,0.1052631578947368
75.19953300738256,3.1842105263157894,2.2,0.1578947368421052
68.13193366979378,3.1842105263157894,2.2,0.2105263157894736
63.95138051861837,3.1842105263157894,2.2,0.2631578947368421
61.70016002255398,3.1842105263157894,2.2,0.3157894736842105
60.870725194126194,3.1842105263157894,2.2,0.3684210526315789
61.11038541291681,3.1842105263157894,2.2,0.4210526315789473
62.16546887975135,3.1842105263157894,2.2,0.4736842105263157
63.850291177107685,3.1842105263157894,2.2,0.5263157894736842
66.02704565575051,3.1842105263157894,2.2,0.5789473684210527
68.59912210395058,3.1842105263157894,2.2,0.631578947368421
71.48890705053655,3.1842105263157894,2.2,0.6842105263157894
74.63320195077495,3.1842105263157894,2.2,0.7368421052631579
77.9825057326664,3.1842105263157894,2.2,0.7894736842105263
81.49768046258728,3.1842105263157894,2.2,0.8421052631578947
85.16205183562153,3.1842105263157894,2.2,0.894736842105263
88.97742287335394,3.1842105263157894,2.2,0.9473684210526316
92.92033064525891,3.1842105263157894,2.2,1.0
111.6011569939231,3.1842105263157894,2.2526315789473688,0.0
88.22272100493484,3.1842105263157894,2.2526315789473688,0.0526315789473684
73.23191623791253,3.1842105263157894,2.2526315789473688,0.1052631578947368
63.79244425789369,3.1842105263157894,2.2526315789473688,0.1578947368421052
58.14428070278209,3.1842105263157894,2.2526315789473688,0.2105263157894736
54.993157432132136,3.1842105263157894,2.2526315789473688,0.2631578947368421
53.59391777148766,3.1842105263157894,2.2526315789473688,0.3157894736842105
53.48678329569197,3.1842105263157894,2.2526315789473688,0.3684210526315789
54.34866891782856,3.1842105263157894,2.2526315789473688,0.4210526315789473
55.9475048972993,3.1842105263157894,2.2526315789473688,0.4736842105263157
58.11345708059935,3.1842105263157894,2.2526315789473688,0.5263157894736842
60.726699286507696,3.1842105263157894,2.2526315789473688,0.5789473684210527
63.69537743112852,3.1842105263157894,2.2526315789473688,0.631578947368421
66.94486097999376,3.1842105263157894,2.2526315789473688,0.6842105263157894
70.41732096280133,3.1842105263157894,2.2526315789473688,0.7368421052631579
74.0675592373259,3.1842105263157894,2.2526315789473688,0.7894736842105263
77.88442125795994,3.1842105263157894,2.2526315789473688,0.8421052631578947
81.85669187498547,3.1842105263157894,2.2526315789473688,0.894736842105263
85.95757044562491,3.1842105263157894,2.2526315789473688,0.9473684210526316
90.1650954631862,3.1842105263157894,2.2526315789473688,1.0
98.85617243988224,3.1842105263157894,2.305263157894737,0.0
76.85020559202857,3.1842105263157894,2.305263157894737,0.0526315789473684
63.14886970142505,3.1842105263157894,2.305263157894737,0.1052631578947368
54.81236255397703,3.1842105263157894,2.305263157894737,0.1578947368421052
49.99341139058566,3.1842105263157894,2.305263157894737,0.2105263157894736
47.498123557681375,3.1842105263157894,2.305263157894737,0.2631578947368421
46.67678467155192,3.1842105263157894,2.305263157894737,0.3157894736842105
47.082223528882594,3.1842105263157894,2.305263157894737,0.3684210526315789
48.40289341367456,3.1842105263157894,2.305263157894737,0.4210526315789473
50.41614790097658,3.1842105263157894,2.305263157894737,0.4736842105263157
52.96457622695798,3.1842105263157894,2.305263157894737,0.5263157894736842
55.93282458849511,3.1842105263157894,2.305263157894737,0.5789473684210527
59.22814872656812,3.1842105263157894,2.305263157894737,0.631578947368421
62.77955134149293,3.1842105263157894,2.305263157894737,0.6842105263157894
66.53399554968645,3.1842105263157894,2.305263157894737,0.7368421052631579
70.48020643695004,3.1842105263157894,2.305263157894737,0.7894736842105263
74.59231188204726,3.1842105263157894,2.305263157894737,0.8421052631578947
78.83949578708928,3.1842105263157894,2.305263157894737,0.894736842105263
83.19677271974443,3.1842105263157894,2.305263157894737,0.9473684210526316
87.64377417678656,3.1842105263157894,2.305263157894737,1.0
92.57685233510936,3.1842105263157894,2.357894736842105,0.0
69.99733621744895,3.1842105263157894,2.357894736842105,0.0526315789473684
56.3737997432051,3.1842105263157894,2.357894736842105,0.1052631578947368
48.32380840896008,3.1842105263157894,2.357894736842105,0.1578947368421052
43.76162676609566,3.1842105263157894,2.357894736842105,0.2105263157894736
41.54698897137215,3.1842105263157894,2.357894736842105,0.2631578947368421
41.01131041200236,3.1842105263157894,2.357894736842105,0.3157894736842105
41.706265964139234,3.1842105263157894,2.357894736842105,0.3684210526315789
43.31207899557776,3.1842105263157894,2.357894736842105,0.4210526315789473
45.60609640238368,3.1842105263157894,2.357894736842105,0.4736842105263157
48.43101296916993,3.1842105263157894,2.357894736842105,0.5263157894736842
51.66386583749392,3.1842105263157894,2.357894736842105,0.5789473684210527
55.21183673868301,3.1842105263157894,2.357894736842105,0.631578947368421
59.01026128803637,3.1842105263157894,2.357894736842105,0.6842105263157894
63.03801993852298,3.1842105263157894,2.357894736842105,0.7368421052631579
67.25390011500869,3.1842105263157894,2.357894736842105,0.7894736842105263
71.62048490053597,3.1842105263157894,2.357894736842105,0.8421052631578947
76.10778633758045,3.1842105263157894,2.357894736842105,0.894736842105263
80.69162748941935,3.1842105263157894,2.357894736842105,0.9473684210526316
85.35242362062826,3.1842105263157894,2.357894736842105,1.0
93.77044367457243,3.1842105263157894,2.4105263157894736,0.0
68.24387383717193,3.1842105263157894,2.4105263157894736,0.0526315789473684
53.267661043095735,3.1842105263157894,2.4105263157894736,0.1052631578947368
44.52425190513404,3.1842105263157894,2.4105263157894736,0.1578947368421052
39.616605129587775,3.1842105263157894,2.4105263157894736,0.2105263157894736
37.27673302692874,3.1842105263157894,2.4105263157894736,0.2631578947368421
36.71980310394964,3.1842105263157894,2.4105263157894736,0.3157894736842105
37.45562279945935,3.1842105263157894,2.4105263157894736,0.3684210526315789
39.156048082645015,3.1842105263157894,2.4105263157894736,0.4210526315789473
41.58402037688951,3.1842105263157894,2.4105263157894736,0.4736842105263157
44.56240447331795,3.1842105263157894,2.4105263157894736,0.5263157894736842
47.9602505949246,3.1842105263157894,2.4105263157894736,0.5789473684210527
51.69215633315874,3.1842105263157894,2.4105263157894736,0.631578947368421
55.71425770349712,3.1842105263157894,2.4105263157894736,0.6842105263157894
59.96657983935472,3.1842105263157894,2.4105263157894736,0.7368421052631579
64.40066464646954,3.1842105263157894,2.4105263157894736,0.7894736842105263
68.9781638044289,3.1842105263157894,2.4105263157894736,0.8421052631578947
73.6685222705914,3.1842105263157894,2.4105263157894736,0.894736842105263
78.44726161817805,3.1842105263157894,2.4105263157894736,0.9473684210526316
83.29468965423506,3.1842105263157894,2.4105263157894736,1.0
104.14608458208237,3.1842105263157894,2.463157894736842,0.0
72.58207107334486,3.1842105263157894,2.463157894736842,0.0526315789473684
54.42264419899921,3.1842105263157894,2.463157894736842,0.1052631578947368
43.83877879801132,3.1842105263157894,2.463157894736842,0.1578947368421052
37.869332865878135,3.1842105263157894,2.463157894736842,0.2105263157894736
34.89731875680508,3.1842105263157894,2.463157894736842,0.2631578947368421
33.96921997582602,3.1842105263157894,2.463157894736842,0.3157894736842105
34.48282243786484,3.1842105263157894,2.463157894736842,0.3684210526315789
36.06273017918018,3.1842105263157894,2.463157894736842,0.4210526315789473
38.44817783817263,3.1842105263157894,2.463157894736842,0.4736842105263157
41.43903290796961,3.1842105263157894,2.463157894736842,0.5263157894736842
44.90934211933839,3.1842105263157894,2.463157894736842,0.5789473684210527
48.7730033371524,3.1842105263157894,2.463157894736842,0.631578947368421
52.94288817389518,3.1842105263157894,2.463157894736842,0.6842105263157894
57.351673525306886,3.1842105263157894,2.463157894736842,0.7368421052631579
61.94683916532264,3.1842105263157894,2.463157894736842,0.7894736842105263
66.68706732711769,3.1842105263157894,2.463157894736842,0.8421052631578947
71.53963529313417,3.1842105263157894,2.463157894736842,0.894736842105263
76.47849275527862,3.1842105263157894,2.463157894736842,0.9473684210526316
81.48282235252172,3.1842105263157894,2.463157894736842,1.0
126.33388021497296,3.1842105263157894,2.515789473684211,0.0
84.51864473779754,3.1842105263157894,2.515789473684211,0.0526315789473684
60.74755105485677,3.1842105263157894,2.515789473684211,0.1052631578947368
46.91535973280718,3.1842105263157894,2.515789473684211,0.1578947368421052
38.97546902654019,3.1842105263157894,2.515789473684211,0.2105263157894736
34.75141921075657,3.1842105263157894,2.515789473684211,0.2631578947368421
33.004296107768454,3.1842105263157894,2.515789473684211,0.3157894736842105
32.984101651950944,3.1842105263157894,2.515789473684211,0.3684210526315789
34.202920596431404,3.1842105263157894,2.515789473684211,0.4210526315789473
36.34167905816192,3.1842105263157894,2.515789473684211,0.4736842105263157
39.209496170768006,3.1842105263157894,2.515789473684211,0.5263157894736842
42.65128106814454,3.1842105263157894,2.515789473684211,0.5789473684210527
46.53412440763455,3.1842105263157894,2.515789473684211,0.631578947368421
50.75756330294633,3.1842105263157894,2.515789473684211,0.6842105263157894
55.24457098452834,3.1842105263157894,2.515789473684211,0.7368421052631579
59.935426546851005,3.1842105263157894,2.515789473684211,0.7894736842105263
64.78341852767453,3.1842105263157894,2.515789473684211,0.8421052631578947
69.751759798431,3.1842105263157894,2.515789473684211,0.894736842105263
74.81132778597518,3.1842105263157894,2.515789473684211,0.9473684210526316
79.9389817397192,3.1842105263157894,2.515789473684211,1.0
164.41549401470334,3.1842105263157894,2.568421052631579,0.0
106.2699534511523,3.1842105263157894,2.568421052631579,0.0526315789473684
73.59129176497014,3.1842105263157894,2.568421052631579,0.1052631578947368
54.64049750546058,3.1842105263157894,2.568421052631579,0.1578947368421052
43.57066759157188,3.1842105263157894,2.568421052631579,0.2105263157894736
37.31717943536521,3.1842105263157894,2.568421052631579,0.2631578947368421
34.197144012214,3.1842105263157894,2.568421052631579,0.3157894736842105
33.23120398982768,3.1842105263157894,2.568421052631579,0.3684210526315789
33.78997206763594,3.1842105263157894,2.568421052631579,0.4210526315789473
35.49266038173604,3.1842105263157894,2.568421052631579,0.4736842105263157
38.06862122934471,3.1842105263157894,2.568421052631579,0.5263157894736842
41.31478813568931,3.1842105263157894,2.568421052631579,0.5789473684210527
45.08090861428207,3.1842105263157894,2.568421052631579,0.631578947368421
49.24638066218182,3.1842105263157894,2.568421052631579,0.6842105263157894
53.71937126023477,3.1842105263157894,2.568421052631579,0.7368421052631579
58.42910355235296,3.1842105263157894,2.568421052631579,0.7894736842105263
63.32051087738357,3.1842105263157894,2.568421052631579,0.8421052631578947
68.35043541648972,3.1842105263157894,2.568421052631579,0.894736842105263
73.48486545564343,3.1842105263157894,2.568421052631579,0.9473684210526316
78.69689124507282,3.1842105263157894,2.568421052631579,1.0
224.5478802326544,3.1842105263157894,2.6210526315789475,0.0
141.20472316060915,3.1842105263157894,2.6210526315789475,0.0526315789473684
94.96901586479756,3.1842105263157894,2.6210526315789475,0.1052631578947368
68.2683874702221,3.1842105263157894,2.6210526315789475,0.1578947368421052
52.48225731441564,3.1842105263157894,2.6210526315789475,0.2105263157894736
43.19702857664821,3.1842105263157894,2.6210526315789475,0.2631578947368421
38.027755532833496,3.1842105263157894,2.6210526315789475,0.3157894736842105
35.615050522342365,3.1842105263157894,2.6210526315789475,0.3684210526315789
35.16809921812951,3.1842105263157894,2.6210526315789475,0.4210526315789473
36.15520912493546,3.1842105263157894,2.6210526315789475,0.4736842105263157
38.207225386260255,3.1842105263157894,2.6210526315789475,0.5263157894736842
41.07111530036015,3.1842105263157894,2.6210526315789475,0.5789473684210527
44.55674134801421,3.1842105263157894,2.6210526315789475,0.631578947368421
48.529541941106594,3.1842105263157894,2.6210526315789475,0.6842105263157894
52.87753088378842,3.1842105263157894,2.6210526315789475,0.7368421052631579
57.51403896910917,3.1842105263157894,2.6210526315789475,0.7894736842105263
62.371952513516085,3.1842105263157894,2.6210526315789475,0.8421052631578947
67.39888324392149,3.1842105263157894,2.6210526315789475,0.894736842105263
72.55368776992789,3.1842105263157894,2.6210526315789475,0.9473684210526316
77.80391035785067,3.1842105263157894,2.6210526315789475,1.0
315.8994288819324,3.1842105263157894,2.673684210526316,0.0
194.3216379242063,3.1842105263157894,2.673684210526316,0.0526315789473684
127.78578729807536,3.1842105263157894,2.673684210526316,0.1052631578947368
89.61695434335122,3.1842105263157894,2.673684210526316,0.1578947368421052
66.92393355122462,3.1842105263157894,2.673684210526316,0.2105263157894736
53.22210984896628,3.1842105263157894,2.673684210526316,0.2631578947368421
45.09029635215789,3.1842105263157894,2.673684210526316,0.3157894736842105
40.63878799508797,3.1842105263157894,2.673684210526316,0.3684210526315789
38.72959146093446,3.1842105263157894,2.673684210526316,0.4210526315789473
38.63742998812832,3.1842105263157894,2.673684210526316,0.4736842105263157
39.87626542894113,3.1842105263157894,2.673684210526316,0.5263157894736842
42.12322275039162,3.1842105263157894,2.673684210526316,0.5789473684210527
45.14720282556021,3.1842105263157894,2.673684210526316,0.631578947368421
48.76623365528235,3.1842105263157894,2.673684210526316,0.6842105263157894
52.85359226675325,3.1842105263157894,2.673684210526316,0.7368421052631579
57.3047058117745,3.1842105263157894,2.673684210526316,0.7894736842105263
62.03574150211084,3.1842105263157894,2.673684210526316,0.8421052631578947
66.98148244939985,3.1842105263157894,2.673684210526316,0.894736842105263
72.09084605279237,3.1842105263157894,2.673684210526316,0.9473684210526316
77.32361562539297,3.1842105263157894,2.673684210526316,1.0
452.2507513362743,3.1842105263157894,2.726315789473684,0.0
272.9487647929252,3.1842105263157894,2.726315789473684,0.0526315789473684
176.20478169257473,3.1842105263157894,2.726315789473684,0.1052631578947368
121.23557529537447,3.1842105263157894,2.726315789473684,0.1578947368421052
88.57077783478124,3.1842105263157894,2.726315789473684,0.2105263157894736
68.57968673243059,3.1842105263157894,2.726315789473684,0.2631578947368421
56.281749516078136,3.1842105263157894,2.726315789473684,0.3157894736842105
48.92927892276367,3.1842105263157894,2.726315789473684,0.3684210526315789
44.92488884564136,3.1842105263157894,2.726315789473684,0.4210526315789473
43.29004105162532,3.1842105263157894,2.726315789473684,0.4736842105263157
43.376369041004565,3.1842105263157894,2.726315789473684,0.5263157894736842
44.73979338911853,3.1842105263157894,2.726315789473684,0.5789473684210527
47.070298788006106,3.1842105263157894,2.726315789473684,0.631578947368421
50.15395077213813,3.1842105263157894,2.726315789473684,0.6842105263157894
53.82240334529124,3.1842105263157894,2.726315789473684,0.7368421052631579
57.94992316880954,3.1842105263157894,2.726315789473684,0.7894736842105263
62.43936473110712,3.1842105263157894,2.726315789473684,0.8421052631578947
67.20810625924358,3.1842105263157894,2.726315789473684,0.894736842105263
72.19157403740809,3.1842105263157894,2.726315789473684,0.9473684210526316
77.33900104957482,3.1842105263157894,2.726315789473684,1.0
654.3329118960144,3.1842105263157894,2.778947368421053,0.0
387.8704563484189,3.1842105263157894,2.778947368421053,0.0526315789473684
246.2160289273408,3.1842105263157894,2.778947368421053,0.1052631578947368
166.70476638898324,3.1842105263157894,2.778947368421053,0.1578947368421052
119.7470612460559,3.1842105263157894,2.778947368421053,0.2105263157894736
90.8867201841713,3.1842105263157894,2.778947368421053,0.2631578947368421
72.73741757738,3.1842105263157894,2.778947368421053,0.3157894736842105
61.3318398413094,3.1842105263157894,2.778947368421053,0.3684210526315789
54.41179526491073,3.1842105263157894,2.778947368421053,0.4210526315789473
50.616221176436696,3.1842105263157894,2.778947368421053,0.4736842105263157
49.078051576907896,3.1842105263157894,2.778947368421053,0.5263157894736842
49.20440188205565,3.1842105263157894,2.778947368421053,0.5789473684210527
50.58103624059504,3.1842105263157894,2.778947368421053,0.631578947368421
52.9142178279484,3.1842105263157894,2.778947368421053,0.6842105263157894
55.98980154505275,3.1842105263157894,2.778947368421053,0.7368421052631579
59.63944512554176,3.1842105263157894,2.778947368421053,0.7894736842105263
63.746163207431366,3.1842105263157894,2.778947368421053,0.8421052631578947
68.21951686660468,3.1842105263157894,2.778947368421053,0.894736842105263
72.97789346478451,3.1842105263157894,2.778947368421053,0.9473684210526316
77.95643620578458,3.1842105263157894,2.778947368421053,1.0
953.3898007033948,3.1842105263157894,2.8315789473684214,0.0
555.0411800306011,3.1842105263157894,2.8315789473684214,0.0526315789473684
346.4883661012885,3.1842105263157894,2.8315789473684214,0.1052631578947368
231.1097697932622,3.1842105263157894,2.8315789473684214,0.1578947368421052
163.652931472252,3.1842105263157894,2.8315789473684214,0.2105263157894736
122.26173694789776,3.1842105263157894,2.8315789473684214,0.2631578947368421
95.96039206182078,3.1842105263157894,2.8315789473684214,0.3157894736842105
78.9631029775701,3.1842105263157894,2.8315789473684214,0.3684210526315789
68.04427542188154,3.1842105263157894,2.8315789473684214,0.4210526315789473
61.2950937531345,3.1842105263157894,2.8315789473684214,0.4736842105263157
57.52524226432677,3.1842105263157894,2.8315789473684214,0.5263157894736842
55.94411613885,3.1842105263157894,2.8315789473684214,0.5789473684210527
55.99951013131132,3.1842105263157894,2.8315789473684214,0.631578947368421
57.29782511051561,3.1842105263157894,2.8315789473684214,0.6842105263157894
59.55631283588004,3.1842105263157894,2.8315789473684214,0.7368421052631579
62.564296926372194,3.1842105263157894,2.8315789473684214,0.7894736842105263
66.15310693383248,3.1842105263157894,2.8315789473684214,0.8421052631578947
70.19406984362254,3.1842105263157894,2.8315789473684214,0.894736842105263
74.60431914908371,3.1842105263157894,2.8315789473684214,0.9473684210526316
79.31055444496388,3.1842105263157894,2.8315789473684214,1.0
1396.7210839639893,3.1842105263157894,2.8842105263157896,0.0
798.2074648665418,3.1842105263157894,2.8842105263157896,0.0526315789473684
489.67898033412433,3.1842105263157894,2.8842105263157896,0.1052631578947368
321.64725959102213,3.1842105263157894,2.8842105263157896,0.1578947368421052
224.66820052898123,3.1842105263157894,2.8842105263157896,0.2105263157894736
165.57740248981438,3.1842105263157894,2.8842105263157896,0.2631578947368421
127.95398587415332,3.1842105263157894,2.8842105263157896,0.3157894736842105
103.29062581264915,3.1842105263157894,2.8842105263157896,0.3684210526315789
86.93729748924788,3.1842105263157894,2.8842105263157896,0.4210526315789473
76.19856605692416,3.1842105263157894,2.8842105263157896,0.4736842105263157
69.4175928203269,3.1842105263157894,2.8842105263157896,0.5263157894736842
65.52634123424512,3.1842105263157894,2.8842105263157896,0.5789473684210527
63.78813521733968,3.1842105263157894,2.8842105263157896,0.631578947368421
63.68017919271018,3.1842105263157894,2.8842105263157896,0.6842105263157894
64.82284849239882,3.1842105263157894,2.8842105263157896,0.7368421052631579
66.940507788922,3.1842105263157894,2.8842105263157896,0.7894736842105263
69.82339384055035,3.1842105263157894,2.8842105263157896,0.8421052631578947
73.30315656291803,3.1842105263157894,2.8842105263157896,0.894736842105263
77.24965319745597,3.1842105263157894,2.8842105263157896,0.9473684210526316
81.56845776550963,3.1842105263157894,2.8842105263157896,1.0
2056.261171080552,3.1842105263157894,2.936842105263158,0.0
1152.9401780652772,3.1842105263157894,2.936842105263158,0.0526315789473684
694.2949688810886,3.1842105263157894,2.936842105263158,0.1052631578947368
448.5767096362697,3.1842105263157894,2.936842105263158,0.1578947368421052
308.91099722026973,3.1842105263157894,2.936842105263158,0.2105263157894736
224.7538533990441,3.1842105263157894,2.936842105263158,0.2631578947368421
171.39795640630047,3.1842105263157894,2.936842105263158,0.3157894736842105
136.24672513561367,3.1842105263157894,2.936842105263158,0.3684210526315789
112.5431194976103,3.1842105263157894,2.936842105263158,0.4210526315789473
96.44890221723765,3.1842105263157894,2.936842105263158,0.4736842105263157
85.65038493411694,3.1842105263157894,2.936842105263158,0.5263157894736842
78.67458664827745,3.1842105263157894,2.936842105263158,0.5789473684210527
74.53902718416435,3.1842105263157894,2.936842105263158,0.631578947368421
72.54684694815526,3.1842105263157894,2.936842105263158,0.6842105263157894
72.19575285002958,3.1842105263157894,2.936842105263158,0.7368421052631579
73.11515238843239,3.1842105263157894,2.936842105263158,0.7894736842105263
75.03355187630125,3.1842105263157894,2.936842105263158,0.8421052631578947
77.74016860148039,3.1842105263157894,2.936842105263158,0.894736842105263
81.0657596248008,3.1842105263157894,2.936842105263158,0.9473684210526316
84.87861283264917,3.1842105263157894,2.936842105263158,1.0
3041.871734214848,3.1842105263157894,2.9894736842105267,0.0
1672.6994546547794,3.1842105263157894,2.9894736842105267,0.0526315789473684
987.63118878197,3.1842105263157894,2.9894736842105267,0.1052631578947368
626.706061940054,3.1842105263157894,2.9894736842105267,0.1578947368421052
424.9940882117955,3.1842105263157894,2.9894736842105267,0.2105263157894736
305.1765520831132,3.1842105263157894,2.9894736842105267,0.2631578947368421
229.89531534369343,3.1842105263157894,2.9894736842105267,0.3157894736842105
180.38437176579,3.1842105263157894,2.9894736842105267,0.3684210526315789
146.75473406350838,3.1842105263157894,2.9894736842105267,0.4210526315789473
123.49893396919389,3.1842105263157894,2.9894736842105267,0.4736842105263157
107.36311986664644,3.1842105263157894,2.9894736842105267,0.5263157894736842
96.310337988014,3.1842105263157894,2.9894736842105267,0.5789473684210527
89.0028314960509,3.1842105263157894,2.9894736842105267,0.631578947368421
84.5169946818838,3.1842105263157894,2.9894736842105267,0.6842105263157894
82.18553043388883,3.1842105263157894,2.9894736842105267,0.7368421052631579
81.51997474962283,3.1842105263157894,2.9894736842105267,0.7894736842105263
82.15505466836252,3.1842105263157894,2.9894736842105267,0.8421052631578947
83.82088948069826,3.1842105263157894,2.9894736842105267,0.894736842105263
86.30433740192964,3.1842105263157894,2.9894736842105267,0.9473684210526316
89.43420801068675,3.1842105263157894,2.9894736842105267,1.0
4521.845183422519,3.1842105263157894,3.042105263157895,0.0
2438.333354195506,3.1842105263157894,3.042105263157895,0.0526315789473684
1410.2646223024694,3.1842105263157894,3.042105263157895,0.1052631578947368
877.5761575426858,3.1842105263157894,3.042105263157895,0.1578947368421052
585.1418905106837,3.1842105263157894,3.042105263157895,0.2105263157894736
414.3004916762412,3.1842105263157894,3.042105263157895,0.2631578947368421
308.32087816735554,3.1842105263157894,3.042105263157895,0.3157894736842105
239.09223426423597,3.1842105263157894,3.042105263157895,0.3684210526315789
192.0472680489349,3.1842105263157894,3.042105263157895,0.4210526315789473
159.22662949545233,3.1842105263157894,3.042105263157895,0.4736842105263157
136.021238293381,3.1842105263157894,3.042105263157895,0.5263157894736842
119.60083856418738,3.1842105263157894,3.042105263157895,0.5789473684210527
108.1305894549232,3.1842105263157894,3.042105263157895,0.631578947368421
100.371687533813,3.1842105263157894,3.042105263157895,0.6842105263157894
95.44088990150368,3.1842105263157894,3.042105263157895,0.7368421052631579
92.69245240252218,3.1842105263157894,3.042105263157895,0.7894736842105263
91.64661848898297,3.1842105263157894,3.042105263157895,0.8421052631578947
91.94052602800372,3.1842105263157894,3.042105263157895,0.894736842105263
93.30381926757155,3.1842105263157894,3.042105263157895,0.9473684210526316
95.51992876254612,3.1842105263157894,3.042105263157895,1.0
6754.969059489885,3.1842105263157894,3.094736842105263,0.0
3572.7274377306285,3.1842105263157894,3.094736842105263,0.0526315789473684
2022.897848571828,3.1842105263157894,3.094736842105263,0.1052631578947368
1232.7631643277814,3.1842105263157894,3.094736842105263,0.1578947368421052
806.8515952274137,3.1842105263157894,3.094736842105263,0.2105263157894736
562.5306568186322,3.1842105263157894,3.094736842105263,0.2631578947368421
413.3176240292096,3.1842105263157894,3.094736842105263,0.3157894736842105
316.8937463647184,3.1842105263157894,3.094736842105263,0.3684210526315789
251.6703140931936,3.1842105263157894,3.094736842105263,0.4210526315789473
206.06621067968229,3.1842105263157894,3.094736842105263,0.4736842105263157
173.50683368243443,3.1842105263157894,3.094736842105263,0.5263157894736842
150.03356830793166,3.1842105263157894,3.094736842105263,0.5789473684210527
133.1251390554162,3.1842105263157894,3.094736842105263,0.631578947368421
121.09597357549974,3.1842105263157894,3.094736842105263,0.6842105263157894
112.77665863324223,3.1842105263157894,3.094736842105263,0.7368421052631579
107.31348028110936,3.1842105263157894,3.094736842105263,0.7894736842105263
104.07513141717538,3.1842105263157894,3.094736842105263,0.8421052631578947
102.58653034880584,3.1842105263157894,3.094736842105263,0.894736842105263
102.48486725734791,3.1842105263157894,3.094736842105263,0.9473684210526316
103.49756129638996,3.1842105263157894,3.094736842105263,1.0
10140.416881294444,3.1842105263157894,3.147368421052632,0.0
5263.465156828336,3.1842105263157894,3.147368421052632,0.0526315789473684
2916.8704880847704,3.1842105263157894,3.147368421052632,0.1052631578947368
1738.8942833990295,3.1842105263157894,3.147368421052632,0.1578947368421052
1115.3784546946067,3.1842105263157894,3.147368421052632,0.2105263157894736
764.5145796633497,3.1842105263157894,3.147368421052632,0.2631578947368421
554.0094121779828,3.1842105263157894,3.147368421052632,0.3157894736842105
419.86652332618087,3.1842105263157894,3.147368421052632,0.3684210526315789
329.91157148845684,3.1842105263157894,3.147368421052632,0.4210526315789473
267.1842747052385,3.1842105263157894,3.147368421052632,0.4736842105263157
222.2417846537269,3.1842105263157894,3.147368421052632,0.5263157894736842
189.5103216315735,3.1842105263157894,3.147368421052632,0.5789473684210527
165.50543069336692,3.1842105263157894,3.147368421052632,0.631578947368421
147.93236622234386,3.1842105263157894,3.147368421052632,0.6842105263157894
135.21633868864538,3.1842105263157894,3.147368421052632,0.7368421052631579
126.2350977399356,3.1842105263157894,3.147368421052632,0.7894736842105263
120.15643566343658,3.1842105263157894,3.147368421052632,0.8421052631578947
116.35784572007032,3.1842105263157894,3.147368421052632,0.894736842105263
114.36565877452578,3.1842105263157894,3.147368421052632,0.9473684210526316
113.81514306561073,3.1842105263157894,3.147368421052632,1.0
15295.55834961886,3.1842105263157894,3.2,0.0
7797.992546152654,3.1842105263157894,3.2,0.0526315789473684
4230.352778765707,3.1842105263157894,3.2,0.1052631578947368
2465.2972667821846,3.1842105263157894,3.2,0.1578947368421052
1547.47483971954,3.1842105263157894,3.2,0.2105263157894736
1041.0531301972658,3.1842105263157894,3.2,0.2631578947368421
743.0326163297095,3.1842105263157894,3.2,0.3157894736842105
556.235534988391,3.1842105263157894,3.2,0.3684210526315789
432.4611566994324,3.1842105263157894,3.2,0.4210526315789473
346.71805556712826,3.1842105263157894,3.2,0.4736842105263157
285.3523869747044,3.1842105263157894,3.2,0.5263157894736842
240.4633666571474,3.1842105263157894,3.2,0.5789473684210527
207.20571220066049,3.1842105263157894,3.2,0.631578947368421
182.44270882999427,3.1842105263157894,3.2,0.6842105263157894
164.0462965410847,3.1842105263157894,3.2,0.7368421052631579
150.52372834963427,3.1842105263157894,3.2,0.7894736842105263
140.7833829832525,3.1842105263157894,3.2,0.8421052631578947
134.00822592309362,3.1842105263157894,3.2,0.894736842105263
129.58002083170996,3.1842105263157894,3.2,0.9473684210526316
127.02379645580253,3.1842105263157894,3.2,1.0
137.0236783772627,3.289473684210526,2.2,0.0
109.13599059475617,3.289473684210526,2.2,0.0526315789473684
90.72192507546636,3.289473684210526,2.2,0.1052631578947368
78.66519488904709,3.289473684210526,2.2,0.1578947368421052
70.99615672748429,3.289473684210526,2.2,0.2105263157894736
66.35829707203904,3.289473684210526,2.2,0.2631578947368421
63.7447580098246,3.289473684210526,2.2,0.3157894736842105
62.62045533282252,3.289473684210526,2.2,0.3684210526315789
62.617623137172,3.289473684210526,2.2,0.4210526315789473
63.47159845500791,3.289473684210526,2.2,0.4736842105263157
64.98852181557554,3.289473684210526,2.2,0.5263157894736842
67.02411798321822,3.289473684210526,2.2,0.5789473684210527
69.47531944175385,3.289473684210526,2.2,0.631578947368421
72.26312898553148,3.289473684210526,2.2,0.6842105263157894
75.32137016645068,3.289473684210526,2.2,0.7368421052631579
78.59816417992731,3.289473684210526,2.2,0.7894736842105263
82.05245619636592,3.289473684210526,2.2,0.8421052631578947
85.65480159339457,3.289473684210526,2.2,0.894736842105263
89.41054300997219,3.289473684210526,2.2,0.9473684210526316
93.3029800710461,3.289473684210526,2.2,1.0
118.08579487912176,3.289473684210526,2.2526315789473688,0.0
93.30754780568051,3.289473684210526,2.2526315789473688,0.0526315789473684
77.30036490945828,3.289473684210526,2.2526315789473688,0.1052631578947368
67.09501279235019,3.289473684210526,2.2526315789473688,0.1578947368421052
60.85763921579751,3.289473684210526,2.2526315789473688,0.2105263157894736
57.25558217511659,3.289473684210526,2.2526315789473688,0.2631578947368421
55.49445615301463,3.289473684210526,2.2526315789473688,0.3157894736842105
55.09320001647865,3.289473684210526,2.2526315789473688,0.3684210526315789
55.713628743069656,3.289473684210526,2.2526315789473688,0.4210526315789473
57.11267314760234,3.289473684210526,2.2526315789473688,0.4736842105263157
59.11227356806978,3.289473684210526,2.2526315789473688,0.5263157894736842
61.58424025078816,3.289473684210526,2.2526315789473688,0.5789473684210527
64.43436558394544,3.289473684210526,2.2526315789473688,0.631578947368421
67.58432444652979,3.289473684210526,2.2526315789473688,0.6842105263157894
70.97328239850916,3.289473684210526,2.2526315789473688,0.7368421052631579
74.55357958719253,3.289473684210526,2.2526315789473688,0.7894736842105263
78.29652720774114,3.289473684210526,2.2526315789473688,0.8421052631578947
82.2033229904213,3.289473684210526,2.2526315789473688,0.894736842105263
86.24893860950807,3.289473684210526,2.2526315789473688,0.9473684210526316
90.41022250498996,3.289473684210526,2.2526315789473688,1.0
105.47144821176778,3.289473684210526,2.305263157894737,0.0
81.98140061570062,3.289473684210526,2.305263157894737,0.0526315789473684
67.2184461639024,3.289473684210526,2.305263157894737,0.1052631578947368
58.09084494274972,3.289473684210526,2.305263157894737,0.1578947368421052
52.68012050786609,3.289473684210526,2.305263157894737,0.2105263157894736
49.71407682677879,3.289473684210526,2.305263157894737,0.2631578947368421
48.51572432991795,3.289473684210526,2.305263157894737,0.3157894736842105
48.61563830121147,3.289473684210526,2.305263157894737,0.3684210526315789
49.68621760505006,3.289473684210526,2.305263157894737,0.4210526315789473
51.4931813887434,3.289473684210526,2.305263157894737,0.4736842105263157
53.86852142989525,3.289473684210526,2.305263157894737,0.5263157894736842
56.692216124749976,3.289473684210526,2.305263157894737,0.5789473684210527
59.866843742902525,3.289473684210526,2.305263157894737,0.631578947368421
63.31740865807657,3.289473684210526,2.305263157894737,0.6842105263157894
66.98581267148836,3.289473684210526,2.305263157894737,0.7368421052631579
70.84377792641239,3.289473684210526,2.305263157894737,0.7894736842105263
74.88087023774712,3.289473684210526,2.305263157894737,0.8421052631578947
79.06488427687682,3.289473684210526,2.305263157894737,0.894736842105263
83.36934868708175,3.289473684210526,2.305263157894737,0.9473684210526316
87.77266081586299,3.289473684210526,2.305263157894737,1.0
99.71130403553308,3.289473684210526,2.357894736842105,0.0
75.45238879115996,3.289473684210526,2.357894736842105,0.0526315789473684
60.652202890507546,3.289473684210526,2.357894736842105,0.1052631578947368
51.74596438806187,3.289473684210526,2.357894736842105,0.1578947368421052
46.54257915505281,3.289473684210526,2.357894736842105,0.2105263157894736
43.8262894183782,3.289473684210526,2.357894736842105,0.2631578947368421
42.88159289834852,3.289473684210526,2.357894736842105,0.3157894736842105
43.24572796945828,3.289473684210526,2.357894736842105,0.3684210526315789
44.581788622845366,3.289473684210526,2.357894736842105,0.4210526315789473
46.65247854562007,3.289473684210526,2.357894736842105,0.4736842105263157
49.29208819688288,3.289473684210526,2.357894736842105,0.5263157894736842
52.37115399100713,3.289473684210526,2.357894736842105,0.5789473684210527
55.79122693557067,3.289473684210526,2.357894736842105,0.631578947368421
59.47730229014674,3.289473684210526,2.357894736842105,0.6842105263157894
63.39822535726672,3.289473684210526,2.357894736842105,0.7368421052631579
67.52401558540585,3.289473684210526,2.357894736842105,0.7894736842105263
71.81487735991608,3.289473684210526,2.357894736842105,0.8421052631578947
76.23887715292179,3.289473684210526,2.357894736842105,0.894736842105263
80.77023581746897,3.289473684210526,2.357894736842105,0.9473684210526316
85.38804137006724,3.289473684210526,2.357894736842105,1.0
101.90204370122916,3.289473684210526,2.4105263157894736,0.0
74.35580288731785,3.289473684210526,2.4105263157894736,0.0526315789473684
58.001023098016056,3.289473684210526,2.4105263157894736,0.1052631578947368
48.28183058347022,3.289473684210526,2.4105263157894736,0.1578947368421052
42.6413687933626,3.289473684210526,2.4105263157894736,0.2105263157894736
39.73300452267802,3.289473684210526,2.4105263157894736,0.2631578947368421
38.72579866060256,3.289473684210526,2.4105263157894736,0.3157894736842105
39.09204416572479,3.289473684210526,2.4105263157894736,0.3684210526315789
40.48878557140867,3.289473684210526,2.4105263157894736,0.4210526315789473
42.667116057214855,3.289473684210526,2.4105263157894736,0.4736842105263157
45.439869780546005,3.289473684210526,2.4105263157894736,0.5263157894736842
48.66765280319642,3.289473684210526,2.4105263157894736,0.5789473684210527
52.248360802589296,3.289473684210526,2.4105263157894736,0.631578947368421
56.13534171423412,3.289473684210526,2.4105263157894736,0.6842105263157894
60.27413418635723,3.289473684210526,2.4105263157894736,0.7368421052631579
64.61297567862914,3.289473684210526,2.4105263157894736,0.7894736842105263
69.11084503099833,3.289473684210526,2.4105263157894736,0.8421052631578947
73.73500791651982,3.289473684210526,2.4105263157894736,0.894736842105263
78.4591967986049,3.289473684210526,2.4105263157894736,0.9473684210526316
83.2622419840897,3.289473684210526,2.4105263157894736,1.0
113.85508543495428,3.289473684210526,2.463157894736842,0.0
79.75661932736,3.289473684210526,2.463157894736842,0.0526315789473684
59.91994932822537,3.289473684210526,2.463157894736842,0.1052631578947368
48.15798773853424,3.289473684210526,2.463157894736842,0.1578947368421052
41.31748733543607,3.289473684210526,2.463157894736842,0.2105263157894736
37.67692215922119,3.289473684210526,2.463157894736842,0.2631578947368421
36.22385531816348,3.289473684210526,2.463157894736842,0.3157894736842105
36.31637549748472,3.289473684210526,2.463157894736842,0.3684210526315789
37.5489157304195,3.289473684210526,2.463157894736842,0.4210526315789473
39.6466976152077,3.289473684210526,2.463157894736842,0.4736842105263157
42.401431112258166,3.289473684210526,2.463157894736842,0.5263157894736842
45.66268171378904,3.289473684210526,2.463157894736842,0.5789473684210527
49.34737006913059,3.289473684210526,2.463157894736842,0.631578947368421
53.36753214831264,3.289473684210526,2.463157894736842,0.6842105263157894
57.65102149161104,3.289473684210526,2.463157894736842,0.7368421052631579
62.14146954737102,3.289473684210526,2.463157894736842,0.7894736842105263
66.79445809090632,3.289473684210526,2.463157894736842,0.8421052631578947
71.57474577266913,3.289473684210526,2.463157894736842,0.894736842105263
76.45422179647151,3.289473684210526,2.463157894736842,0.9473684210526316
81.41037286694394,3.289473684210526,2.463157894736842,1.0
138.40929882878058,3.289473684210526,2.515789473684211,0.0
93.24678015672274,3.289473684210526,2.515789473684211,0.0526315789473684
67.35021765321595,3.289473684210526,2.515789473684211,0.1052631578947368
52.063986809082046,3.289473684210526,2.515789473684211,0.1578947368421052
43.0642337127432,3.289473684210526,2.515789473684211,0.2105263157894736
38.0308144912735,3.289473684210526,2.515789473684211,0.2631578947368421
35.652234478901114,3.289473684210526,2.515789473684211,0.3157894736842105
35.129360078656326,3.289473684210526,2.515789473684211,0.3684210526315789
35.94237429931018,3.289473684210526,2.515789473684211,0.4210526315789473
37.74758577749098,3.289473684210526,2.515789473684211,0.4736842105263157
40.31888734376478,3.289473684210526,2.515789473684211,0.5263157894736842
43.51346867186184,3.289473684210526,2.515789473684211,0.5789473684210527
47.19068312935656,3.289473684210526,2.515789473684211,0.631578947368421
51.24267186024348,3.289473684210526,2.515789473684211,0.6842105263157894
55.58660980114757,3.289473684210526,2.515789473684211,0.7368421052631579
60.15817304381284,3.289473684210526,2.515789473684211,0.7894736842105263
64.90695807350004,3.289473684210526,2.515789473684211,0.8421052631578947
69.79319057344291,3.289473684210526,2.515789473684211,0.894736842105263
74.78531316914933,3.289473684210526,2.515789473684211,0.9473684210526316
79.85818795360137,3.289473684210526,2.515789473684211,1.0
179.95302250175155,3.289473684210526,2.568421052631579,0.0
117.25461662423596,3.289473684210526,2.568421052631579,0.0526315789473684
81.75778963118523,3.289473684210526,2.568421052631579,0.1052631578947368
60.9293272185864,3.289473684210526,2.568421052631579,0.1578947368421052
48.53176398117456,3.289473684210526,2.568421052631579,0.2105263157894736
41.29496156539135,3.289473684210526,2.568421052631579,0.2631578947368421
37.41251331826938,3.289473684210526,2.568421052631579,0.3157894736842105
35.834716917585,3.289473684210526,2.568421052631579,0.3684210526315789
35.89996836695732,3.289473684210526,2.568421052631579,0.4210526315789473
37.18471893986,3.289473684210526,2.568421052631579,0.4736842105263157
39.41537922820418,3.289473684210526,2.568421052631579,0.5263157894736842
42.37091918247869,3.289473684210526,2.568421052631579,0.5789473684210527
45.894449639931146,3.289473684210526,2.568421052631579,0.631578947368421
49.85816122992045,3.289473684210526,2.568421052631579,0.6842105263157894
54.16309990792858,3.289473684210526,2.568421052631579,0.7368421052631579
58.73286663377304,3.289473684210526,2.568421052631579,0.7894736842105263
63.5079065562587,3.289473684210526,2.568421052631579,0.8421052631578947
68.44144574934157,3.289473684210526,2.568421052631579,0.894736842105263
73.49653619412466,3.289473684210526,2.568421052631579,0.9473684210526316
78.64386787144065,3.289473684210526,2.568421052631579,1.0
245.0744401326256,3.289473684210526,2.6210526315789475,0.0
155.37928262142998,3.289473684210526,2.6210526315789475,0.0526315789473684
105.31734575795484,3.289473684210526,2.6210526315789475,0.1052631578947368
76.13622513976446,3.289473684210526,2.6210526315789475,0.1578947368421052
58.635192484052,3.289473684210526,2.6210526315789475,0.2105263157894736
48.09975331630961,3.289473684210526,2.6210526315789475,0.2631578947368421
41.9847532955998,3.289473684210526,2.6210526315789475,0.3157894736842105
38.82869921031236,3.289473684210526,2.6210526315789475,0.3684210526315789
37.77562296321367,3.289473684210526,2.6210526315789475,0.4210526315789473
38.260129967500966,3.289473684210526,2.6210526315789475,0.4736842105263157
39.89715125187549,3.289473684210526,2.6210526315789475,0.5263157894736842
42.417524966957046,3.289473684210526,2.6210526315789475,0.5789473684210527
45.61553831276237,3.289473684210526,2.6210526315789475,0.631578947368421
49.34582001920673,3.289473684210526,2.6210526315789475,0.6842105263157894
53.49203569606622,3.289473684210526,2.6210526315789475,0.7368421052631579
57.960538795981215,3.289473684210526,2.6210526315789475,0.7894736842105263
62.67867319481714,3.289473684210526,2.6210526315789475,0.8421052631578947
67.58960435600667,3.289473684210526,2.6210526315789475,0.894736842105263
72.64859224379134,3.289473684210526,2.6210526315789475,0.9473684210526316
77.82025104684658,3.289473684210526,2.6210526315789475,1.0
343.58734869192614,3.289473684210526,2.673684210526316,0.0
212.967789241714,3.289473684210526,2.673684210526316,0.0526315789473684
141.1404371206081,3.289473684210526,2.673684210526316,0.1052631578947368
99.63443899944396,3.289473684210526,2.673684210526316,0.1578947368421052
74.68620877790755,3.289473684210526,2.673684210526316,0.2105263157894736
59.37264162137282,3.289473684210526,2.673684210526316,0.2631578947368421
50.02806189454458,3.289473684210526,2.673684210526316,0.3157894736842105
44.63232827284273,3.289473684210526,2.673684210526316,0.3684210526315789
41.97603690096593,3.289473684210526,2.673684210526316,0.4210526315789473
41.28495842394839,3.289473684210526,2.673684210526316,0.4736842105263157
42.03692161310874,3.289473684210526,2.673684210526316,0.5263157894736842
43.871845894210296,3.289473684210526,2.673684210526316,0.5789473684210527
46.54896157725311,3.289473684210526,2.673684210526316,0.631578947368421
49.87919236009829,3.289473684210526,2.673684210526316,0.6842105263157894
53.72045109402834,3.289473684210526,2.673684210526316,0.7368421052631579
57.966551692421376,3.289473684210526,2.673684210526316,0.7894736842105263
62.52681190495824,3.289473684210526,2.673684210526316,0.8421052631578947
67.33048375122416,3.289473684210526,2.673684210526316,0.894736842105263
72.32202767301118,3.289473684210526,2.673684210526316,0.9473684210526316
77.4576083210681,3.289473684210526,2.673684210526316,1.0
490.2043994000717,3.289473684210526,2.726315789473684,0.0
297.8545593523242,3.289473684210526,2.726315789473684,0.0526315789473684
193.6818434988756,3.289473684210526,2.726315789473684,0.1052631578947368
134.15314219117917,3.289473684210526,2.726315789473684,0.1578947368421052
98.48307027712993,3.289473684210526,2.726315789473684,0.2105263157894736
76.37298059226424,3.289473684210526,2.726315789473684,0.2631578947368421
62.509944965407314,3.289473684210526,2.726315789473684,0.3157894736842105
53.96320220650264,3.289473684210526,2.726315789473684,0.3684210526315789
49.02319965337797,3.289473684210526,2.726315789473684,0.4210526315789473
46.6416961703519,3.289473684210526,2.726315789473684,0.4736842105263157
46.125243519815626,3.289473684210526,2.726315789473684,0.5263157894736842
46.99712653089439,3.289473684210526,2.726315789473684,0.5789473684210527
48.92194255983208,3.289473684210526,2.726315789473684,0.631578947368421
51.66287291022609,3.289473684210526,2.726315789473684,0.6842105263157894
55.03698562512248,3.289473684210526,2.726315789473684,0.7368421052631579
58.913120947185945,3.289473684210526,2.726315789473684,0.7894736842105263
63.19153112388586,3.289473684210526,2.726315789473684,0.8421052631578947
67.78427891136096,3.289473684210526,2.726315789473684,0.894736842105263
72.62121996965021,3.289473684210526,2.726315789473684,0.9473684210526316
77.64707984095091,3.289473684210526,2.726315789473684,1.0
707.0673273052024,3.289473684210526,2.778947368421053,0.0
421.5634454363175,3.289473684210526,2.778947368421053,0.0526315789473684
269.3455010364141,3.289473684210526,2.778947368421053,0.1052631578947368
183.52510894844428,3.289473684210526,2.778947368421053,0.1578947368421052
132.49640644536282,3.289473684210526,2.778947368421053,0.2105263157894736
100.83818443148984,3.289473684210526,2.778947368421053,0.2631578947368421
80.66329430719428,3.289473684210526,2.778947368421053,0.3157894736842105
67.73164483489334,3.289473684210526,2.778947368421053,0.3684210526315789
59.6280139244348,3.289473684210526,2.778947368421053,0.4210526315789473
54.89398289078129,3.289473684210526,2.778947368421053,0.4736842105263157
52.60134250214993,3.289473684210526,2.778947368421053,0.5263157894736842
52.11478655275563,3.289473684210526,2.778947368421053,0.5789473684210527
52.98925648005052,3.289473684210526,2.778947368421053,0.631578947368421
54.9062986957863,3.289473684210526,2.778947368421053,0.6842105263157894
57.6369195625516,3.289473684210526,2.778947368421053,0.7368421052631579
60.99823558949813,3.289473684210526,2.778947368421053,0.7894736842105263
64.85051762812847,3.289473684210526,2.778947368421053,0.8421052631578947
69.10434768014815,3.289473684210526,2.778947368421053,0.894736842105263
73.67931806162876,3.289473684210526,2.778947368421053,0.9473684210526316
78.5049221077172,3.289473684210526,2.778947368421053,1.0
1027.5385271209302,3.289473684210526,2.8315789473684214,0.0
601.1362327799995,3.289473684210526,2.8315789473684214,0.0526315789473684
377.39486839289657,3.289473684210526,2.8315789473684214,0.1052631578947368
253.16661993529925,3.289473684210526,2.8315789473684214,0.1578947368421052
180.1628965849629,3.289473684210526,2.8315789473684214,0.2105263157894736
135.04841193405272,3.289473684210526,2.8315789473684214,0.2631578947368421
106.1005209422335,3.289473684210526,2.8315789473684214,0.3157894736842105
87.13682206639841,3.289473684210526,2.8315789473684214,0.3684210526315789
74.70837382435582,3.289473684210526,2.8315789473684214,0.4210526315789473
66.7725043509615,3.289473684210526,2.8315789473684214,0.4736842105263157
62.0522138601538,3.289473684210526,2.8315789473684214,0.5263157894736842
59.70199456644196,3.289473684210526,2.8315789473684214,0.5789473684210527
59.12906723668005,3.289473684210526,2.8315789473684214,0.631578947368421
59.91028674286466,3.289473684210526,2.8315789473684214,0.6842105263157894
61.73857943462767,3.289473684210526,2.8315789473684214,0.7368421052631579
64.3891293781793,3.289473684210526,2.8315789473684214,0.7894736842105263
67.6806577887241,3.289473684210526,2.8315789473684214,0.8421052631578947
71.4731048247334,3.289473684210526,2.8315789473684214,0.894736842105263
75.66376418280846,3.289473684210526,2.8315789473684214,0.9473684210526316
80.17774941126389,3.289473684210526,2.8315789473684214,1.0
1502.1165750147454,3.289473684210526,2.8842105263157896,0.0
861.927342815368,3.289473684210526,2.8842105263157896,0.0526315789473684
531.330972807569,3.289473684210526,2.8842105263157896,0.1052631578947368
350.7892916477288,3.289473684210526,2.8842105263157896,0.1578947368421052
246.1744974163616,3.289473684210526,2.8842105263157896,0.2105263157894736
182.07957108732776,3.289473684210526,2.8842105263157896,0.2631578947368421
140.96860647964706,3.289473684210526,2.8842105263157896,0.3157894736842105
113.75298367086874,3.289473684210526,2.8842105263157896,0.3684210526315789
95.46216089673568,3.289473684210526,2.8842105263157896,0.4210526315789473
83.21280988539489,3.289473684210526,2.8842105263157896,0.4736842105263157
75.23048378386554,3.289473684210526,2.8842105263157896,0.5263157894736842
70.36970116882797,3.289473684210526,2.8842105263157896,0.5789473684210527
67.84193686287453,3.289473684210526,2.8842105263157896,0.631578947368421
67.085593144442,3.289473684210526,2.8842105263157896,0.6842105263157894
67.69237842630312,3.289473684210526,2.8842105263157896,0.7368421052631579
69.36251515359407,3.289473684210526,2.8842105263157896,0.7894736842105263
71.87263838908171,3.289473684210526,2.8842105263157896,0.8421052631578947
75.04147042094448,3.289473684210526,2.8842105263157896,0.894736842105263
78.7282476082386,3.289473684210526,2.8842105263157896,0.9473684210526316
82.82513828038313,3.289473684210526,2.8842105263157896,1.0
2207.583160950716,3.289473684210526,2.936842105263158,0.0
1241.9009119598086,3.289473684210526,2.936842105263158,0.0526315789473684
750.9427183801325,3.289473684210526,2.936842105263158,0.1052631578947368
487.3593783628608,3.289473684210526,2.936842105263158,0.1578947368421052
337.0732039346919,3.289473684210526,2.936842105263158,0.2105263157894736
246.1264280841644,3.289473684210526,2.936842105263158,0.2631578947368421
188.13730435254263,3.289473684210526,2.936842105263158,0.3157894736842105
149.65113448059955,3.289473684210526,2.936842105263158,0.3684210526315789
123.44714264952188,3.289473684210526,2.936842105263158,0.4210526315789473
105.42107997690182,3.289473684210526,2.936842105263158,0.4736842105263157
93.09697770569656,3.289473684210526,2.936842105263158,0.5263157894736842
84.89593414745197,3.289473684210526,2.936842105263158,0.5789473684210527
79.76514756022145,3.289473684210526,2.936842105263158,0.631578947368421
76.9577318422528,3.289473684210526,2.936842105263158,0.6842105263157894
75.9339421029437,3.289473684210526,2.936842105263158,0.7368421052631579
76.29508404744529,3.289473684210526,2.936842105263158,0.7894736842105263
77.74558029040931,3.289473684210526,2.936842105263158,0.8421052631578947
80.06140754028984,3.289473684210526,2.936842105263158,0.894736842105263
83.06003840054134,3.289473684210526,2.936842105263158,0.9473684210526316
86.59900607799662,3.289473684210526,2.936842105263158,1.0
3261.199080800606,3.289473684210526,2.9894736842105267,0.0
1798.1516030731627,3.289473684210526,2.9894736842105267,0.0526315789473684
1065.3785622616867,3.289473684210526,2.9894736842105267,0.1052631578947368
678.6960966931898,3.289473684210526,2.9894736842105267,0.1578947368421052
462.06465470800765,3.289473684210526,2.9894736842105267,0.2105263157894736
332.94872180617534,3.289473684210526,2.9894736842105267,0.2631578947368421
251.46268661439453,3.289473684210526,2.9894736842105267,0.3157894736842105
197.5655338501301,3.289473684210526,2.9894736842105267,0.3684210526315789
160.69222285606455,3.289473684210526,2.9894736842105267,0.4210526315789473
134.9556003906645,3.289473684210526,2.9894736842105267,0.4736842105263157
116.87512713426352,3.289473684210526,2.9894736842105267,0.5263157894736842
104.27019801606816,3.289473684210526,2.9894736842105267,0.5789473684210527
95.70566193765532,3.289473684210526,2.9894736842105267,0.631578947368421
90.19284339552864,3.289473684210526,2.9894736842105267,0.6842105263157894
87.01565304915013,3.289473684210526,2.9894736842105267,0.7368421052631579
85.6491006391754,3.289473684210526,2.9894736842105267,0.7894736842105263
85.70006507827901,3.289473684210526,2.9894736842105267,0.8421052631578947
86.87474095907022,3.289473684210526,2.9894736842105267,0.894736842105263
88.94675931712067,3.289473684210526,2.9894736842105267,0.9473684210526316
91.7313239253219,3.289473684210526,2.9894736842105267,1.0
4842.612608866093,3.289473684210526,3.042105263157895,0.0
2616.985240187733,3.289473684210526,3.042105263157895,0.0526315789473684
1517.9632895734867,3.289473684210526,3.042105263157895,0.1052631578947368
947.8059148857924,3.289473684210526,3.042105263157895,0.1578947368421052
634.2104527646057,3.289473684210526,3.042105263157895,0.2105263157894736
450.5161741722112,3.289473684210526,3.042105263157895,0.2631578947368421
336.1592861259703,3.289473684210526,3.042105263157895,0.3157894736842105
261.1233345489624,3.289473684210526,3.042105263157895,0.3684210526315789
209.84846662853917,3.289473684210526,3.042105263157895,0.4210526315789473
173.82916163332197,3.289473684210526,3.042105263157895,0.4736842105263157
148.1371763655239,3.289473684210526,3.042105263157895,0.5263157894736842
129.74413824425253,3.289473684210526,3.042105263157895,0.5789473684210527
116.6848742684598,3.289473684210526,3.042105263157895,0.631578947368421
107.63035698004404,3.289473684210526,3.042105263157895,0.6842105263157894
101.63519298832598,3.289473684210526,3.042105263157895,0.7368421052631579
98.00595762492097,3.289473684210526,3.042105263157895,0.7894736842105263
96.22696335387248,3.289473684210526,3.042105263157895,0.8421052631578947
95.9074911533463,3.289473684210526,3.042105263157895,0.894736842105263
96.75353618924166,3.289473684210526,3.042105263157895,0.9473684210526316
98.5349893903922,3.289473684210526,3.042105263157895,1.0
7228.035910814525,3.289473684210526,3.094736842105263,0.0
3829.573457913241,3.289473684210526,3.094736842105263,0.0526315789473684
2173.5024474483625,3.289473684210526,3.094736842105263,0.1052631578947368
1328.4072523814343,3.289473684210526,3.094736842105263,0.1578947368421052
872.2011975178704,3.289473684210526,3.094736842105263,0.2105263157894736
609.9483487331902,3.289473684210526,3.094736842105263,0.2631578947368421
449.330004637091,3.289473684210526,3.094736842105263,0.3157894736842105
345.16391045998074,3.289473684210526,3.094736842105263,0.3684210526315789
274.3944956007839,3.289473684210526,3.094736842105263,0.4210526315789473
224.64910687439567,3.289473684210526,3.094736842105263,0.4736842105263157
188.90028123822097,3.289473684210526,3.094736842105263,0.5263157894736842
162.9141358344522,3.289473684210526,3.094736842105263,0.5789473684210527
143.99217254437465,3.289473684210526,3.094736842105263,0.631578947368421
130.32797311701896,3.289473684210526,3.094736842105263,0.6842105263157894
120.668047167782,3.289473684210526,3.094736842105263,0.7368421052631579
114.09773151667332,3.289473684210526,3.094736842105263,0.7894736842105263
109.93904086306118,3.289473684210526,3.094736842105263,0.8421052631578947
107.68129460778376,3.289473684210526,3.094736842105263,0.894736842105263
106.9336100574234,3.289473684210526,3.094736842105263,0.9473684210526316
107.40009917701832,3.289473684210526,3.094736842105263,1.0
10843.506552391029,3.289473684210526,3.147368421052632,0.0
5636.137604128873,3.289473684210526,3.147368421052632,0.0526315789473684
3129.5006915656204,3.289473684210526,3.147368421052632,0.1052631578947368
1870.2836497650835,3.289473684210526,3.147368421052632,0.1578947368421052
1203.0091077729414,3.289473684210526,3.147368421052632,0.2105263157894736
826.894331329811,3.289473684210526,3.147368421052632,0.2631578947368421
600.7269438007235,3.289473684210526,3.147368421052632,0.3157894736842105
456.18664289533865,3.289473684210526,3.147368421052632,0.3684210526315789
358.9180029039766,3.289473684210526,3.147368421052632,0.4210526315789473
290.8054238829191,3.289473684210526,3.147368421052632,0.4736842105263157
241.75858381587105,3.289473684210526,3.147368421052632,0.5263157894736842
205.81836762407136,3.289473684210526,3.147368421052632,0.5789473684210527
179.25711143974488,3.289473684210526,3.147368421052632,0.631578947368421
159.61821029439085,3.289473684210526,3.147368421052632,0.6842105263157894
145.21298982095013,3.289473684210526,3.147368421052632,0.7368421052631579
134.8396639266133,3.289473684210526,3.147368421052632,0.7894736842105263
127.60581279357376,3.289473684210526,3.147368421052632,0.8421052631578947
122.84287937219128,3.289473684210526,3.147368421052632,0.894736842105263
120.04171240560568,3.289473684210526,3.147368421052632,0.9473684210526316
118.80916716785651,3.289473684210526,3.147368421052632,1.0
16347.92798209388,3.289473684210526,3.2,0.0
8343.477423388094,3.289473684210526,3.2,0.0526315789473684
4533.444217843911,3.289473684210526,3.2,0.1052631578947368
2647.447818269724,3.289473684210526,3.2,0.1578947368421052
1665.8787228231174,3.289473684210526,3.2,0.2105263157894736
1123.5722318331166,3.289473684210526,3.2,0.2631578947368421
803.852618077439,3.289473684210526,3.2,0.3157894736842105
602.9841664958847,3.289473684210526,3.2,0.3684210526315789
469.5047245611903,3.289473684210526,3.2,0.4210526315789473
376.7251708526538,3.289473684210526,3.2,0.4736842105263157
310.05903952137066,3.289473684210526,3.2,0.5263157894736842
261.0620672036883,3.289473684210526,3.2,0.5789473684210527
224.55286002887408,3.289473684210526,3.2,0.631578947368421
197.17505829768692,3.289473684210526,3.2,0.6842105263157894
176.6499887281442,3.289473684210526,3.2,0.7368421052631579
161.3763888086924,3.289473684210526,3.2,0.7894736842105263
150.18613566720677,3.289473684210526,3.2,0.8421052631578947
142.20245558141147,3.289473684210526,3.2,0.894736842105263
136.7613866337402,3.289473684210526,3.2,0.9473684210526316
133.3524112436839,3.289473684210526,3.2,1.0
144.02634479253032,3.394736842105263,2.2,0.0
114.71004369430308,3.394736842105263,2.2,0.0526315789473684
95.24779252798491,3.394736842105263,2.2,0.1052631578947368
82.39643557419564,3.394736842105263,2.2,0.1578947368421052
74.1136251955078,3.394736842105263,2.2,0.2105263157894736
69.00629060079288,3.394736842105263,2.2,0.2631578947368421
66.02154700151756,3.394736842105263,2.2,0.3157894736842105
64.59470996918256,3.394736842105263,2.2,0.3684210526315789
64.34272052694783,3.394736842105263,2.2,0.4210526315789473
64.98975866321308,3.394736842105263,2.2,0.4736842105263157
66.33366039067471,3.394736842105263,2.2,0.5263157894736842
68.22385909357904,3.394736842105263,2.2,0.5789473684210527
70.55040276872737,3.394736842105263,2.2,0.631578947368421
73.23269037776294,3.394736842105263,2.2,0.6842105263157894
76.2017278539562,3.394736842105263,2.2,0.7368421052631579
79.40321216850658,3.394736842105263,2.2,0.7894736842105263
82.79413267423764,3.394736842105263,2.2,0.8421052631578947
86.34013958944341,3.394736842105263,2.2,0.894736842105263
90.03430799325791,3.394736842105263,2.2,0.9473684210526316
93.87454144952665,3.394736842105263,2.2,1.0
124.92396303004574,3.394736842105263,2.2526315789473688,0.0
98.71726017069172,3.394736842105263,2.2526315789473688,0.0526315789473684
81.67202971890823,3.394736842105263,2.2526315789473688,0.1052631578947368
70.68608503891579,3.394736842105263,2.2526315789473688,0.1578947368421052
63.84367180016141,3.394736842105263,2.2526315789473688,0.2105263157894736
59.77809633712652,3.394736842105263,2.2526315789473688,0.2631578947368421
57.64440202667635,3.394736842105263,2.2526315789473688,0.3157894736842105
56.93985650756655,3.394736842105263,2.2526315789473688,0.3684210526315789
57.31089282494322,3.394736842105263,2.2526315789473688,0.4210526315789473
58.50323024643394,3.394736842105263,2.2526315789473688,0.4736842105263157
60.3304547161633,3.394736842105263,2.2526315789473688,0.5263157894736842
62.65627491122878,3.394736842105263,2.2526315789473688,0.5789473684210527
65.38313836371614,3.394736842105263,2.2526315789473688,0.631578947368421
68.42940255642661,3.394736842105263,2.2526315789473688,0.6842105263157894
71.73115852802914,3.394736842105263,2.2526315789473688,0.7368421052631579
75.23828523037774,3.394736842105263,2.2526315789473688,0.7894736842105263
78.91225332456327,3.394736842105263,2.2526315789473688,0.8421052631578947
82.75097759550513,3.394736842105263,2.2526315789473688,0.894736842105263
86.73902498815028,3.394736842105263,2.2526315789473688,0.9473684210526316
90.85202522145978,3.394736842105263,2.2526315789473688,1.0
112.4857796713575,3.394736842105263,2.305263157894737,0.0
87.47468561513794,3.394736842105263,2.305263157894737,0.0526315789473684
71.62251414585234,3.394736842105263,2.305263157894737,0.1052631578947368
61.6823659506692,3.394736842105263,2.305263157894737,0.1578947368421052
55.661989190168,3.394736842105263,2.305263157894737,0.2105263157894736
52.21228931628611,3.394736842105263,2.305263157894737,0.2631578947368421
50.624029521404296,3.394736842105263,2.305263157894737,0.3157894736842105
50.40741595927723,3.394736842105263,2.305263157894737,0.3684210526315789
51.21842558552421,3.394736842105263,2.305263157894737,0.4210526315789473
52.81087044649913,3.394736842105263,2.305263157894737,0.4736842105263157
55.00643277375959,3.394736842105263,2.305263157894737,0.5263157894736842
57.6792673872478,3.394736842105263,2.305263157894737,0.5789473684210527
60.72764168581434,3.394736842105263,2.305263157894737,0.631578947368421
64.07245697695048,3.394736842105263,2.305263157894737,0.6842105263157894
67.65236288103434,3.394736842105263,2.305263157894737,0.7368421052631579
71.42423865488942,3.394736842105263,2.305263157894737,0.7894736842105263
75.38288459797344,3.394736842105263,2.305263157894737,0.8421052631578947
79.50067697075905,3.394736842105263,2.305263157894737,0.894736842105263
83.74961728780087,3.394736842105263,2.305263157894737,0.9473684210526316
88.10683388390207,3.394736842105263,2.305263157894737,1.0
107.301502613851,3.394736842105263,2.357894736842105,0.0
81.31491171560266,3.394736842105263,2.357894736842105,0.0526315789473684
65.30292772782519,3.394736842105263,2.357894736842105,0.1052631578947368
55.511899125493954,3.394736842105263,2.357894736842105,0.1578947368421052
49.64558423938402,3.394736842105263,2.357894736842105,0.2105263157894736
46.40998144746029,3.394736842105263,2.357894736842105,0.2631578947368421
45.044479032742,3.394736842105263,2.357894736842105,0.3157894736842105
45.06453899354121,3.394736842105263,2.357894736842105,0.3684210526315789
46.11948629955356,3.394736842105263,2.357894736842105,0.4210526315789473
47.95752526131236,3.394736842105263,2.357894736842105,0.4736842105263157
50.403282882943984,3.394736842105263,2.357894736842105,0.5263157894736842
53.321084813050746,3.394736842105263,2.357894736842105,0.5789473684210527
56.60668828209717,3.394736842105263,2.357894736842105,0.631578947368421
60.18032894592993,3.394736842105263,2.357894736842105,0.6842105263157894
63.99149061955302,3.394736842105263,2.357894736842105,0.7368421052631579
68.02264344356587,3.394736842105263,2.357894736842105,0.7894736842105263
72.23374395458875,3.394736842105263,2.357894736842105,0.8421052631578947
76.59085301713988,3.394736842105263,2.357894736842105,0.894736842105263
81.06653891395602,3.394736842105263,2.357894736842105,0.9473684210526316
85.63851993003603,3.394736842105263,2.357894736842105,1.0
110.55233244157732,3.394736842105263,2.4105263157894736,0.0
80.9310860070608,3.394736842105263,2.4105263157894736,0.0526315789473684
63.15250619505856,3.394736842105263,2.4105263157894736,0.1052631578947368
52.421703424183406,3.394736842105263,2.4105263157894736,0.1578947368421052
46.02182612855271,3.394736842105263,2.4105263157894736,0.2105263157894736
42.523081638405145,3.394736842105263,2.4105263157894736,0.2631578947368421
41.04763510258225,3.394736842105263,2.4105263157894736,0.3157894736842105
41.03221841422676,3.394736842105263,2.4105263157894736,0.3684210526315789
42.11210842592979,3.394736842105263,2.4105263157894736,0.4210526315789473
44.02904108592771,3.394736842105263,2.4105263157894736,0.4736842105263157
46.585974151369136,3.394736842105263,2.4105263157894736,0.5263157894736842
49.63480707584561,3.394736842105263,2.4105263157894736,0.5789473684210527
53.06429645149959,3.394736842105263,2.4105263157894736,0.631578947368421
56.80944732479036,3.394736842105263,2.4105263157894736,0.6842105263157894
60.82865619044228,3.394736842105263,2.4105263157894736,0.7368421052631579
65.06689407862405,3.394736842105263,2.4105263157894736,0.7894736842105263
69.4803780948549,3.394736842105263,2.4105263157894736,0.8421052631578947
74.03412083019289,3.394736842105263,2.4105263157894736,0.894736842105263
78.7000039513041,3.394736842105263,2.4105263157894736,0.9473684210526316
83.45532838888788,3.394736842105263,2.4105263157894736,1.0
124.15686897800728,3.394736842105263,2.463157894736842,0.0
87.44011386229259,3.394736842105263,2.463157894736842,0.0526315789473684
65.87911812937533,3.394736842105263,2.463157894736842,0.1052631578947368
52.90614768219455,3.394736842105263,2.463157894736842,0.1578947368421052
45.16109474221872,3.394736842105263,2.463157894736842,0.2105263157894736
40.82528502201016,3.394736842105263,2.463157894736842,0.2631578947368421
38.82505116210018,3.394736842105263,2.463157894736842,0.3157894736842105
38.47889990266355,3.394736842105263,2.463157894736842,0.3684210526315789
39.35075468436642,3.394736842105263,2.463157894736842,0.4210526315789473
41.147354437185335,3.394736842105263,2.463157894736842,0.4736842105263157
43.65377862257716,3.394736842105263,2.463157894736842,0.5263157894736842
46.70329386747942,3.394736842105263,2.463157894736842,0.5789473684210527
50.19975442432904,3.394736842105263,2.463157894736842,0.631578947368421
54.06206911205369,3.394736842105263,2.463157894736842,0.6842105263157894
58.21310288674105,3.394736842105263,2.463157894736842,0.7368421052631579
62.59250472744757,3.394736842105263,2.463157894736842,0.7894736842105263
67.15264596962436,3.394736842105263,2.463157894736842,0.8421052631578947
71.85567569916174,3.394736842105263,2.463157894736842,0.894736842105263
76.67134689888705,3.394736842105263,2.463157894736842,0.9473684210526316
81.57538685999954,3.394736842105263,2.463157894736842,1.0
151.1921236407891,3.394736842105263,2.515789473684211,0.0
102.5679266889444,3.394736842105263,2.515789473684211,0.0526315789473684
74.46822191277754,3.394736842105263,2.515789473684211,0.1052631578947368
57.67384642285448,3.394736842105263,2.515789473684211,0.1578947368421052
47.58298809200249,3.394736842105263,2.515789473684211,0.2105263157894736
41.72005168897923,3.394736842105263,2.515789473684211,0.2631578947368421
38.6836495269573,3.394736842105263,2.515789473684211,0.3157894736842105
37.63547824753731,3.394736842105263,2.515789473684211,0.3684210526315789
38.0242614749648,3.394736842105263,2.515789473684211,0.4210526315789473
39.4806949029464,3.394736842105263,2.515789473684211,0.4736842105263157
41.7507547523245,3.394736842105263,2.515789473684211,0.5263157894736842
44.685475792583546,3.394736842105263,2.515789473684211,0.5789473684210527
48.146037783975125,3.394736842105263,2.515789473684211,0.631578947368421
52.01692613446789,3.394736842105263,2.515789473684211,0.6842105263157894
56.209310391310666,3.394736842105263,2.515789473684211,0.7368421052631579
60.65409643333003,3.394736842105263,2.515789473684211,0.7894736842105263
65.29705225830632,3.394736842105263,2.515789473684211,0.8421052631578947
70.09530403716283,3.394736842105263,2.515789473684211,0.894736842105263
75.01476640152087,3.394736842105263,2.515789473684211,0.9473684210526316
80.0282264421265,3.394736842105263,2.515789473684211,1.0
196.34905751154227,3.394736842105263,2.568421052631579,0.0
128.93825057473006,3.394736842105263,2.568421052631579,0.0526315789473684
90.52178617668584,3.394736842105263,2.568421052631579,0.1052631578947368
67.74524070036865,3.394736842105263,2.568421052631579,0.1578947368421052
53.967961505557646,3.394736842105263,2.568421052631579,0.2105263157894736
45.70786273736873,3.394736842105263,2.568421052631579,0.2631578947368421
41.037747338101646,3.394736842105263,2.568421052631579,0.3157894736842105
38.835600616311126,3.394736842105263,2.568421052631579,0.3684210526315789
38.38875545306684,3.394736842105263,2.568421052631579,0.4210526315789473
39.241469411238086,3.394736842105263,2.568421052631579,0.4736842105263157
41.109798939029936,3.394736842105263,2.568421052631579,0.5263157894736842
43.76289216484122,3.394736842105263,2.568421052631579,0.5789473684210527
47.03066854886988,3.394736842105263,2.568421052631579,0.631578947368421
50.78113069693632,3.394736842105263,2.568421052631579,0.6842105263157894
54.9079431132551,3.394736842105263,2.568421052631579,0.7368421052631579
59.32887552491723,3.394736842105263,2.568421052631579,0.7894736842105263
63.97971517737775,3.394736842105263,2.568421052631579,0.8421052631578947
68.80993293767749,3.394736842105263,2.568421052631579,0.894736842105263
73.77952953343717,3.394736842105263,2.568421052631579,0.9473684210526316
78.8566990008432,3.394736842105263,2.568421052631579,1.0
266.66086434714,3.394736842105263,2.6210526315789475,0.0
170.39230518502046,3.394736842105263,2.6210526315789475,0.0526315789473684
116.36681194519808,3.394736842105263,2.6210526315789475,0.1052631578947368
84.61257879377271,3.394736842105263,2.6210526315789475,0.1578947368421052
65.32984665346548,3.394736842105263,2.6210526315789475,0.2105263157894736
53.493935671004415,3.394736842105263,2.6210526315789475,0.2631578947368421
46.39315904864956,3.394736842105263,2.6210526315789475,0.3157894736842105
42.4678047937922,3.394736842105263,2.6210526315789475,0.3684210526315789
40.78658025307695,3.394736842105263,2.6210526315789475,0.4210526315789473
40.76055600503566,3.394736842105263,2.6210526315789475,0.4736842105263157
41.96719207608548,3.394736842105263,2.6210526315789475,0.5263157894736842
44.12640716701245,3.394736842105263,2.6210526315789475,0.5789473684210527
47.02426527111974,3.394736842105263,2.6210526315789475,0.631578947368421
50.498610006155175,3.394736842105263,2.6210526315789475,0.6842105263157894
54.43106335573864,3.394736842105263,2.6210526315789475,0.7368421052631579
58.7210324532681,3.394736842105263,2.6210526315789475,0.7894736842105263
63.290107033707855,3.394736842105263,2.6210526315789475,0.8421052631578947
68.0768335927017,3.394736842105263,2.6210526315789475,0.894736842105263
73.0327333232069,3.394736842105263,2.6210526315789475,0.9473684210526316
78.11937248244949,3.394736842105263,2.6210526315789475,1.0
372.6084145840959,3.394736842105263,2.673684210526316,0.0
232.6354363844242,3.394736842105263,2.673684210526316,0.0526315789473684
155.32840647537202,3.394736842105263,2.673684210526316,0.1052631578947368
110.3620382490286,3.394736842105263,2.673684210526316,0.1578947368421052
83.07243347942553,3.394736842105263,2.673684210526316,0.2105263157894736
66.0825687931351,3.394736842105263,2.673684210526316,0.2631578947368421
55.48286007410932,3.394736842105263,2.673684210526316,0.3157894736842105
49.10281275016749,3.394736842105263,2.673684210526316,0.3684210526315789
45.6665279514987,3.394736842105263,2.673684210526316,0.4210526315789473
44.34896651025558,3.394736842105263,2.673684210526316,0.4736842105263157
44.5917704141251,3.394736842105263,2.673684210526316,0.5263157894736842
46.00806128995476,3.394736842105263,2.673684210526316,0.5789473684210527
48.32908463123668,3.394736842105263,2.673684210526316,0.631578947368421
51.35565305780428,3.394736842105263,2.673684210526316,0.6842105263157894
54.938711498613735,3.394736842105263,2.673684210526316,0.7368421052631579
58.96727337190889,3.394736842105263,2.673684210526316,0.7894736842105263
63.34574196248216,3.394736842105263,2.673684210526316,0.8421052631578947
67.99762320234407,3.394736842105263,2.673684210526316,0.894736842105263
72.8627444142245,3.394736842105263,2.673684210526316,0.9473684210526316
77.8935060784904,3.394736842105263,2.673684210526316,1.0
529.8689530288166,3.394736842105263,2.726315789473684,0.0
324.0253257196736,3.394736842105263,2.726315789473684,0.0526315789473684
212.16280842632557,3.394736842105263,2.726315789473684,0.1052631578947368
147.90930184882478,3.394736842105263,2.726315789473684,0.1578947368421052
109.1204040975874,3.394736842105263,2.726315789473684,0.2105263157894736
84.81644703226581,3.394736842105263,2.726315789473684,0.2631578947368421
69.32500405400525,3.394736842105263,2.726315789473684,0.3157894736842105
59.533851848711656,3.394736842105263,2.726315789473684,0.3684210526315789
53.61775487089478,3.394736842105263,2.726315789473684,0.4210526315789473
50.45581587079881,3.394736842105263,2.726315789473684,0.4736842105263157
49.30827415733081,3.394736842105263,2.726315789473684,0.5263157894736842
49.66463068080376,3.394736842105263,2.726315789473684,0.5789473684210527
51.163875536901024,3.394736842105263,2.726315789473684,0.631578947368421
53.551382215342464,3.394736842105263,2.726315789473684,0.6842105263157894
56.628673823662965,3.394736842105263,2.726315789473684,0.7368421052631579
60.24375309296816,3.394736842105263,2.726315789473684,0.7894736842105263
64.29803053636972,3.394736842105263,2.726315789473684,0.8421052631578947
68.70324675757125,3.394736842105263,2.726315789473684,0.894736842105263
73.38346789485101,3.394736842105263,2.726315789473684,0.9473684210526316
78.27873197524217,3.394736842105263,2.726315789473684,1.0
762.0402833318763,3.394736842105263,2.778947368421053,0.0
456.84983719032175,3.394736842105263,2.778947368421053,0.0526315789473684
293.7022502143708,3.394736842105263,2.778947368421053,0.1052631578947368
201.3470555907249,3.394736842105263,2.778947368421053,0.1578947368421052
146.10477755447525,3.394736842105263,2.778947368421053,0.2105263157894736
111.54158403040545,3.394736842105263,2.778947368421053,0.2631578947368421
89.26068254333505,3.394736842105263,2.778947368421053,0.3157894736842105
74.7401410528775,3.394736842105263,2.778947368421053,0.3684210526315789
65.40243579041852,3.394736842105263,2.778947368421053,0.4210526315789473
59.688723632045935,3.394736842105263,2.778947368421053,0.4736842105263157
56.60701089153879,3.394736842105263,2.778947368421053,0.5263157894736842
55.47839189890858,3.394736842105263,2.778947368421053,0.5789473684210527
55.82589014651893,3.394736842105263,2.778947368421053,0.631578947368421
57.30612383488069,3.394736842105263,2.778947368421053,0.6842105263157894
59.67325868192554,3.394736842105263,2.778947368421053,0.7368421052631579
62.73237814321342,3.394736842105263,2.778947368421053,0.7894736842105263
66.33196571507415,3.394736842105263,2.778947368421053,0.8421052631578947
70.3601529769637,3.394736842105263,2.778947368421053,0.894736842105263
74.73963399108133,3.394736842105263,2.778947368421053,0.9473684210526316
79.401601449536,3.394736842105263,2.778947368421053,1.0
1104.6727863980138,3.394736842105263,2.8315789473684214,0.0
649.2744531365613,3.394736842105263,2.8315789473684214,0.0526315789473684
409.825115810963,3.394736842105263,2.8315789473684214,0.1052631578947368
276.4424134094807,3.394736842105263,2.8315789473684214,0.1578947368421052
197.69051268048412,3.394736842105263,2.8315789473684214,0.2105263157894736
148.71290918559131,3.394736842105263,2.8315789473684214,0.2631578947368421
117.01553100951044,3.394736842105263,2.8315789473684214,0.3157894736842105
96.00622799699391,3.394736842105263,2.8315789473684214,0.3684210526315789
82.00524261958051,3.394736842105263,2.8315789473684214,0.4210526315789473
72.83151958931118,3.394736842105263,2.8315789473684214,0.4736842105263157
67.11862804000097,3.394736842105263,2.8315789473684214,0.5263157894736842
63.96375395182425,3.394736842105263,2.8315789473684214,0.5789473684210527
62.73239833408491,3.394736842105263,2.8315789473684214,0.631578947368421
62.97081287657201,3.394736842105263,2.8315789473684214,0.6842105263157894
64.34738886632138,3.394736842105263,2.8315789473684214,0.7368421052631579
66.62121674064815,3.394736842105263,2.8315789473684214,0.7894736842105263
69.59870825440865,3.394736842105263,2.8315789473684214,0.8421052631578947
73.12886615591216,3.394736842105263,2.8315789473684214,0.894736842105263
77.09593686584742,3.394736842105263,2.8315789473684214,0.9473684210526316
81.4185507948226,3.394736842105263,2.8315789473684214,1.0
1611.56894640756,3.394736842105263,2.8842105263157896,0.0
928.3176896861736,3.394736842105263,2.8842105263157896,0.0526315789473684
574.9087158775865,3.394736842105263,2.8842105263157896,0.1052631578947368
381.4230078244913,3.394736842105263,2.8842105263157896,0.1578947368421052
268.8999361932638,3.394736842105263,2.8842105263157896,0.2105263157894736
199.6165029489702,3.394736842105263,2.8842105263157896,0.2631578947368421
154.8851562772048,3.394736842105263,2.8842105263157896,0.3157894736842105
125.01677826063822,3.394736842105263,2.8842105263157896,0.3684210526315789
104.70963616010698,3.394736842105263,2.8842105263157896,0.4210526315789473
90.886186838854,3.394736842105263,2.8842105263157896,0.4736842105263157
81.65063650964596,3.394736842105263,2.8842105263157896,0.5263157894736842
75.77679954488782,3.394736842105263,2.8842105263157896,0.5789473684210527
72.42282469215742,3.394736842105263,2.8842105263157896,0.631578947368421
70.98693584548626,3.394736842105263,2.8842105263157896,0.6842105263157894
71.03114400381327,3.394736842105263,2.8842105263157896,0.7368421052631579
72.23131639991584,3.394736842105263,2.8842105263157896,0.7894736842105263
74.34856480644655,3.394736842105263,2.8842105263157896,0.8421052631578947
77.18896163655407,3.394736842105263,2.8842105263157896,0.894736842105263
80.60071896302632,3.394736842105263,2.8842105263157896,0.9473684210526316
84.46516664771077,3.394736842105263,2.8842105263157896,1.0
2364.522597135146,3.394736842105263,2.936842105263158,0.0
1334.411592171696,3.394736842105263,2.936842105263158,0.0526315789473684
810.0538824227018,3.394736842105263,2.936842105263158,0.1052631578947368
527.9930051722371,3.394736842105263,2.936842105263158,0.1578947368421052
366.713092702056,3.394736842105263,2.936842105263158,0.2105263157894736
268.7310436976721,3.394736842105263,2.936842105263158,0.2631578947368421
205.93579812800192,3.394736842105263,2.936842105263158,0.3157894736842105
163.98627267792514,3.394736842105263,2.936842105263158,0.3684210526315789
135.18257359024742,3.394736842105263,2.936842105263158,0.4210526315789473
115.14553720259308,3.394736842105263,2.936842105263158,0.4736842105263157
101.23142450174753,3.394736842105263,2.936842105263158,0.5263157894736842
91.7520333486824,3.394736842105263,2.936842105263158,0.5789473684210527
85.58125599001049,3.394736842105263,2.936842105263158,0.631578947368421
81.92073524035561,3.394736842105263,2.936842105263158,0.6842105263157894
80.19194120856807,3.394736842105263,2.936842105263158,0.7368421052631579
79.96707687215866,3.394736842105263,2.936842105263158,0.7894736842105263
80.92622560677131,3.394736842105263,2.936842105263158,0.8421052631578947
82.83026473200655,3.394736842105263,2.936842105263158,0.894736842105263
85.48362667483144,3.394736842105263,2.936842105263158,0.9473684210526316
88.73268130073119,3.394736842105263,2.936842105263158,1.0
3488.423045084414,3.394736842105263,2.9894736842105267,0.0
1928.400337047833,3.394736842105263,2.9894736842105267,0.0526315789473684
1146.3299346950116,3.394736842105263,2.9894736842105267,0.1052631578947368
733.0162891688533,3.394736842105263,2.9894736842105267,0.1578947368421052
500.9482145562345,3.394736842105263,2.9894736842105267,0.2105263157894736
362.2031065760324,3.394736842105263,2.9894736842105267,0.2631578947368421
274.2851620779899,3.394736842105263,2.9894736842105267,0.3157894736842105
215.83646041108716,3.394736842105263,2.9894736842105267,0.3684210526315789
175.59356327893562,3.394736842105263,2.9894736842105267,0.4210526315789473
147.27698579504917,3.394736842105263,2.9894736842105267,0.4736842105263157
127.1718781147236,3.394736842105263,2.9894736842105267,0.5263157894736842
112.94910078207448,3.394736842105263,2.9894736842105267,0.5789473684210527
103.07298827249538,3.394736842105263,2.9894736842105267,0.631578947368421
96.48702239197368,3.394736842105263,2.9894736842105267,0.6842105263157894
92.424893437779,3.394736842105263,2.9894736842105267,0.7368421052631579
90.32378166130428,3.394736842105263,2.9894736842105267,0.7894736842105263
89.76181509761662,3.394736842105263,2.9894736842105267,0.8421052631578947
90.42073520945831,3.394736842105263,2.9894736842105267,0.894736842105263
92.0593725193636,3.394736842105263,2.9894736842105267,0.9473684210526316
94.47945959978505,3.394736842105263,2.9894736842105267,1.0
5174.648481038052,3.394736842105263,3.042105263157895,0.0
2802.2294646545547,3.394736842105263,3.042105263157895,0.0526315789473684
1629.8994713596412,3.394736842105263,3.042105263157895,0.1052631578947368
1021.0131815279016,3.394736842105263,3.042105263157895,0.1578947368421052
685.5318076120965,3.394736842105263,3.042105263157895,0.2105263157894736
488.53431251452247,3.394736842105263,3.042105263157895,0.2631578947368421
365.4989267542401,3.394736842105263,3.042105263157895,0.3157894736842105
284.441072147452,3.394736842105263,3.042105263157895,0.3684210526315789
228.77563213992863,3.394736842105263,3.042105263157895,0.4210526315789473
189.43280098982223,3.394736842105263,3.042105263157895,0.4736842105263157
161.15449863883762,3.394736842105263,3.042105263157895,0.5263157894736842
140.70754532586005,3.394736842105263,3.042105263157895,0.5789473684210527
125.9922464364408,3.394736842105263,3.042105263157895,0.631578947368421
115.58567344674027,3.394736842105263,3.042105263157895,0.6842105263157894
108.47841742050043,3.394736842105263,3.042105263157895,0.7368421052631579
103.92770178075313,3.394736842105263,3.042105263157895,0.7894736842105263
101.38062443430476,3.394736842105263,3.042105263157895,0.8421052631578947
100.41787252219632,3.394736842105263,3.042105263157895,0.894736842105263
100.72076789310738,3.394736842105263,3.042105263157895,0.9473684210526316
102.0445901886214,3.394736842105263,3.042105263157895,1.0
7717.404572399411,3.394736842105263,3.094736842105263,0.0
4095.627002717901,3.394736842105263,3.094736842105263,0.0526315789473684
2329.805169037576,3.394736842105263,3.094736842105263,0.1052631578947368
1427.9146517014267,3.394736842105263,3.094736842105263,0.1578947368421052
940.3872389993268,3.394736842105263,3.094736842105263,0.2105263157894736
659.5825233071863,3.394736842105263,3.094736842105263,0.2631578947368421
487.1552971183367,3.394736842105263,3.094736842105263,0.3157894736842105
374.9660719846394,3.394736842105263,3.094736842105263,0.3684210526315789
298.444213622913,3.394736842105263,3.094736842105263,0.4210526315789473
244.39937705285743,3.394736842105263,3.094736842105263,0.4736842105263157
205.3361664634633,3.394736842105263,3.094736842105263,0.5263157894736842
176.73619003766453,3.394736842105263,3.094736842105263,0.5789473684210527
155.71772006939594,3.394736842105263,3.094736842105263,0.631578947368421
140.34960720267276,3.394736842105263,3.094736842105263,0.6842105263157894
129.2908145812476,3.394736842105263,3.094736842105263,0.7368421052631579
121.56391799982458,3.394736842105263,3.094736842105263,0.7894736842105263
116.4426031994737,3.394736842105263,3.094736842105263,0.8421052631578947
113.3793184539724,3.394736842105263,3.094736842105263,0.894736842105263
111.95457445936584,3.394736842105263,3.094736842105263,0.9473684210526316
111.84752684464615,3.394736842105263,3.094736842105263,1.0
11570.467698504955,3.394736842105263,3.147368421052632,0.0
6021.864150148032,3.394736842105263,3.147368421052632,0.0526315789473684
3349.9180335143647,3.394736842105263,3.147368421052632,0.1052631578947368
2006.7639363304384,3.394736842105263,3.147368421052632,0.1578947368421052
1294.260147384175,3.394736842105263,3.147368421052632,0.2105263157894736
892.0314882338159,3.394736842105263,3.147368421052632,0.2631578947368421
649.6555215063189,3.394736842105263,3.147368421052632,0.3157894736842105
494.3467420272378,3.394736842105263,3.147368421052632,0.3684210526315789
389.4971229459831,3.394736842105263,3.147368421052632,0.4210526315789473
315.79768989768115,3.394736842105263,3.147368421052632,0.4736842105263157
262.4891881208179,3.394736842105263,3.147368421052632,0.5263157894736842
223.21429916368345,3.394736842105263,3.147368421052632,0.5789473684210527
193.99395794164823,3.394736842105263,3.147368421052632,0.631578947368421
172.2041971379508,3.394736842105263,3.147368421052632,0.6842105263157894
156.03878346066088,3.394736842105263,3.147368421052632,0.7368421052631579
144.21311661100293,3.394736842105263,3.147368421052632,0.7894736842105263
135.77275453569652,3.394736842105263,3.147368421052632,0.8421052631578947
130.00146066629432,3.394736842105263,3.147368421052632,0.894736842105263
126.35333387368198,3.394736842105263,3.147368421052632,0.9473684210526316
124.40641666371222,3.394736842105263,3.147368421052632,1.0
17435.627044945482,3.394736842105263,3.2,0.0
8907.724848664137,3.394736842105263,3.2,0.0526315789473684
4847.344113032779,3.394736842105263,3.2,0.1052631578947368
2836.411866482239,3.394736842105263,3.2,0.1578947368421052
1788.968982382988,3.394736842105263,3.2,0.2105263157894736
1209.5632520870945,3.394736842105263,3.2,0.2631578947368421
867.396953461798,3.394736842105263,3.2,0.3157894736842105
651.9623108142297,3.394736842105263,3.2,0.3684210526315789
508.4289968883337,3.394736842105263,3.2,0.4210526315789473
408.35441764937246,3.394736842105263,3.2,0.4736842105263157
336.1886867359533,3.394736842105263,3.2,0.5263157894736842
282.92599573806825,3.394736842105263,3.2,0.5789473684210527
243.0375803743777,3.394736842105263,3.2,0.631578947368421
212.94001610106545,3.394736842105263,3.2,0.6842105263157894
190.19897701935253,3.394736842105263,3.2,0.7368421052631579
173.10089132188213,3.394736842105263,3.2,0.7894736842105263
160.39827516802094,3.394736842105263,3.2,0.8421052631578947
151.1527070745088,3.394736842105263,3.2,0.894736842105263
144.6528820669539,3.394736842105263,3.2,0.9473684210526316
140.3514671153649,3.394736842105263,3.2,1.0
151.3407169834341,3.5,2.2,0.0
120.5735507486134,3.5,2.2,0.0526315789473684
100.04780472024528,3.5,2.2,0.1052631578947368
86.38839873359603,3.5,2.2,0.1578947368421052
77.47948274463212,3.5,2.2,0.2105263157894736
71.89061275018668,3.5,2.2,0.2631578947368421
68.52577864293961,3.5,2.2,0.3157894736842105
66.78874074851292,3.5,2.2,0.3684210526315789
66.28092922755103,3.5,2.2,0.4210526315789473
66.71520114967362,3.5,2.2,0.4736842105263157
67.88095854771191,3.5,2.2,0.5263157894736842
69.62124123310346,3.5,2.2,0.5789473684210527
71.81959341017262,3.5,2.2,0.631578947368421
74.3928125525325,3.5,2.2,0.6842105263157894
77.26949633859307,3.5,2.2,0.7368421052631579
80.3928710237058,3.5,2.2,0.7894736842105263
83.717931221504,3.5,2.2,0.8421052631578947
87.20870300693124,3.5,2.2,0.894736842105263
90.843455709312,3.5,2.2,0.9473684210526316
94.62975266680148,3.5,2.2,1.0
132.11080511746297,3.5,2.2526315789473688,0.0
104.44700177073634,3.5,2.2526315789473688,0.0526315789473684
86.34205433703038,3.5,2.2526315789473688,0.1052631578947368
74.55863631991863,3.5,2.2526315789473688,0.1578947368421052
67.09763010118051,3.5,2.2526315789473688,0.2105263157894736
62.55595156346858,3.5,2.2526315789473688,0.2631578947368421
60.03900703777965,3.5,2.2526315789473688,0.3157894736842105
59.02200441426239,3.5,2.2526315789473688,0.3684210526315789
59.13571280875586,3.5,2.2526315789473688,0.4210526315789473
60.11442783910078,3.5,2.2526315789473688,0.4736842105263157
61.7632171485686,3.5,2.2526315789473688,0.5263157894736842
63.93802459313116,3.5,2.2526315789473688,0.5789473684210527
66.5369170957422,3.5,2.2526315789473688,0.631578947368421
69.47531663498576,3.5,2.2526315789473688,0.6842105263157894
72.68617067666281,3.5,2.2526315789473688,0.7368421052631579
76.11683981976704,3.5,2.2526315789473688,0.7894736842105263
79.72563642792053,3.5,2.2526315789473688,0.8421052631578947
83.4943935763379,3.5,2.2526315789473688,0.894736842105263
87.42256746765241,3.5,2.2526315789473688,0.9473684210526316
91.48524149869657,3.5,2.2526315789473688,1.0
119.89431048941928,3.5,2.305263157894737,0.0
93.32520426110842,3.5,2.305263157894737,0.0526315789473684
76.35621731804264,3.5,2.305263157894737,0.1052631578947368
65.58206924850327,3.5,2.305263157894737,0.1578947368421052
58.93275829368207,3.5,2.305263157894737,0.2105263157894736
54.98801267151008,3.5,2.305263157894737,0.2631578947368421
52.99695189131759,3.5,2.305263157894737,0.3157894736842105
52.45280814838655,3.5,2.305263157894737,0.3684210526315789
52.99476900040365,3.5,2.305263157894737,0.4210526315789473
54.36446671955045,3.5,2.305263157894737,0.4736842105263157
56.37353158385257,3.5,2.305263157894737,0.5263157894736842
58.88919970129016,3.5,2.305263157894737,0.5789473684210527
61.80576388060508,3.5,2.305263157894737,0.631578947368421
65.03991762341626,3.5,2.305263157894737,0.6842105263157894
68.526972870018,3.5,2.305263157894737,0.7368421052631579
72.21632650848203,3.5,2.305263157894737,0.7894736842105263
76.09309284882713,3.5,2.305263157894737,0.8421052631578947
80.14161175483682,3.5,2.305263157894737,0.894736842105263
84.33231640800273,3.5,2.305263157894737,0.9473684210526316
88.64103126700473,3.5,2.305263157894737,1.0
115.34259174083095,3.5,2.357894736842105,0.0
87.58004866154496,3.5,2.357894736842105,0.0526315789473684
70.32111792592589,3.5,2.357894736842105,0.1052631578947368
59.6167030497086,3.5,2.357894736842105,0.1578947368421052
53.06589366439605,3.5,2.357894736842105,0.2105263157894736
49.29313553001396,3.5,2.357894736842105,0.2631578947368421
47.49518614813263,3.5,2.357894736842105,0.3157894736842105
47.15795068169467,3.5,2.357894736842105,0.3684210526315789
47.92042367100903,3.5,2.357894736842105,0.4210526315789473
49.5164578747621,3.5,2.357894736842105,0.4736842105263157
51.75981835265485,3.5,2.357894736842105,0.5263157894736842
54.50887962892635,3.5,2.357894736842105,0.5789473684210527
57.65344210356408,3.5,2.357894736842105,0.631578947368421
61.10908017331764,3.5,2.357894736842105,0.6842105263157894
64.8125536114828,3.5,2.357894736842105,0.7368421052631579
68.74452157558973,3.5,2.357894736842105,0.7894736842105263
72.87182257065491,3.5,2.357894736842105,0.8421052631578947
77.15845181633557,3.5,2.357894736842105,0.894736842105263
81.5752746649815,3.5,2.357894736842105,0.9473684210526316
86.09859718663559,3.5,2.357894736842105,1.0
119.702553013518,3.5,2.4105263157894736,0.0
87.95606961104761,3.5,2.4105263157894736,0.0526315789473684
68.71725400499096,3.5,2.4105263157894736,0.1052631578947368
56.93912207258034,3.5,2.4105263157894736,0.1578947368421052
49.7532287804648,3.5,2.4105263157894736,0.2105263157894736
45.64221601941685,3.5,2.4105263157894736,0.2631578947368421
43.68035897658383,3.5,2.4105263157894736,0.3157894736842105
43.27022903625107,3.5,2.4105263157894736,0.3684210526315789
44.02123797150993,3.5,2.4105263157894736,0.4210526315789473
45.66501678832964,3.5,2.4105263157894736,0.4736842105263157
47.99593891108898,3.5,2.4105263157894736,0.5263157894736842
50.85693473817372,3.5,2.4105263157894736,0.5789473684210527
54.12987895710608,3.5,2.4105263157894736,0.631578947368421
57.73131242126676,3.5,2.4105263157894736,0.6842105263157894
61.62488373771084,3.5,2.4105263157894736,0.7368421052631579
65.75715773255514,3.5,2.4105263157894736,0.7894736842105263
70.0815008820995,3.5,2.4105263157894736,0.8421052631578947
74.56059889771147,3.5,2.4105263157894736,0.894736842105263
79.16442096237657,3.5,2.4105263157894736,0.9473684210526316
83.86868675473049,3.5,2.4105263157894736,1.0
135.0465788820092,3.5,2.463157894736842,0.0
95.62750845262946,3.5,2.463157894736842,0.0526315789473684
72.28308425024386,3.5,2.463157894736842,0.1052631578947368
58.06728876427656,3.5,2.463157894736842,0.1578947368421052
49.3953450590034,3.5,2.463157894736842,0.2105263157894736
44.33765899047875,3.5,2.463157894736842,0.2631578947368421
41.76805915294279,3.5,2.463157894736842,0.3157894736842105
40.96507629198334,3.5,2.463157894736842,0.3684210526315789
41.46123280720602,3.5,2.463157894736842,0.4210526315789473
42.94536962940715,3.5,2.463157894736842,0.4736842105263157
45.19129676422815,3.5,2.463157894736842,0.5263157894736842
48.02445470115405,3.5,2.463157894736842,0.5789473684210527
51.324894288848654,3.5,2.463157894736842,0.631578947368421
55.02123695121927,3.5,2.463157894736842,0.6842105263157894
59.03265559679785,3.5,2.463157894736842,0.7368421052631579
63.29468259165313,3.5,2.463157894736842,0.7894736842105263
67.7563688493727,3.5,2.463157894736842,0.8421052631578947
72.37716295871286,3.5,2.463157894736842,0.894736842105263
77.12460594862615,3.5,2.463157894736842,0.9473684210526316
81.97260221778933,3.5,2.463157894736842,1.0
164.67749832176648,3.5,2.515789473684211,0.0
112.47722807208692,3.5,2.515789473684211,0.0526315789473684
82.09681547884819,3.5,2.515789473684211,0.1052631578947368
63.74018471954438,3.5,2.515789473684211,0.1578947368421052
52.5174134805111,3.5,2.515789473684211,0.2105263157894736
45.80015606775191,3.5,2.515789473684211,0.2631578947368421
42.09272691380334,3.5,2.515789473684211,0.3157894736842105
40.49767748389544,3.5,2.515789473684211,0.3684210526315789
40.44331494848209,3.5,2.515789473684211,0.4210526315789473
41.53501428754318,3.5,2.515789473684211,0.4736842105263157
43.49981279088704,3.5,2.515789473684211,0.5263157894736842
46.16204031641061,3.5,2.515789473684211,0.5789473684210527
49.39492625759115,3.5,2.515789473684211,0.631578947368421
53.07506401172047,3.5,2.515789473684211,0.6842105263157894
57.10741064111856,3.5,2.515789473684211,0.7368421052631579
61.41793460150356,3.5,2.515789473684211,0.7894736842105263
65.94843896819425,3.5,2.515789473684211,0.8421052631578947
70.65283807569169,3.5,2.515789473684211,0.894736842105263
75.49442536919072,3.5,2.515789473684211,0.9473684210526316
80.44383509139546,3.5,2.515789473684211,1.0
213.5987427148435,3.5,2.568421052631579,0.0
141.31610694794142,3.5,2.568421052631579,0.0526315789473684
99.87853304677874,3.5,2.568421052631579,0.1052631578947368
75.08348959611403,3.5,2.568421052631579,0.1578947368421052
59.87451181002774,3.5,2.568421052631579,0.2105263157894736
50.55091263266032,3.5,2.568421052631579,0.2631578947368421
45.061668240344645,3.5,2.568421052631579,0.3157894736842105
42.21295280539904,3.5,2.568421052631579,0.3684210526315789
41.24602381513056,3.5,2.568421052631579,0.4210526315789473
41.65742267036906,3.5,2.568421052631579,0.4736842105263157
43.14661824792295,3.5,2.568421052631579,0.5263157894736842
45.4848290179652,3.5,2.568421052631579,0.5789473684210527
48.4843032271992,3.5,2.568421052631579,0.631578947368421
52.01002694933045,3.5,2.568421052631579,0.6842105263157894
55.9486387623152,3.5,2.568421052631579,0.7368421052631579
60.21186811188647,3.5,2.568421052631579,0.7894736842105263
64.73067462684163,3.5,2.568421052631579,0.8421052631578947
69.45063486759848,3.5,2.568421052631579,0.894736842105263
74.32858335968193,3.5,2.568421052631579,0.9473684210526316
79.33012251938136,3.5,2.568421052631579,1.0
289.30303928519294,3.5,2.6210526315789475,0.0
186.2390424966873,3.5,2.6210526315789475,0.0526315789473684
128.1126660718339,3.5,2.6210526315789475,0.1052631578947368
93.6927000775534,3.5,2.6210526315789475,0.1578947368421052
72.5614649866368,3.5,2.6210526315789475,0.2105263157894736
59.37479696603414,3.5,2.6210526315789475,0.2631578947368421
51.24819411728441,3.5,2.6210526315789475,0.3157894736842105
46.52175007326728,3.5,2.6210526315789475,0.3684210526315789
44.19237752337687,3.5,2.6210526315789475,0.4210526315789473
43.63485160999023,3.5,2.6210526315789475,0.4736842105263157
44.40592904668215,3.5,2.6210526315789475,0.5263157894736842
46.192499786627295,3.5,2.6210526315789475,0.5789473684210527
48.77541112424816,3.5,2.6210526315789475,0.631578947368421
51.98264978805291,3.5,2.6210526315789475,0.6842105263157894
55.689351748906645,3.5,2.6210526315789475,0.7368421052631579
59.79025782707072,3.5,2.6210526315789475,0.7894736842105263
64.20099191628911,3.5,2.6210526315789475,0.8421052631578947
68.85530884010745,3.5,2.6210526315789475,0.894736842105263
73.70084889427545,3.5,2.6210526315789475,0.9473684210526316
78.69601255076039,3.5,2.6210526315789475,1.0
402.95787820374767,3.5,2.673684210526316,0.0
253.3198309976436,3.5,2.673684210526316,0.0526315789473684
170.34494700767377,3.5,2.673684210526316,0.1052631578947368
121.7950037374117,3.5,2.673684210526316,0.1578947368421052
92.07782898108026,3.5,2.673684210526316,0.2105263157894736
73.34711268955458,3.5,2.673684210526316,0.2631578947368421
61.4448188315029,3.5,2.673684210526316,0.3157894736842105
54.04491198714944,3.5,2.673684210526316,0.3684210526315789
49.79580249863372,3.5,2.673684210526316,0.4210526315789473
47.82419213315077,3.5,2.673684210526316,0.4736842105263157
47.534593427589726,3.5,2.673684210526316,0.5263157894736842
48.51321029353248,3.5,2.673684210526316,0.5789473684210527
50.47014064417581,3.5,2.673684210526316,0.631578947368421
53.18881955839991,3.5,2.673684210526316,0.6842105263157894
56.50311136661036,3.5,2.673684210526316,0.7368421052631579
60.301608736337954,3.5,2.673684210526316,0.7894736842105263
64.4872695607835,3.5,2.673684210526316,0.8421052631578947
68.97763868886051,3.5,2.673684210526316,0.894736842105263
73.7077341625332,3.5,2.673684210526316,0.9473684210526316
78.6260467837608,3.5,2.673684210526316,1.0
571.2396638678163,3.5,2.726315789473684,0.0
351.45631554028046,3.5,2.726315789473684,0.0526315789473684
231.64292812023132,3.5,2.726315789473684,0.1052631578947368
162.4992755936131,3.5,2.726315789473684,0.1578947368421052
120.47800062145518,3.5,2.726315789473684,0.2105263157894736
93.90322234160524,3.5,2.726315789473684,0.2631578947368421
76.72166466797286,3.5,2.726315789473684,0.3157894736842105
65.6359657354916,3.5,2.726315789473684,0.3684210526315789
58.70329238429284,3.5,2.726315789473684,0.4210526315789473
54.72713803906711,3.5,2.726315789473684,0.4736842105263157
52.920198839650965,3.5,2.726315789473684,0.5263157894736842
52.73704372494757,3.5,2.726315789473684,0.5789473684210527
53.7908356053138,3.5,2.726315789473684,0.631578947368421
55.80710360173069,3.5,2.726315789473684,0.6842105263157894
58.57586696173195,3.5,2.726315789473684,0.7368421052631579
61.93202824421401,3.5,2.726315789473684,0.7894736842105263
65.7536008546596,3.5,2.726315789473684,0.8421052631578947
69.95974768397542,3.5,2.726315789473684,0.894736842105263
74.4730556991113,3.5,2.726315789473684,0.9473684210526316
79.22869533854943,3.5,2.726315789473684,1.0
819.2470316213435,3.5,2.778947368421053,0.0
493.72488325573846,3.5,2.778947368421053,0.0526315789473684
319.28149463531906,3.5,2.778947368421053,0.1052631578947368
220.16569361226547,3.5,2.778947368421053,0.1578947368421052
160.56678961352378,3.5,2.778947368421053,0.2105263157894736
122.99165686701916,3.5,2.778947368421053,0.2631578947368421
98.52432017190316,3.5,2.778947368421053,0.3157894736842105
82.35206638136286,3.5,2.778947368421053,0.3684210526315789
71.72979874896295,3.5,2.778947368421053,0.4210526315789473
64.99518128633167,3.5,2.778947368421053,0.4736842105263157
61.08979463117544,3.5,2.778947368421053,0.5263157894736842
59.28995580661539,3.5,2.778947368421053,0.5789473684210527
59.08567512610114,3.5,2.778947368421053,0.631578947368421
60.108431131332495,3.5,2.778947368421053,0.6842105263157894
62.09355678927543,3.5,2.778947368421053,0.7368421052631579
64.83442171229412,3.5,2.778947368421053,0.7894736842105263
68.1682001842071,3.5,2.778947368421053,0.8421052631578947
71.97021722911684,3.5,2.778947368421053,0.894736842105263
76.15288843748353,3.5,2.778947368421053,0.9473684210526316
80.64121211734192,3.5,2.778947368421053,1.0
1184.7878301799528,3.5,2.8315789473684214,0.0
699.4508378621017,3.5,2.8315789473684214,0.0526315789473684
443.77283511413737,3.5,2.8315789473684214,0.1052631578947368
300.93188810190753,3.5,2.8315789473684214,0.1578947368421052
216.2305176449171,3.5,2.8315789473684214,0.2105263157894736
163.2499665886144,3.5,2.8315789473684214,0.2631578947368421
128.70016014975266,3.5,2.8315789473684214,0.3157894736842105
105.56605865545774,3.5,2.8315789473684214,0.3684210526315789
89.92961969365666,3.5,2.8315789473684214,0.4210526315789473
79.46687724763918,3.5,2.8315789473684214,0.4736842105263157
72.71922268996916,3.5,2.8315789473684214,0.5263157894736842
68.72413218109783,3.5,2.8315789473684214,0.5789473684210527
66.80424130962692,3.5,2.8315789473684214,0.631578947368421
66.47414139773849,3.5,2.8315789473684214,0.6842105263157894
67.37747901706213,3.5,2.8315789473684214,0.7368421052631579
69.25529689987972,3.5,2.8315789473684214,0.7894736842105263
71.90199621698703,3.5,2.8315789473684214,0.8421052631578947
75.15524290599828,3.5,2.8315789473684214,0.894736842105263
78.88865619816751,3.5,2.8315789473684214,0.9473684210526316
83.01114558667258,3.5,2.8315789473684214,1.0
1725.0731363654593,3.5,2.8842105263157896,0.0
997.3695194299472,3.5,2.8842105263157896,0.0526315789473684
620.4069474302798,3.5,2.8842105263157896,0.1052631578947368
413.543146007411,3.5,2.8842105263157896,0.1578947368421052
292.8392547457896,3.5,2.8842105263157896,0.2105263157894736
218.1829359608424,3.5,2.8842105263157896,0.2631578947368421
169.69837315292742,3.5,2.8842105263157896,0.3157894736842105
137.07674746805833,3.5,2.8842105263157896,0.3684210526315789
114.67446116546282,3.5,2.8842105263157896,0.4210526315789473
99.21343480340232,3.5,2.8842105263157896,0.4736842105263157
88.67275904414683,3.5,2.8842105263157896,0.5263157894736842
81.74237424852569,3.5,2.8842105263157896,0.5789473684210527
77.52553659128924,3.5,2.8842105263157896,0.631578947368421
75.37894518194383,3.5,2.8842105263157896,0.6842105263157894
74.83388311103015,3.5,2.8842105263157896,0.7368421052631579
75.54164941398824,3.5,2.8842105263157896,0.7894736842105263
77.24591097874574,3.5,2.8842105263157896,0.8421052631578947
79.74036809584769,3.5,2.8842105263157896,0.894736842105263
82.86180514792002,3.5,2.8842105263157896,0.9473684210526316
86.48237039920453,3.5,2.8842105263157896,1.0
2527.068736068873,3.5,2.936842105263158,0.0
1430.4669565870415,3.5,2.936842105263158,0.0526315789473684
871.6231988948965,3.5,2.936842105263158,0.1052631578947368
570.4723279504993,3.5,2.936842105263158,0.1578947368421052
397.8254014084619,3.5,2.936842105263158,0.2105263157894736
292.5624381256681,3.5,2.936842105263158,0.2631578947368421
224.78817561877923,3.5,2.936842105263158,0.3157894736842105
179.246877613691,3.5,2.936842105263158,0.3684210526315789
147.74415020588785,3.5,2.936842105263158,0.4210526315789473
125.6170117804122,3.5,2.936842105263158,0.4736842105263157
110.04846320837086,3.5,2.936842105263158,0.5263157894736842
99.23762213806975,3.5,2.936842105263158,0.5789473684210527
91.98209035963244,3.5,2.936842105263158,0.631578947368421
87.43059502856467,3.5,2.936842105263158,0.6842105263157894
84.96448805300373,3.5,2.936842105263158,0.7368421052631579
84.12585701481558,3.5,2.936842105263158,0.7894736842105263
84.57022571148823,3.5,2.936842105263158,0.8421052631578947
86.04147806273147,3.5,2.936842105263158,0.894736842105263
88.33126233377196,3.5,2.936842105263158,0.9473684210526316
91.2743763869538,3.5,2.936842105263158,1.0
3723.538364952371,3.5,2.9894736842105267,0.0
2063.4403944648902,3.5,2.9894736842105267,0.0526315789473684
1230.480043968046,3.5,2.9894736842105267,0.1052631578947368
789.661377253147,3.5,2.9894736842105267,0.1578947368421052
541.6395056425772,3.5,2.9894736842105267,0.2105263157894736
392.93444427878495,3.5,2.9894736842105267,0.2631578947368421
298.35747962058093,3.5,2.9894736842105267,0.3157894736842105
235.191889334762,3.5,2.9894736842105267,0.3684210526315789
191.45349321822297,3.5,2.9894736842105267,0.4210526315789473
160.45782806844852,3.5,2.9894736842105267,0.4736842105263157
138.2481106941279,3.5,2.9894736842105267,0.5263157894736842
122.3417841721338,3.5,2.9894736842105267,0.5789473684210527
111.09954838667204,3.5,2.9894736842105267,0.631578947368421
103.39426955731984,3.5,2.9894736842105267,0.6842105263157894
98.4079894858764,3.5,2.9894736842105267,0.7368421052631579
95.53875570211048,3.5,2.9894736842105267,0.7894736842105263
94.33494344538606,3.5,2.9894736842105267,0.8421052631578947
94.4536101179634,3.5,2.9894736842105267,0.894736842105263
95.63691489475944,3.5,2.9894736842105267,0.9473684210526316
97.67335292017718,3.5,2.9894736842105267,1.0
5517.947537824498,3.5,3.042105263157895,0.0
2994.06076548207,3.5,3.042105263157895,0.0526315789473684
1746.0679055470348,3.5,3.042105263157895,0.1052631578947368
1097.192695355115,3.5,3.042105263157895,0.1578947368421052
739.1006929392571,3.5,3.042105263157895,0.2105263157894736
528.349644589276,3.5,3.042105263157895,0.2631578947368421
396.3345379382656,3.5,3.042105263157895,0.3157894736842105
309.04018494580527,3.5,3.042105263157895,0.3684210526315789
248.8235024692047,3.5,3.042105263157895,0.4210526315789473
206.0322854510544,3.5,3.042105263157895,0.4736842105263157
175.06794299942317,3.5,3.042105263157895,0.5263157894736842
152.4857976951108,3.5,3.042105263157895,0.5789473684210527
136.04725691072764,3.5,3.042105263157895,0.631578947368421
124.23237482000263,3.5,3.042105263157895,0.6842105263157894
115.965301084128,3.5,3.042105263157895,0.7368421052631579
110.45242275611938,3.5,3.042105263157895,0.7894736842105263
107.10233961638076,3.5,3.042105263157895,0.8421052631578947
105.46614801022338,3.5,3.042105263157895,0.894736842105263
105.20025226526964,3.5,3.042105263157895,0.9473684210526316
106.04346904333464,3.5,3.042105263157895,1.0
8223.069782130657,3.5,3.094736842105263,0.0
4370.8828100307055,3.5,3.094736842105263,0.0526315789473684
2491.800751225571,3.5,3.094736842105263,0.1052631578947368
1531.280100173857,3.5,3.094736842105263,0.1578947368421052
1011.4044575578826,3.5,3.094736842105263,0.2105263157894736
711.4279184267206,3.5,3.094736842105263,0.2631578947368421
526.7882393590469,3.5,3.094736842105263,0.3157894736842105
406.2949688247951,3.5,3.094736842105263,0.3684210526315789
323.8142060456821,3.5,3.094736842105263,0.4210526315789473
265.31175910116895,3.5,3.094736842105263,0.4736842105263157
222.8092272442629,3.5,3.094736842105263,0.5263157894736842
191.4944688036697,3.5,3.094736842105263,0.5789473684210527
168.29651951658118,3.5,3.094736842105263,0.631578947368421
151.15561371856197,3.5,3.094736842105263,0.6842105263157894
138.63969875973973,3.5,3.094736842105263,0.7368421052631579
129.7067776166639,3.5,3.094736842105263,0.7894736842105263
123.58055631251382,3.5,3.094736842105263,0.8421052631578947
119.67533977347266,3.5,3.094736842105263,0.894736842105263
117.54204425901354,3.5,3.094736842105263,0.9473684210526316
116.83458218537432,3.5,3.094736842105263,1.0
12321.29505752234,3.5,3.147368421052632,0.0
6420.639532771927,3.5,3.147368421052632,0.0526315789473684
3578.1172518171056,3.5,3.147368421052632,0.1052631578947368
2148.3298809811995,3.5,3.147368421052632,0.1578947368421052
1389.1263114144087,3.5,3.147368421052632,0.2105263157894736
959.9207882614652,3.5,3.147368421052632,0.2631578947368421
700.7898831808701,3.5,3.147368421052632,0.3157894736842105
534.3415586079789,3.5,3.147368421052632,0.3684210526315789
421.64366950057706,3.5,3.147368421052632,0.4210526315789473
342.15581063562576,3.5,3.147368421052632,0.4736842105263157
284.4283354546691,3.5,3.147368421052632,0.5263157894736842
241.69285413651085,3.5,3.147368421052632,0.5789473684210527
209.71070808517817,3.5,3.147368421052632,0.631578947368421
185.68506463912468,3.5,3.147368421052632,0.6842105263157894
167.68845749387864,3.5,3.147368421052632,0.7368421052631579
154.35019367920543,3.5,3.147368421052632,0.7894736842105263
144.65199877590587,3.5,3.147368421052632,0.8421052631578947
137.82832748848054,3.5,3.147368421052632,0.894736842105263
133.29526106485565,3.5,3.147368421052632,0.9473684210526316
130.60110316343332,3.5,3.147368421052632,1.0
18558.65027605976,3.5,3.2,0.0
9490.729559866895,3.5,3.2,0.0526315789473684
5172.04720221841,3.5,3.2,0.1052631578947368
3032.184149305827,3.5,3.2,0.1578947368421052
1916.7403562852571,3.5,3.2,0.2105263157894736
1299.020928845301,3.5,3.2,0.2631578947368421
933.6603603688884,3.5,3.2,0.3157894736842105
703.1647058295268,3.5,3.2,0.3684210526315789
549.2287115669646,3.5,3.2,0.4210526315789473
441.6005338433856,3.5,3.2,0.4736842105263157
363.7360665045536,3.5,3.2,0.5263157894736842
306.04989014638846,3.5,3.2,0.5789473684210527
262.6546111232728,3.5,3.2,0.631578947368421
229.73232012623055,3.5,3.2,0.6842105263157894
204.68790871423596,3.5,3.2,0.7368421052631579
185.69197377530463,3.5,3.2,0.7894736842105263
171.41453937179617,3.5,3.2,0.8421052631578947
160.8537182884865,3.5,3.2,0.894736842105263
153.2492450174521,3.5,3.2,0.9473684210526316
148.0157019569465,3.5,3.2,1.0
