LLH,norm,alpha,beta
77.78830744908822,1.5,2.2,0.0
67.14573910843329,1.5,2.2,0.05263157894736842
61.91905355828623,1.5,2.2,0.10526315789473684
59.844019442708266,1.5,2.2,0.15789473684210525
59.70454109775141,1.5,2.2,0.21052631578947367
60.90676131577562,1.5,2.2,0.2631578947368421
63.12343399697107,1.5,2.2,0.3157894736842105
66.06779041050599,1.5,2.2,0.3684210526315789
69.54022182466804,1.5,2.2,0.42105263157894735
73.39986716440404,1.5,2.2,0.47368421052631576
77.5449631903191,1.5,2.2,0.5263157894736842
81.90043687294312,1.5,2.2,0.5789473684210527
86.40987543606327,1.5,2.2,0.631578947368421
91.0302055715646,1.5,2.2,0.6842105263157894
95.72808727265478,1.5,2.2,0.7368421052631579
100.47741658136694,1.5,2.2,0.7894736842105263
105.25756073350652,1.5,2.2,0.8421052631578947
110.0520869675724,1.5,2.2,0.894736842105263
114.84783067250967,1.5,2.2,0.9473684210526315
119.63420121054408,1.5,2.2,1.0
67.41527756942598,1.5,2.2526315789473688,0.0
59.51211846375465,1.5,2.2526315789473688,0.05263157894736842
56.03688238298993,1.5,2.2526315789473688,0.10526315789473684
55.09225141555275,1.5,2.2526315789473688,0.15789473684210525
55.797463889525815,1.5,2.2526315789473688,0.21052631578947367
57.71504765763643,1.5,2.2526315789473688,0.2631578947368421
60.49621141719215,1.5,2.2526315789473688,0.3157894736842105
63.89398813601915,1.5,2.2526315789473688,0.3684210526315789
67.73771482288427,1.5,2.2526315789473688,0.42105263157894735
71.90641867575037,1.5,2.2526315789473688,0.47368421052631576
76.31236444549486,1.5,2.2526315789473688,0.5263157894736842
80.89061798043778,1.5,2.2526315789473688,0.5789473684210527
85.59226143042797,1.5,2.2526315789473688,0.631578947368421
90.37987729541946,1.5,2.2526315789473688,0.6842105263157894
95.22447407555502,1.5,2.2526315789473688,0.7368421052631579
100.10334798423594,1.5,2.2526315789473688,0.7894736842105263
104.99856540200884,1.5,2.2526315789473688,0.8421052631578947
109.8958654463934,1.5,2.2526315789473688,0.894736842105263
114.78385250572788,1.5,2.2526315789473688,0.9473684210526315
119.65339268449124,1.5,2.2526315789473688,1.0
58.808070878691204,1.5,2.305263157894737,0.0
53.034448832766714,1.5,2.305263157894737,0.05263157894736842
50.87144519842589,1.5,2.305263157894737,0.10526315789473684
50.84373742854505,1.5,2.305263157894737,0.15789473684210525
52.31022495867314,1.5,2.305263157894737,0.21052631578947367
54.833675861440156,1.5,2.305263157894737,0.2631578947368421
58.097348690293636,1.5,2.305263157894737,0.3157894736842105
61.887620343724464,1.5,2.305263157894737,0.3684210526315789
66.05641917642536,1.5,2.305263157894737,0.42105263157894735
70.49850060913369,1.5,2.305263157894737,0.47368421052631576
75.1373596802682,1.5,2.305263157894737,0.5263157894736842
79.91627093855004,1.5,2.305263157894737,0.5789473684210527
84.79244747326122,1.5,2.305263157894737,0.631578947368421
89.73314205160283,1.5,2.305263157894737,0.6842105263157894
94.71298497297049,1.5,2.305263157894737,0.7368421052631579
99.71212685779543,1.5,2.305263157894737,0.7894736842105263
104.71491659490613,1.5,2.305263157894737,0.8421052631578947
109.70894248092517,1.5,2.305263157894737,0.894736842105263
114.68432475889124,1.5,2.305263157894737,0.9473684210526315
119.633185471483,1.5,2.305263157894737,1.0
51.90164796763408,1.5,2.3578947368421055,0.0
47.642254381388426,1.5,2.3578947368421055,0.05263157894736842
46.423330272915926,1.5,2.3578947368421055,0.10526315789473684
47.15802547494348,1.5,2.3578947368421055,0.15789473684210525
49.2486382010659,1.5,2.3578947368421055,0.21052631578947367
52.26763373312002,1.5,2.3578947368421055,0.2631578947368421
55.93339787566276,1.5,2.3578947368421055,0.3157894736842105
60.05609106875922,1.5,2.3578947368421055,0.3684210526315789
64.50414450510277,1.5,2.3578947368421055,0.42105263157894735
69.18405155161082,1.5,2.3578947368421055,0.47368421052631576
74.02784905719076,1.5,2.3578947368421055,0.5263157894736842
78.98516055000619,1.5,2.3578947368421055,0.5789473684210527
84.01801146456705,1.5,2.3578947368421055,0.631578947368421
89.09736838961554,1.5,2.3578947368421055,0.6842105263157894
94.2007751785882,1.5,2.3578947368421055,0.7368421052631579
99.31070260933546,1.5,2.3578947368421055,0.7894736842105263
104.41337241828124,1.5,2.3578947368421055,0.8421052631578947
109.49790339870779,1.5,2.3578947368421055,0.894736842105263
114.55568060330837,1.5,2.3578947368421055,0.9473684210526315
119.57988207728188,1.5,2.3578947368421055,1.0
46.75423462352038,1.5,2.4105263157894736,0.0
43.366184081065924,1.5,2.4105263157894736,0.05263157894736842
42.791133160005266,1.5,2.4105263157894736,0.10526315789473684
44.0937094245834,1.5,2.4105263157894736,0.15789473684210525
46.64683259395845,1.5,2.4105263157894736,0.21052631578947367
50.046740618192736,1.5,2.4105263157894736,0.2631578947368421
54.030899130294614,1.5,2.4105263157894736,0.3157894736842105
58.423320470351854,1.5,2.4105263157894736,0.3684210526315789
63.10264319728866,1.5,2.4105263157894736,0.42105263157894735
67.9829884298842,1.5,2.4105263157894736,0.47368421052631576
73.00217285450735,1.5,2.4105263157894736,0.5263157894736842
78.1142610067716,1.5,2.4105263157894736,0.5789473684210527
83.28473804159556,1.5,2.4105263157894736,0.631578947368421
88.48730233561423,1.5,2.4105263157894736,0.6842105263157894
93.70168282568343,1.5,2.4105263157894736,0.7368421052631579
98.91211964061316,1.5,2.4105263157894736,0.7894736842105263
104.10628383750057,1.5,2.4105263157894736,0.8421052631578947
109.27449424534049,1.5,2.4105263157894736,0.894736842105263
114.40913958960931,1.5,2.4105263157894736,0.9473684210526315
119.50424528972287,1.5,2.4105263157894736,1.0
43.56642945186721,1.5,2.463157894736842,0.0
40.38978641446717,1.5,2.463157894736842,0.05263157894736842
40.13112970735579,1.5,2.463157894736842,0.10526315789473684
41.74367186339934,1.5,2.463157894736842,0.15789473684210525
44.578419667248696,1.5,2.463157894736842,0.21052631578947367
48.231519126710225,1.5,2.463157894736842,0.2631578947368421
52.44106229082963,1.5,2.463157894736842,0.3157894736842105
57.033591076656,1.5,2.463157894736842,0.3684210526315789
61.89084620763604,1.5,2.463157894736842,0.42105263157894735
66.92997995233075,1.5,2.463157894736842,0.47368421052631576
72.09152389924151,1.5,2.463157894736842,0.5263157894736842
77.33187927735321,1.5,2.463157894736842,0.5789473684210527
82.61850577260878,1.5,2.463157894736842,0.631578947368421
87.9267583786383,1.5,2.463157894736842,0.6842105263157894
93.23775477475793,1.5,2.463157894736842,0.7368421052631579
98.53690257271165,1.5,2.463157894736842,0.7894736842105263
103.81285916327674,1.5,2.463157894736842,0.8421052631578947
109.05678177866116,1.5,2.463157894736842,0.894736842105263
114.26177661616659,1.5,2.463157894736842,0.9473684210526315
119.42248739909643,1.5,2.463157894736842,1.0
42.74529854251735,1.5,2.515789473684211,0.0
39.062885315527886,1.5,2.515789473684211,0.05263157894736842
38.647674355072695,1.5,2.515789473684211,0.10526315789473684
40.25890340324351,1.5,2.515789473684211,0.15789473684210525
43.165877759868756,1.5,2.515789473684211,0.21052631578947367
46.921558065303536,1.5,2.515789473684211,0.2631578947368421
51.24628103808076,1.5,2.515789473684211,0.3157894736842105
55.95679461797027,1.5,2.515789473684211,0.3684210526315789
60.929204856122716,1.5,2.515789473684211,0.42105263157894735
66.07811748606814,1.5,2.515789473684211,0.47368421052631576
71.34310455914434,1.5,2.515789473684211,0.5263157894736842
76.68040747950609,1.5,2.515789473684211,0.5789473684210527
82.0577135952901,1.5,2.515789473684211,0.631578947368421
87.45077842184234,1.5,2.515789473684211,0.6842105263157894
92.84118268445059,1.5,2.515789473684211,0.7368421052631579
98.21480427761095,1.5,2.515789473684211,0.7894736842105263
103.56075179278672,1.5,2.515789473684211,0.8421052631578947
108.87060338381674,1.5,2.515789473684211,0.894736842105263
114.13785245551561,1.5,2.515789473684211,0.9473684210526315
119.35749664468759,1.5,2.515789473684211,1.0
45.11020036932139,1.5,2.568421052631579,0.0
39.88818100627881,1.5,2.568421052631579,0.05263157894736842
38.67184729314562,1.5,2.568421052631579,0.10526315789473684
39.876480029733344,1.5,2.568421052631579,0.15789473684210525
42.5864517354352,1.5,2.568421052631579,0.21052631578947367
46.261754242885864,1.5,2.568421052631579,0.2631578947368421
50.5688248953334,1.5,2.568421052631579,0.3157894736842105
55.29553224263938,1.5,2.568421052631579,0.3684210526315789
60.3054783559794,1.5,2.568421052631579,0.42105263157894735
65.50374693603649,1.5,2.568421052631579,0.47368421052631576
70.82423861463438,1.5,2.568421052631579,0.5263157894736842
76.21987601526652,1.5,2.568421052631579,0.5789473684210527
81.65638948699176,1.5,2.568421052631579,0.631578947368421
87.10837958641696,1.5,2.568421052631579,0.6842105263157894
92.55675286947512,1.5,2.568421052631579,0.7368421052631579
97.98700632698498,1.5,2.568421052631579,0.7894736842105263
103.38804948357576,1.5,2.568421052631579,0.8421052631578947
108.75137582812333,1.5,2.568421052631579,0.894736842105263
114.07046693863714,1.5,2.568421052631579,0.9473684210526315
119.34035538968065,1.5,2.568421052631579,1.0
51.859185372036954,1.5,2.6210526315789475,0.0
43.61624301812285,1.5,2.6210526315789475,0.05263157894736842
40.709753152254095,1.5,2.6210526315789475,0.10526315789473684
40.952762946023434,1.5,2.6210526315789475,0.15789473684210525
43.1072454866107,1.5,2.6210526315789475,0.21052631578947367
46.45592473874617,1.5,2.6210526315789475,0.2631578947368421
50.572972027783145,1.5,2.6210526315789475,0.3157894736842105
55.19241902305581,1.5,2.6210526315789475,0.3684210526315789
60.14242984529404,1.5,2.6210526315789475,0.42105263157894735
65.31281510288647,1.5,2.6210526315789475,0.47368421052631576
70.62771629783587,1.5,2.6210526315789475,0.5263157894736842
76.03253215559678,1.5,2.6210526315789475,0.5789473684210527
81.48816657933982,1.5,2.6210526315789475,0.631578947368421
86.96604615832896,1.5,2.6210526315789475,0.6842105263157894
92.4449419833296,1.5,2.6210526315789475,0.7368421052631579
97.90888544204469,1.5,2.6210526315789475,0.7894736842105263
103.34576383679456,1.5,2.6210526315789475,0.8421052631578947
108.74634930973001,1.5,2.6210526315789475,0.894736842105263
114.1036111034714,1.5,2.6210526315789475,0.9473684210526315
119.41138449757742,1.5,2.6210526315789475,1.0
64.83999959014189,1.5,2.673684210526316,0.0
51.38234440531755,1.5,2.673684210526316,0.05263157894736842
45.495102833292634,1.5,2.673684210526316,0.10526315789473684
43.99151057149192,1.5,2.673684210526316,0.15789473684210525
45.095462759362576,1.5,2.673684210526316,0.21052631578947367
47.79331046492848,1.5,2.673684210526316,0.2631578947368421
51.491026519268615,1.5,2.673684210526316,0.3157894736842105
55.83406681688321,1.5,2.673684210526316,0.3684210526315789
60.60165218651043,1.5,2.673684210526316,0.42105263157894735
65.6486392299054,1.5,2.673684210526316,0.47368421052631576
70.87874204431559,1.5,2.673684210526316,0.5263157894736842
76.22873890256436,1.5,2.673684210526316,0.5789473684210527
81.65136728983316,1.5,2.673684210526316,0.631578947368421
87.11216564563357,1.5,2.673684210526316,0.6842105263157894
92.58582729341795,1.5,2.673684210526316,0.7368421052631579
98.05349019260554,1.5,2.673684210526316,0.7894736842105263
103.50094459882261,1.5,2.673684210526316,0.8421052631578947
108.91741542551983,1.5,2.673684210526316,0.894736842105263
114.29243556951143,1.5,2.673684210526316,0.9473684210526315
119.61408105262802,1.5,2.673684210526316,1.0
86.87727171285138,1.5,2.7263157894736842,0.0
64.91697499528856,1.5,2.7263157894736842,0.05263157894736842
54.1388449353542,1.5,2.7263157894736842,0.10526315789473684
49.73925713603633,1.5,2.7263157894736842,0.15789473684210525
49.073471241978154,1.5,2.7263157894736842,0.21052631578947367
50.65358834118747,1.5,2.7263157894736842,0.2631578947368421
53.621821951803945,1.5,2.7263157894736842,0.3157894736842105
57.4699892184685,1.5,2.7263157894736842,0.3684210526315789
61.891556948605945,1.5,2.7263157894736842,0.42105263157894735
66.6916221627035,1.5,2.7263157894736842,0.47368421052631576
71.74092495355181,1.5,2.7263157894736842,0.5263157894736842
76.95457693956213,1.5,2.7263157894736842,0.5789473684210527
82.27550901125235,1.5,2.7263157894736842,0.631578947368421
87.6626672055761,1.5,2.7263157894736842,0.6842105263157894
93.08402782120669,1.5,2.7263157894736842,0.7368421052631579
98.51591155605459,1.5,2.7263157894736842,0.7894736842105263
103.94057646164748,1.5,2.7263157894736842,0.8421052631578947
109.34023921996275,1.5,2.7263157894736842,0.894736842105263
114.70064523953799,1.5,2.7263157894736842,0.9473684210526315
120.01486747622485,1.5,2.7263157894736842,1.0
122.26931842573495,1.5,2.778947368421053,0.0
86.81271969874467,1.5,2.778947368421053,0.05263157894736842
68.27955753904378,1.5,2.778947368421053,0.10526315789473684
59.28568312559328,1.5,2.778947368421053,0.15789473684210525
55.80443134111754,1.5,2.778947368421053,0.21052631578947367
55.59586026231715,1.5,2.778947368421053,0.2631578947368421
57.38537285568555,1.5,2.778947368421053,0.3157894736842105
60.428895566609555,1.5,2.778947368421053,0.3684210526315789
64.27958074429529,1.5,2.778947368421053,0.42105263157894735
68.66419628394772,1.5,2.778947368421053,0.47368421052631576
73.406587488527,1.5,2.778947368421053,0.5263157894736842
78.38782435793222,1.5,2.778947368421053,0.5789473684210527
83.52708660777567,1.5,2.778947368421053,0.631578947368421
88.7681967661293,1.5,2.778947368421053,0.6842105263157894
94.07495431473032,1.5,2.778947368421053,0.7368421052631579
99.41852070356059,1.5,2.778947368421053,0.7894736842105263
104.76941581966753,1.5,2.778947368421053,0.8421052631578947
110.10812327219892,1.5,2.778947368421053,0.894736842105263
115.4221451120463,1.5,2.778947368421053,0.9473684210526315
120.70205526591445,1.5,2.778947368421053,1.0
177.55629701560744,1.5,2.8315789473684214,0.0
120.95487014368501,1.5,2.8315789473684214,0.05263157894736842
90.33028061925015,1.5,2.8315789473684214,0.10526315789473684
74.20533177793357,1.5,2.8315789473684214,0.15789473684210525
66.37013988343493,1.5,2.8315789473684214,0.21052631578947367
63.401755694963505,1.5,2.8315789473684214,0.2631578947368421
63.37297633860632,1.5,2.8315789473684214,0.3157894736842105
65.1722995472283,1.5,2.8315789473684214,0.3684210526315789
68.141150315941,1.5,2.8315789473684214,0.42105263157894735
71.8776141225252,1.5,2.8315789473684214,0.47368421052631576
76.13181621333229,1.5,2.8315789473684214,0.5263157894736842
80.74013518569755,1.5,2.8315789473684214,0.5789473684210527
85.58990421606089,1.5,2.8315789473684214,0.631578947368421
90.60334208745486,1.5,2.8315789473684214,0.6842105263157894
95.72423482673082,1.5,2.8315789473684214,0.7368421052631579
100.90673384801488,1.5,2.8315789473684214,0.7894736842105263
106.12318118029162,1.5,2.8315789473684214,0.8421052631578947
111.35192231107723,1.5,2.8315789473684214,0.894736842105263
116.57757227277676,1.5,2.8315789473684214,0.9473684210526315
121.78713454576175,1.5,2.8315789473684214,1.0
262.7065405093734,1.5,2.8842105263157896,0.0
173.17972974146377,1.5,2.8842105263157896,0.05263157894736842
123.85457247770869,1.5,2.8842105263157896,0.10526315789473684
96.77998234587481,1.5,2.8842105263157896,0.15789473684210525
82.3078161046878,1.5,2.8842105263157896,0.21052631578947367
75.16094904279385,1.5,2.8842105263157896,0.2631578947368421
72.3947600478721,1.5,2.8842105263157896,0.3157894736842105
72.32831511432636,1.5,2.8842105263157896,0.3684210526315789
73.97707438144181,1.5,2.8842105263157896,0.42105263157894735
76.74771645750955,1.5,2.8842105263157896,0.47368421052631576
80.27150835476225,1.5,2.8842105263157896,0.5263157894736842
84.31478578793802,1.5,2.8842105263157896,0.5789473684210527
88.72197999123793,1.5,2.8842105263157896,0.631578947368421
93.3812915740126,1.5,2.8842105263157896,0.6842105263157894
98.2091653416632,1.5,2.8842105263157896,0.7368421052631579
103.15074393733333,1.5,2.8842105263157896,0.7894736842105263
108.16623231809753,1.5,2.8842105263157896,0.8421052631578947
113.2283226346571,1.5,2.8842105263157896,0.894736842105263
118.31543533324651,1.5,2.8842105263157896,0.9473684210526315
123.4095926239582,1.5,2.8842105263157896,1.0
392.95278836687316,1.5,2.936842105263158,0.0
252.28394775595746,1.5,2.936842105263158,0.05263157894736842
174.1364205875853,1.5,2.936842105263158,0.10526315789473684
130.33094812090016,1.5,2.936842105263158,0.15789473684210525
105.81127928048174,1.5,2.936842105263158,0.21052631578947367
92.39824255960642,1.5,2.936842105263158,0.2631578947368421
85.56367926734765,1.5,2.936842105263158,0.3157894736842105
82.74594465072589,1.5,2.936842105263158,0.3684210526315789
82.45990565236278,1.5,2.936842105263158,0.42105263157894735
83.8205988378818,1.5,2.936842105263158,0.47368421052631576
86.28462761465896,1.5,2.936842105263158,0.5263157894736842
89.50753092199872,1.5,2.936842105263158,0.5789473684210527
93.26224643131954,1.5,2.936842105263158,0.631578947368421
97.39229694014672,1.5,2.936842105263158,0.6842105263157894
101.79016646367928,1.5,2.936842105263158,0.7368421052631579
106.37924644052501,1.5,2.936842105263158,0.7894736842105263
111.10365046894303,1.5,2.936842105263158,0.8421052631578947
115.92180474253799,1.5,2.936842105263158,0.894736842105263
120.80271117755288,1.5,2.936842105263158,0.9473684210526315
125.72500924373564,1.5,2.936842105263158,1.0
591.6402127883648,1.5,2.9894736842105267,0.0
371.57646026416944,1.5,2.9894736842105267,0.05263157894736842
249.04720729655534,1.5,2.9894736842105267,0.10526315789473684
179.71804280691805,1.5,2.9894736842105267,0.15789473684210525
140.02840320984456,1.5,2.9894736842105267,0.21052631578947367
117.25818931100136,1.5,2.9894736842105267,0.2631578947368421
104.4152993555893,1.5,2.9894736842105267,0.3157894736842105
97.57644305184965,1.5,2.9894736842105267,0.3684210526315789
94.48811787140848,1.5,2.9894736842105267,0.42105263157894735
93.82134594803514,1.5,2.9894736842105267,0.47368421052631576
94.76914733160544,1.5,2.9894736842105267,0.5263157894736842
96.81972951222227,1.5,2.9894736842105267,0.5789473684210527
99.6422527421301,1.5,2.9894736842105267,0.631578947368421
103.02129231442606,1.5,2.9894736842105267,0.6842105263157894
106.80859535093913,1.5,2.9894736842105267,0.7368421052631579
110.89561572191418,1.5,2.9894736842105267,0.7894736842105263
115.20356422667044,1.5,2.9894736842105267,0.8421052631578947
119.67402293673388,1.5,2.9894736842105267,0.894736842105263
124.26288887897977,1.5,2.9894736842105267,0.9473684210526315
128.93637617732114,1.5,2.9894736842105267,1.0
894.6522704997856,1.5,3.042105263157895,0.0
551.2710173118521,1.5,3.042105263157895,0.05263157894736842
360.3691932724865,1.5,3.042105263157895,0.10526315789473684
252.09220254229086,1.5,3.042105263157895,0.15789473684210525
189.50338150559486,1.5,3.042105263157895,0.21052631578947367
152.775063190137,1.5,3.042105263157895,0.2631578947368421
131.0797532459472,1.5,3.042105263157895,0.3157894736842105
118.38792150103822,1.5,3.042105263157895,0.3684210526315789
111.26604235904179,1.5,3.042105263157895,0.42105263157894735
107.70834594203839,1.5,3.042105263157895,0.47368421052631576
106.50250064718809,1.5,3.042105263157895,0.5263157894736842
106.90025737446408,1.5,3.042105263157895,0.5789473684210527
108.42505731018011,1.5,3.042105263157895,0.631578947368421
110.76197333142598,1.5,3.042105263157895,0.6842105263157894
113.69827521012688,1.5,3.042105263157895,0.7368421052631579
117.08500504432531,1.5,3.042105263157895,0.7894736842105263
120.81093134311782,1.5,3.042105263157895,0.8421052631578947
124.7939077403464,1.5,3.042105263157895,0.894736842105263
128.97208978951457,1.5,3.042105263157895,0.9473684210526315
133.2981401183919,1.5,3.042105263157895,1.0
1357.2972395211116,1.5,3.094736842105263,0.0
822.1818547115123,1.5,3.094736842105263,0.05263157894736842
525.8218773347845,1.5,3.094736842105263,0.10526315789473684
358.0354021687,1.5,3.094736842105263,0.15789473684210525
260.83773389064095,1.5,3.094736842105263,0.21052631578947367
203.27008805335996,1.5,3.094736842105263,0.2631578947368421
168.53033198026046,1.5,3.094736842105263,0.3157894736842105
147.32792261711523,1.5,3.094736842105263,0.3684210526315789
134.41394352132926,1.5,3.094736842105263,0.42105263157894735
126.7432574670722,1.5,3.094736842105263,0.47368421052631576
122.50925884780143,1.5,3.094736842105263,0.5263157894736842
120.60641154995696,1.5,3.094736842105263,0.5789473684210527
120.33556289812012,1.5,3.094736842105263,0.631578947368421
121.2397564670465,1.5,3.094736842105263,0.6842105263157894
123.01039838381594,1.5,3.094736842105263,0.7368421052631579
125.43436874572264,1.5,3.094736842105263,0.7894736842105263
128.35993176538253,1.5,3.094736842105263,0.8421052631578947
131.67173401260783,1.5,3.094736842105263,0.894736842105263
135.28318873336022,1.5,3.094736842105263,0.9473684210526315
139.12818495483947,1.5,3.094736842105263,1.0
2064.9861568256983,1.5,3.1473684210526316,0.0
1231.38716223189,1.5,3.1473684210526316,0.05263157894736842
772.1174452774276,1.5,3.1473684210526316,0.10526315789473684
513.2426574072952,1.5,3.1473684210526316,0.15789473684210525
363.63910780890683,1.5,3.1473684210526316,0.21052631578947367
274.9018522237581,1.5,3.1473684210526316,0.2631578947368421
220.91326130700358,1.5,3.1473684210526316,0.3157894736842105
187.3260977117607,1.5,3.1473684210526316,0.3684210526315789
166.09146348776332,1.5,3.1473684210526316,0.42105263157894735
152.59701393997864,1.5,3.1473684210526316,0.47368421052631576
144.12759992966895,1.5,3.1473684210526316,0.5263157894736842
139.037565607998,1.5,3.1473684210526316,0.5789473684210527
136.2977211940102,1.5,3.1473684210526316,0.631578947368421
135.24294272665978,1.5,3.1473684210526316,0.6842105263157894
135.4289197075132,1.5,3.1473684210526316,0.7368421052631579
136.54916221085435,1.5,3.1473684210526316,0.7894736842105263
138.38744222412012,1.5,3.1473684210526316,0.8421052631578947
140.78736496067077,1.5,3.1473684210526316,0.894736842105263
143.6281288133444,1.5,3.1473684210526316,0.9473684210526315
146.81767602238293,1.5,3.1473684210526316,1.0
3150.1017231182536,1.5,3.2,0.0
1851.192934754359,1.5,3.2,0.05263157894736842
1139.8164294047097,1.5,3.2,0.10526315789473684
741.2091533762717,1.5,3.2,0.15789473684210525
512.0424071497346,1.5,3.2,0.21052631578947367
376.54869686012955,1.5,3.2,0.2631578947368421
294.0684345484311,1.5,3.2,0.3157894736842105
242.40511398492518,1.5,3.2,0.3684210526315789
209.21269613702142,1.5,3.2,0.42105263157894735
187.46824236982278,1.5,3.2,0.47368421052631576
173.07529975968046,1.5,3.2,0.5263157894736842
163.5765292424641,1.5,3.2,0.5789473684210527
157.45201516955453,1.5,3.2,0.631578947368421
153.73062792994997,1.5,3.2,0.6842105263157894
151.77090389598573,1.5,3.2,0.7368421052631579
151.13503207679187,1.5,3.2,0.7894736842105263
151.51478392281837,1.5,3.2,0.8421052631578947
152.68828289345905,1.5,3.2,0.894736842105263
154.4926577101244,1.5,3.2,0.9473684210526315
156.8003600981201,1.5,3.2,1.0
77.07540905107636,1.6052631578947367,2.2,0.0
65.06713816597973,1.6052631578947367,2.2,0.05263157894736842
58.88674916716809,1.6052631578947367,2.2,0.10526315789473684
56.15595619201841,1.6052631578947367,2.2,0.15789473684210525
55.513959644676405,1.6052631578947367,2.2,0.21052631578947367
56.28257003423598,1.6052631578947367,2.2,0.2631578947368421
58.1168447517034,1.6052631578947367,2.2,0.3157894736842105
60.74384116000823,1.6052631578947367,2.2,0.3684210526315789
63.9490527394026,1.6052631578947367,2.2,0.42105263157894735
67.58101214194065,1.6052631578947367,2.2,0.47368421052631576
71.53021297166785,1.6052631578947367,2.2,0.5263157894736842
75.7158001356084,1.6052631578947367,2.2,0.5789473684210527
80.07695586506142,1.6052631578947367,2.2,0.631578947368421
84.56719162019526,1.6052631578947367,2.2,0.6842105263157894
89.15047908260256,1.6052631578947367,2.2,0.7368421052631579
93.79857056707698,1.6052631578947367,2.2,0.7894736842105263
98.48910502321415,1.6052631578947367,2.2,0.8421052631578947
103.20424358279776,1.6052631578947367,2.2,0.894736842105263
107.92966913964037,1.6052631578947367,2.2,0.9473684210526315
112.6538409270529,1.6052631578947367,2.2,1.0
65.90442248528723,1.6052631578947367,2.2526315789473688,0.0
56.805128051843006,1.6052631578947367,2.2526315789473688,0.05263157894736842
52.509387145033116,1.6052631578947367,2.2526315789473688,0.10526315789473684
50.97654750487781,1.6052631578947367,2.2526315789473688,0.15789473684210525
51.208359395728,1.6052631578947367,2.2526315789473688,0.21052631578947367
52.701087303149535,1.6052631578947367,2.2526315789473688,0.2631578947368421
55.13461076505997,1.6052631578947367,2.2526315789473688,0.3157894736842105
58.24313177619039,1.6052631578947367,2.2526315789473688,0.3684210526315789
61.842875068702064,1.6052631578947367,2.2526315789473688,0.42105263157894735
65.80348343291305,1.6052631578947367,2.2526315789473688,0.47368421052631576
70.03033591238518,1.6052631578947367,2.2526315789473688,0.5263157894736842
74.45333236952412,1.6052631578947367,2.2526315789473688,0.5789473684210527
79.0196024797782,1.6052631578947367,2.2526315789473688,0.631578947368421
83.6886527755203,1.6052631578947367,2.2526315789473688,0.6842105263157894
88.42906266747713,1.6052631578947367,2.2526315789473688,0.7368421052631579
93.21618619520156,1.6052631578947367,2.2526315789473688,0.7894736842105263
98.03052070472755,1.6052631578947367,2.2526315789473688,0.8421052631578947
102.85652691085986,1.6052631578947367,2.2526315789473688,0.894736842105263
107.68176052455185,1.6052631578947367,2.2526315789473688,0.9473684210526315
112.49622300463962,1.6052631578947367,2.2526315789473688,1.0
56.69028821928334,1.6052631578947367,2.305263157894737,0.0
49.8365655530465,1.6052631578947367,2.305263157894737,0.05263157894736842
46.94798215694616,1.6052631578947367,2.305263157894737,0.10526315789473684
46.3728271358411,1.6052631578947367,2.305263157894737,0.15789473684210525
47.35653467150532,1.6052631578947367,2.305263157894737,0.21052631578947367
49.48810257360267,1.6052631578947367,2.305263157894737,0.2631578947368421
52.43055939685409,1.6052631578947367,2.305263157894737,0.3157894736842105
55.95326451801388,1.6052631578947367,2.305263157894737,0.3684210526315789
59.89626515537922,1.6052631578947367,2.305263157894737,0.42105263157894735
64.14578880349254,1.6052631578947367,2.305263157894737,0.47368421052631576
68.61905431284742,1.6052631578947367,2.305263157894737,0.5263157894736842
73.25461337001202,1.6052631578947367,2.305263157894737,0.5789473684210527
78.00605529128926,1.6052631578947367,2.305263157894737,0.631578947368421
82.83780536539278,1.6052631578947367,2.305263157894737,0.6842105263157894
87.72225602553601,1.6052631578947367,2.305263157894737,0.7368421052631579
92.63776534688986,1.6052631578947367,2.305263157894737,0.7894736842105263
97.56723210798081,1.6052631578947367,2.305263157894737,0.8421052631578947
102.49706211874471,1.6052631578947367,2.305263157894737,0.894736842105263
107.41640538056902,1.6052631578947367,2.305263157894737,0.9473684210526315
112.31658427873758,1.6052631578947367,2.305263157894737,1.0
49.38085896491661,1.6052631578947367,2.3578947368421055,0.0
44.1242295540164,1.6052631578947367,2.3578947368421055,0.05263157894736842
42.21511355450919,1.6052631578947367,2.3578947368421055,0.10526315789473684
42.37970679237707,1.6052631578947367,2.3578947368421055,0.15789473684210525
44.00846564116765,1.6052631578947367,2.3578947368421055,0.21052631578947367
46.656541892792994,1.6052631578947367,2.3578947368421055,0.2631578947368421
50.018462801856906,1.6052631578947367,2.3578947368421055,0.3157894736842105
53.88826754389263,1.6052631578947367,2.3578947368421055,0.3684210526315789
58.12315178424024,1.6052631578947367,2.3578947368421055,0.42105263157894735
62.62155184652657,1.6052631578947367,2.3578947368421055,0.47368421052631576
67.30957616527975,1.6052631578947367,2.3578947368421055,0.5263157894736842
72.13238564056543,1.6052631578947367,2.3578947368421055,0.5789473684210527
77.04857934573191,1.6052631578947367,2.3578947368421055,0.631578947368421
82.02644827670558,1.6052631578947367,2.3578947368421055,0.6842105263157894
87.04141697138827,1.6052631578947367,2.3578947368421055,0.7368421052631579
92.07425754099373,1.6052631578947367,2.3578947368421055,0.7894736842105263
97.10981703056386,1.6052631578947367,2.3578947368421055,0.8421052631578947
102.13609320563768,1.6052631578947367,2.3578947368421055,0.894736842105263
107.14355167054428,1.6052631578947367,2.3578947368421055,0.9473684210526315
112.12461337963586,1.6052631578947367,2.3578947368421055,1.0
44.05833455170403,1.6052631578947367,2.4105263157894736,0.0
39.69642403765814,1.6052631578947367,2.4105263157894736,0.05263157894736842
38.39375208527223,1.6052631578947367,2.4105263157894736,0.10526315789473684
39.113496000403764,1.6052631578947367,2.4105263157894736,0.15789473684210525
41.211658276891164,1.6052631578947367,2.4105263157894736,0.21052631578947367
44.24781511725718,1.6052631578947367,2.4105263157894736,0.2631578947368421
47.935102978724764,1.6052631578947367,2.4105263157894736,0.3157894736842105
52.081245713634445,1.6052631578947367,2.4105263157894736,0.3684210526315789
56.553618029939166,1.6052631578947367,2.4105263157894736,0.42105263157894735
61.258313896640814,1.6052631578947367,2.4105263157894736,0.47368421052631576
66.12727150305673,1.6052631578947367,2.4105263157894736,0.5263157894736842
71.1101455808947,1.6052631578947367,2.4105263157894736,0.5789473684210527
76.16904372681573,1.6052631578947367,2.4105263157894736,0.631578947368421
81.27503132475627,1.6052631578947367,2.4105263157894736,0.6842105263157894
86.40575429091398,1.6052631578947367,2.4105263157894736,0.7368421052631579
91.54378478052188,1.6052631578947367,2.4105263157894736,0.7894736842105263
96.67544517692765,1.6052631578947367,2.4105263157894736,0.8421052631578947
101.78995552494179,1.6052631578947367,2.4105263157894736,0.894736842105263
106.87880435721854,1.6052631578947367,2.4105263157894736,0.9473684210526315
111.93527692110874,1.6052631578947367,2.4105263157894736,1.0
40.995301090536664,1.6052631578947367,2.463157894736842,0.0
36.7497072790654,1.6052631578947367,2.463157894736842,0.05263157894736842
35.68547836825147,1.6052631578947367,2.463157894736842,0.10526315789473684
36.6925892030411,1.6052631578947367,2.463157894736842,0.15789473684210525
39.058907991541595,1.6052631578947367,2.463157894736842,0.21052631578947367
42.33865581594799,1.6052631578947367,2.463157894736842,0.2631578947368421
46.24572585770237,1.6052631578947367,2.463157894736842,0.3157894736842105
50.58886187693665,1.6052631578947367,2.463157894736842,0.3684210526315789
55.2376716190211,1.6052631578947367,2.463157894736842,0.42105263157894735
60.100765951583924,1.6052631578947367,2.463157894736842,0.47368421052631576
65.11248393594737,1.6052631578947367,2.463157894736842,0.5263157894736842
70.2246184622817,1.6052631578947367,2.463157894736842,0.5789473684210527
75.40112152958105,1.6052631578947367,2.463157894736842,0.631578947368421
80.61462679009513,1.6052631578947367,2.463157894736842,0.6842105263157894
85.84410696792908,1.6052631578947367,2.463157894736842,0.7368421052631579
91.07325710001139,1.6052631578947367,2.463157894736842,0.7894736842105263
96.28935312170499,1.6052631578947367,2.463157894736842,0.8421052631578947
101.48242906943932,1.6052631578947367,2.463157894736842,0.894736842105263
106.64467267831452,1.6052631578947367,2.463157894736842,0.9473684210526315
111.76997388613367,1.6052631578947367,2.463157894736842,1.0
40.67193998585244,1.6052631578947367,2.515789473684211,0.0
35.6881093838946,1.6052631578947367,2.515789473684211,0.05263157894736842
34.3558210485701,1.6052631578947367,2.515789473684211,0.10526315789473684
35.29710963928727,1.6052631578947367,2.515789473684211,0.15789473684210525
37.69366885785405,1.6052631578947367,2.515789473684211,0.21052631578947367
41.05002592151637,1.6052631578947367,2.515789473684211,0.2631578947368421
45.051595253109824,1.6052631578947367,2.515789473684211,0.3157894736842105
49.497424376448514,1.6052631578947367,2.515789473684211,0.3684210526315789
54.2502846785766,1.6052631578947367,2.515789473684211,0.42105263157894735
59.21501135423728,1.6052631578947367,2.515789473684211,0.47368421052631576
64.32419791899666,1.6052631578947367,2.515789473684211,0.5263157894736842
69.52895672836281,1.6052631578947367,2.515789473684211,0.5789473684210527
74.79311028036611,1.6052631578947367,2.515789473684211,0.631578947368421
80.08943963651507,1.6052631578947367,2.515789473684211,0.6842105263157894
85.39719586487729,1.6052631578947367,2.515789473684211,0.7368421052631579
90.70040607055273,1.6052631578947367,2.515789473684211,0.7894736842105263
95.98669179039729,1.6052631578947367,2.515789473684211,0.8421052631578947
101.24642596016905,1.6052631578947367,2.515789473684211,0.894736842105263
106.47211901266364,1.6052631578947367,2.515789473684211,0.9473684210526315
111.65796361578786,1.6052631578947367,2.515789473684211,1.0
43.97505602781182,1.6052631578947367,2.568421052631579,0.0
37.123859322421815,1.6052631578947367,2.568421052631579,0.05263157894736842
34.79790237750369,1.6052631578947367,2.568421052631579,0.10526315789473684
35.209758722318014,1.6052631578947367,2.568421052631579,0.15789473684210525
37.330218148053646,1.6052631578947367,2.568421052631579,0.21052631578947367
40.549941775299565,1.6052631578947367,2.568421052631579,0.2631578947368421
44.49680366453555,1.6052631578947367,2.568421052631579,0.3157894736842105
48.93108149052298,1.6052631578947367,2.568421052631579,0.3684210526315789
53.698093172129774,1.6052631578947367,2.568421052631579,0.42105263157894735
58.69416208712878,1.6052631578947367,2.568421052631579,0.47368421052631576
63.84480346016931,1.6052631578947367,2.568421052631579,0.5263157894736842
69.09685905675339,1.6052631578947367,2.568421052631579,0.5789473684210527
74.41153716788091,1.6052631578947367,2.568421052631579,0.631578947368421
79.75999538657285,1.6052631578947367,2.568421052631579,0.6842105263157894
85.12046688364957,1.6052631578947367,2.568421052631579,0.7368421052631579
90.47633930135777,1.6052631578947367,2.568421052631579,0.7894736842105263
95.81483647300895,1.6052631578947367,2.568421052631579,0.8421052631578947
101.1260913987668,1.6052631578947367,2.568421052631579,0.894736842105263
106.40247961017734,1.6052631578947367,2.568421052631579,0.9473684210526315
111.63813009041138,1.6052631578947367,2.568421052631579,1.0
52.33426906300396,1.6052631578947367,2.6210526315789475,0.0
41.92233136539078,1.6052631578947367,2.6210526315789475,0.05263157894736842
37.584838290651916,1.6052631578947367,2.6210526315789475,0.10526315789473684
36.837983538891855,1.6052631578947367,2.6210526315789475,0.15789473684210525
38.27657516479718,1.6052631578947367,2.6210526315789475,0.21052631578947367
41.084461916731684,1.6052631578947367,2.6210526315789475,0.2631578947368421
44.775660490759584,1.6052631578947367,2.6210526315789475,0.3157894736842105
49.05436917350515,1.6052631578947367,2.6210526315789475,0.3684210526315789
53.72705628986766,1.6052631578947367,2.6210526315789475,0.42105263157894735
58.665674563436504,1.6052631578947367,2.6210526315789475,0.47368421052631576
63.78627787270869,1.6052631578947367,2.6210526315789475,0.5263157894736842
69.02786827257948,1.6052631578947367,2.6210526315789475,0.5789473684210527
74.34576186498057,1.6052631578947367,2.6210526315789475,0.631578947368421
79.70718408222949,1.6052631578947367,2.6210526315789475,0.6842105263157894
85.0876773356954,1.6052631578947367,2.6210526315789475,0.7368421052631579
90.46874647543056,1.6052631578947367,2.6210526315789475,0.7894736842105263
95.83627278731966,1.6052631578947367,2.6210526315789475,0.8421052631578947
101.17941746092268,1.6052631578947367,2.6210526315789475,0.894736842105263
106.48984490632849,1.6052631578947367,2.6210526315789475,0.9473684210526315
111.76116044094601,1.6052631578947367,2.6210526315789475,1.0
67.89502945543761,1.6052631578947367,2.673684210526316,0.0
51.41371613359458,1.6052631578947367,2.673684210526316,0.05263157894736842
43.58419767391467,1.6052631578947367,2.673684210526316,0.10526315789473684
40.77242591712313,1.6052631578947367,2.673684210526316,0.15789473684210525
40.95366099574799,1.6052631578947367,2.673684210526316,0.21052631578947367
42.97266532015577,1.6052631578947367,2.673684210526316,0.2631578947368421
46.15248087324301,1.6052631578947367,2.673684210526316,0.3157894736842105
50.086323061764226,1.6052631578947367,2.673684210526316,0.3684210526315789
54.522971644768226,1.6052631578947367,2.673684210526316,0.42105263157894735
59.29645356675049,1.6052631578947367,2.673684210526316,0.47368421052631576
64.29804036329347,1.6052631578947367,2.673684210526316,0.5263157894736842
69.45418660934729,1.6052631578947367,2.673684210526316,0.5789473684210527
74.71385319104665,1.6052631578947367,2.673684210526316,0.631578947368421
80.03738998792234,1.6052631578947367,2.673684210526316,0.6842105263157894
85.39541937216386,1.6052631578947367,2.673684210526316,0.7368421052631579
90.76592262641017,1.6052631578947367,2.673684210526316,0.7894736842105263
96.13220175388209,1.6052631578947367,2.673684210526316,0.8421052631578947
101.48149454218581,1.6052631578947367,2.673684210526316,0.894736842105263
106.80400909294852,1.6052631578947367,2.673684210526316,0.9473684210526315
112.09223472876502,1.6052631578947367,2.673684210526316,1.0
93.91156236198586,1.6052631578947367,2.7263157894736842,0.0
67.59490972080633,1.6052631578947367,2.7263157894736842,0.05263157894736842
54.08401218954008,1.6052631578947367,2.7263157894736842,0.10526315789473684
47.88856997658731,1.6052631578947367,2.7263157894736842,0.15789473684210525
45.986001455850484,1.6052631578947367,2.7263157894736842,0.21052631578947367
46.6758214267932,1.6052631578947367,2.7263157894736842,0.2631578947368421
48.97752684167212,1.6052631578947367,2.7263157894736842,0.3157894736842105
52.309974570777406,1.6052631578947367,2.7263157894736842,0.3684210526315789
56.31976660378343,1.6052631578947367,2.7263157894736842,0.42105263157894735
60.78634409000467,1.6052631578947367,2.7263157894736842,0.47368421052631576
65.56164349469692,1.6052631578947367,2.7263157894736842,0.5263157894736842
70.54589203011501,1.6052631578947367,2.7263157894736842,0.5789473684210527
75.67009483645366,1.6052631578947367,2.7263157894736842,0.631578947368421
80.88900352655483,1.6052631578947367,2.7263157894736842,0.6842105263157894
86.16882879692082,1.6052631578947367,2.7263157894736842,0.7368421052631579
91.48181950362162,1.6052631578947367,2.7263157894736842,0.7894736842105263
96.80704507366538,1.6052631578947367,2.7263157894736842,0.8421052631578947
102.12855751190553,1.6052631578947367,2.7263157894736842,0.894736842105263
107.43377565001799,1.6052631578947367,2.7263157894736842,0.9473684210526315
112.70747270731707,1.6052631578947367,2.7263157894736842,1.0
135.32510644388358,1.6052631578947367,2.778947368421053,0.0
93.45109992503191,1.6052631578947367,2.778947368421053,0.05263157894736842
70.97494561410838,1.6052631578947367,2.778947368421053,0.10526315789473684
59.44692079755279,1.6052631578947367,2.778947368421053,0.15789473684210525
54.25900226384628,1.6052631578947367,2.778947368421053,0.21052631578947367
52.847440158255004,1.6052631578947367,2.778947368421053,0.2631578947368421
53.75291695888827,1.6052631578947367,2.778947368421053,0.3157894736842105
56.12305536039732,1.6052631578947367,2.778947368421053,0.3684210526315789
59.445509875797576,1.6052631578947367,2.778947368421053,0.42105263157894735
63.40403782057691,1.6052631578947367,2.778947368421053,0.47368421052631576
67.79861963422417,1.6052631578947367,2.778947368421053,0.5263157894736842
72.4925780369303,1.6052631578947367,2.778947368421053,0.5789473684210527
77.3924032707308,1.6052631578947367,2.778947368421053,0.631578947368421
82.43252398095609,1.6052631578947367,2.778947368421053,0.6842105263157894
87.56639492732161,1.6052631578947367,2.778947368421053,0.7368421052631579
92.76223061362349,1.6052631578947367,2.778947368421053,0.7894736842105263
97.99408021827837,1.6052631578947367,2.778947368421053,0.8421052631578947
103.24161128297743,1.6052631578947367,2.778947368421053,0.894736842105263
108.4827635156932,1.6052631578947367,2.778947368421053,0.9473684210526315
113.70517454857998,1.6052631578947367,2.778947368421053,1.0
199.6457279489041,1.6052631578947367,2.8315789473684214,0.0
133.44926735995986,1.6052631578947367,2.8315789473684214,0.05263157894736842
97.035862444797,1.6052631578947367,2.8315789473684214,0.10526315789473684
77.26443664374177,1.6052631578947367,2.8315789473684214,0.15789473684210525
67.02397659457307,1.6052631578947367,2.8315789473684214,0.21052631578947367
62.393958453836575,1.6052631578947367,2.8315789473684214,0.2631578947368421
61.166215832630215,1.6052631578947367,2.8315789473684214,0.3157894736842105
62.066455557316026,1.6052631578947367,2.8315789473684214,0.3684210526315789
64.3389818150295,1.6052631578947367,2.8315789473684214,0.42105263157894735
67.52202643933488,1.6052631578947367,2.8315789473684214,0.47368421052631576
71.3255298048093,1.6052631578947367,2.8315789473684214,0.5263157894736842
75.56312075481776,1.6052631578947367,2.8315789473684214,0.5789473684210527
80.10501332233015,1.6052631578947367,2.8315789473684214,0.631578947368421
84.8608783261763,1.6052631578947367,2.8315789473684214,0.6842105263157894
89.76642489181503,1.6052631578947367,2.8315789473684214,0.7368421052631579
94.77480197513145,1.6052631578947367,2.8315789473684214,0.7894736842105263
99.84968278096548,1.6052631578947367,2.8315789473684214,0.8421052631578947
104.96123390314659,1.6052631578947367,2.8315789473684214,0.894736842105263
110.08913487520145,1.6052631578947367,2.8315789473684214,0.9473684210526315
115.21794753661267,1.6052631578947367,2.8315789473684214,1.0
298.3114066837102,1.6052631578947367,2.8842105263157896,0.0
194.29245266951136,1.6052631578947367,2.8842105263157896,0.05263157894736842
136.36478603374607,1.6052631578947367,2.8842105263157896,0.10526315789473684
103.96943511150828,1.6052631578947367,2.8842105263157896,0.15789473684210525
86.05508678548382,1.6052631578947367,2.8842105263157896,0.21052631578947367
76.57576891625682,1.6052631578947367,2.8842105263157896,0.2631578947368421
72.15662529398158,1.6052631578947367,2.8842105263157896,0.3157894736842105
70.87005556516249,1.6052631578947367,2.8842105263157896,0.3684210526315789
71.5861244920836,1.6052631578947367,2.8842105263157896,0.42105263157894735
73.62310541668087,1.6052631578947367,2.8842105263157896,0.47368421052631576
76.55666256790543,1.6052631578947367,2.8842105263157896,0.5263157894736842
80.11499097420847,1.6052631578947367,2.8842105263157896,0.5789473684210527
84.12035263732123,1.6052631578947367,2.8842105263157896,0.631578947368421
88.44655925623422,1.6052631578947367,2.8842105263157896,0.6842105263157894
93.00413580150429,1.6052631578947367,2.8842105263157896,0.7368421052631579
97.72305863611628,1.6052631578947367,2.8842105263157896,0.7894736842105263
102.55223392654473,1.6052631578947367,2.8842105263157896,0.8421052631578947
107.45666488634349,1.6052631578947367,2.8842105263157896,0.894736842105263
112.41224474245378,1.6052631578947367,2.8842105263157896,0.9473684210526315
117.39875189783716,1.6052631578947367,2.8842105263157896,1.0
448.79146170375634,1.6052631578947367,2.936842105263158,0.0
286.0760787720214,1.6052631578947367,2.936842105263158,0.05263157894736842
195.03190160084264,1.6052631578947367,2.936842105263158,0.10526315789473684
143.38241901564177,1.6052631578947367,2.936842105263158,0.15789473684210525
113.87996576720626,1.6052631578947367,2.936842105263158,0.21052631578947367
97.15295380419705,1.6052631578947367,2.936842105263158,0.2631578947368421
88.01139724116678,1.6052631578947367,2.936842105263158,0.3157894736842105
83.51781086016524,1.6052631578947367,2.936842105263158,0.3684210526315789
81.9679497665018,1.6052631578947367,2.936842105263158,0.42105263157894735
82.34526499857735,1.6052631578947367,2.936842105263158,0.47368421052631576
84.02471192266553,1.6052631578947367,2.936842105263158,0.5263157894736842
86.6093700915565,1.6052631578947367,2.936842105263158,0.5789473684210527
89.83962442249326,1.6052631578947367,2.936842105263158,0.631578947368421
93.54199978869195,1.6052631578947367,2.936842105263158,0.6842105263157894
97.58451857592051,1.6052631578947367,2.936842105263158,0.7368421052631579
101.87535123533549,1.6052631578947367,2.936842105263158,0.7894736842105263
106.34898451916939,1.6052631578947367,2.936842105263158,0.8421052631578947
110.9564504344843,1.6052631578947367,2.936842105263158,0.894736842105263
115.66054238706,1.6052631578947367,2.936842105263158,0.9473684210526315
120.43327619848255,1.6052631578947367,2.936842105263158,1.0
677.8488041454963,1.6052631578947367,2.9894736842105267,0.0
424.06574682744963,1.6052631578947367,2.9894736842105267,0.05263157894736842
282.0728043123658,1.6052631578947367,2.9894736842105267,0.10526315789473684
201.08781487634675,1.6052631578947367,2.9894736842105267,0.15789473684210525
154.1206297162737,1.6052631578947367,2.9894736842105267,0.21052631578947367
126.59694259953432,1.6052631578947367,2.9894736842105267,0.2631578947368421
110.50320462560585,1.6052631578947367,2.9894736842105267,0.3157894736842105
101.34112770111322,1.6052631578947367,2.9894736842105267,0.3684210526315789
96.52537756930077,1.6052631578947367,2.9894736842105267,0.42105263157894735
94.52998542812641,1.6052631578947367,2.9894736842105267,0.47368421052631576
94.4273390290259,1.6052631578947367,2.9894736842105267,0.5263157894736842
95.63538593152265,1.6052631578947367,2.9894736842105267,0.5789473684210527
97.77516999255803,1.6052631578947367,2.9894736842105267,0.631578947368421
100.58716902326057,1.6052631578947367,2.9894736842105267,0.6842105263157894
103.89984892570831,1.6052631578947367,2.9894736842105267,0.7368421052631579
107.58786991582124,1.6052631578947367,2.9894736842105267,0.7894736842105263
111.55919953099823,1.6052631578947367,2.9894736842105267,0.8421052631578947
115.74532923080521,1.6052631578947367,2.9894736842105267,0.894736842105263
120.0943130506702,1.6052631578947367,2.9894736842105267,0.9473684210526315
124.56616756060973,1.6052631578947367,2.9894736842105267,1.0
1026.6046515273365,1.6052631578947367,3.042105263157895,0.0
631.4351944576463,1.6052631578947367,3.042105263157895,0.05263157894736842
411.0034139866282,1.6052631578947367,3.042105263157895,0.10526315789473684
285.2958547152453,1.6052631578947367,3.042105263157895,0.15789473684210525
212.00023230013213,1.6052631578947367,3.042105263157895,0.21052631578947367
168.3999443381027,1.6052631578947367,3.042105263157895,0.2631578947368421
142.0872924899452,1.6052631578947367,3.042105263157895,0.3157894736842105
126.15030328769564,1.6052631578947367,3.042105263157895,0.3684210526315789
116.65096149565049,1.6052631578947367,3.042105263157895,0.42105263157894735
111.28767156892133,1.6052631578947367,3.042105263157895,0.47368421052631576
108.67640103780909,1.6052631578947367,3.042105263157895,0.5263157894736842
107.95573120115093,1.6052631578947367,3.042105263157895,0.5789473684210527
108.56874952412299,1.6052631578947367,3.042105263157895,0.631578947368421
110.15148397327108,1.6052631578947367,3.042105263157895,0.6842105263157894
112.45580351006069,1.6052631578947367,3.042105263157895,0.7368421052631579
115.31005019922709,1.6052631578947367,3.042105263157895,0.7894736842105263
118.5858537340867,1.6052631578947367,3.042105263157895,0.8421052631578947
122.18724471501032,1.6052631578947367,3.042105263157895,0.894736842105263
126.04171129832669,1.6052631578947367,3.042105263157895,0.9473684210526315
130.0935351197849,1.6052631578947367,3.042105263157895,1.0
1558.365409730435,1.6052631578947367,3.094736842105263,0.0
943.4376642094574,1.6052631578947367,3.094736842105263,0.05263157894736842
602.0812127217922,1.6052631578947367,3.094736842105263,0.10526315789473684
408.0924970525579,1.6052631578947367,3.094736842105263,0.15789473684210525
295.05001815124854,1.6052631578947367,3.094736842105263,0.21052631578947367
227.48595006689823,1.6052631578947367,3.094736842105263,0.2631578947368421
186.14768891440562,1.6052631578947367,3.094736842105263,0.3157894736842105
160.38686421137604,1.6052631578947367,3.094736842105263,0.3684210526315789
144.18638566559045,1.6052631578947367,3.094736842105263,0.42105263157894735
134.06217393483868,1.6052631578947367,3.094736842105263,0.47368421052631576
127.93593917888592,1.6052631578947367,3.094736842105263,0.5263157894736842
124.53060502315611,1.6052631578947367,3.094736842105263,0.5789473684210527
123.04145072621982,1.6052631578947367,3.094736842105263,0.631578947368421
122.94165492617083,1.6052631578947367,3.094736842105263,0.6842105263157894
123.87473753887741,1.6052631578947367,3.094736842105263,0.7368421052631579
125.59219487786807,1.6052631578947367,3.094736842105263,0.7894736842105263
127.91876885284515,1.6052631578947367,3.094736842105263,0.8421052631578947
130.72145708702183,1.6052631578947367,3.094736842105263,0.894736842105263
133.89913292623717,1.6052631578947367,3.094736842105263,0.9473684210526315
137.37432863658495,1.6052631578947367,3.094736842105263,1.0
2371.027555688355,1.6052631578947367,3.1473684210526316,0.0
1414.052532158979,1.6052631578947367,3.1473684210526316,0.05263157894736842
885.9453181180838,1.6052631578947367,3.1473684210526316,0.10526315789473684
587.4836309905244,1.6052631578947367,3.1473684210526316,0.15789473684210525
414.2891106813692,1.6052631578947367,3.1473684210526316,0.21052631578947367
310.9106402729984,1.6052631578947367,3.1473684210526316,0.2631578947368421
247.42434975238504,1.6052631578947367,3.1473684210526316,0.3157894736842105
207.391070773432,1.6052631578947367,3.1473684210526316,0.3684210526315789
181.59324715240024,1.6052631578947367,3.1473684210526316,0.42105263157894735
164.73400779349652,1.6052631578947367,3.1473684210526316,0.47368421052631576
153.69283797001077,1.6052631578947367,3.1473684210526316,0.5263157894736842
146.5794417245367,1.6052631578947367,3.1473684210526316,0.5789473684210527
142.21029326138037,1.6052631578947367,3.1473684210526316,0.631578947368421
139.81945177442262,1.6052631578947367,3.1473684210526316,0.6842105263157894
138.8944009201847,1.6052631578947367,3.1473684210526316,0.7368421052631579
139.08091862717257,1.6052631578947367,3.1473684210526316,0.7894736842105263
140.1269900011391,1.6052631578947367,3.1473684210526316,0.8421052631578947
141.85155583807702,1.6052631578947367,3.1473684210526316,0.894736842105263
144.1154617177138,1.6052631578947367,3.1473684210526316,0.9473684210526315
146.81124286665664,1.6052631578947367,3.1473684210526316,1.0
3616.27565989703,1.6052631578947367,3.2,0.0
2126.160952956651,1.6052631578947367,3.2,0.05263157894736842
1309.1214910352874,1.6052631578947367,3.2,0.10526315789473684
850.4530735677329,1.6052631578947367,3.2,0.15789473684210525
585.9840031399257,1.6052631578947367,3.2,0.21052631578947367
428.92209591697457,1.6052631578947367,3.2,0.2631578947368421
332.6902477918178,1.6052631578947367,3.2,0.3157894736842105
271.8630783088956,1.6052631578947367,3.2,0.3684210526315789
232.28144855127223,1.6052631578947367,3.2,0.42105263157894735
205.8901621789483,1.6052631578947367,3.2,0.47368421052631576
187.98990020466533,1.6052631578947367,3.2,0.5263157894736842
175.7596779426579,1.6052631578947367,3.2,0.5789473684210527
167.45303604628597,1.6052631578947367,3.2,0.631578947368421
161.9527957894545,1.6052631578947367,3.2,0.6842105263157894
158.51998465339372,1.6052631578947367,3.2,0.7368421052631579
156.6494161220715,1.6052631578947367,3.2,0.7894736842105263
155.9847760937487,1.6052631578947367,3.2,0.8421052631578947
156.26767862349584,1.6052631578947367,3.2,0.894736842105263
157.30918765531297,1.6052631578947367,3.2,0.9473684210526315
158.9625403272313,1.6052631578947367,3.2,1.0
77.03680131899898,1.7105263157894737,2.2,0.0
63.65969173374465,1.7105263157894737,2.2,0.05263157894736842
56.516017604039654,1.7105263157894737,2.2,0.10526315789473684
53.12296653223258,1.7105263157894737,2.2,0.15789473684210525
51.975439098059475,1.7105263157894737,2.2,0.21052631578947367
52.33999148894858,1.7105263157894737,2.2,0.2631578947368421
53.79399673748458,1.7105263157894737,2.2,0.3157894736842105
56.10268625416805,1.7105263157894737,2.2,0.3684210526315789
59.04021940534534,1.7105263157894737,2.2,0.42105263157894735
62.444466460210165,1.7105263157894737,2.2,0.47368421052631576
66.19813573047145,1.7105263157894737,2.2,0.5263157894736842
70.21455784470146,1.7105263157894737,2.2,0.5789473684210527
74.42848511808438,1.7105263157894737,2.2,0.631578947368421
78.78999438672004,1.7105263157894737,2.2,0.6842105263157894
83.26035394528814,1.7105263157894737,2.2,0.7368421052631579
87.80916076155977,1.7105263157894737,2.2,0.7894736842105263
92.41231670777829,1.7105263157894737,2.2,0.8421052631578947
97.05057038035687,1.7105263157894737,2.2,0.894736842105263
101.70844775883208,1.7105263157894737,2.2,0.9473684210526315
106.3734552667917,1.7105263157894737,2.2,1.0
65.11105217503352,1.7105263157894737,2.2526315789473688,0.0
54.80494430689349,1.7105263157894737,2.2526315789473688,0.05263157894736842
49.673252937662994,1.7105263157894737,2.2526315789473688,0.10526315789473684
47.546211543963814,1.7105263157894737,2.2526315789473688,0.15789473684210525
47.31997292389371,1.7105263157894737,2.2526315789473688,0.21052631578947367
48.39991894665626,1.7105263157894737,2.2526315789473688,0.2631578947368421
50.48326463869131,1.7105263157894737,2.2526315789473688,0.3157894736842105
53.300720084013804,1.7105263157894737,2.2526315789473688,0.3684210526315789
56.655288518758816,1.7105263157894737,2.2526315789473688,0.42105263157894735
60.407148965442865,1.7105263157894737,2.2526315789473688,0.47368421052631576
64.45473552158272,1.7105263157894737,2.2526315789473688,0.5263157894736842
68.7227368919293,1.7105263157894737,2.2526315789473688,0.5789473684210527
73.15429529084324,1.7105263157894737,2.2526315789473688,0.631578947368421
77.70581391331602,1.7105263157894737,2.2526315789473688,0.6842105263157894
82.34342157571416,1.7105263157894737,2.2526315789473688,0.7368421052631579
87.04051327318628,1.7105263157894737,2.2526315789473688,0.7894736842105263
91.77600419375067,1.7105263157894737,2.2526315789473688,0.8421052631578947
96.53306661808585,1.7105263157894737,2.2526315789473688,0.894736842105263
101.29820014732182,1.7105263157894737,2.2526315789473688,0.9473684210526315
106.06053638380934,1.7105263157894737,2.2526315789473688,1.0
55.33705448410037,1.7105263157894737,2.305263157894737,0.0
47.38745616384582,1.7105263157894737,2.305263157894737,0.05263157894736842
43.754404881703564,1.7105263157894737,2.305263157894737,0.10526315789473684
42.629217434297296,1.7105263157894737,2.305263157894737,0.15789473684210525
43.15291925161479,1.7105263157894737,2.305263157894737,0.21052631578947367
44.88753390031576,1.7105263157894737,2.305263157894737,0.2631578947368421
47.50487725124051,1.7105263157894737,2.305263157894737,0.3157894736842105
50.757066450833634,1.7105263157894737,2.305263157894737,0.3684210526315789
54.472111446300005,1.7105263157894737,2.305263157894737,0.42105263157894735
58.527599561058,1.7105263157894737,2.305263157894737,0.47368421052631576
62.834390348334914,1.7105263157894737,2.305263157894737,0.5263157894736842
67.32624958613238,1.7105263157894737,2.305263157894737,0.5789473684210527
71.95309408427683,1.7105263157894737,2.305263157894737,0.631578947368421
76.67648347292771,1.7105263157894737,2.305263157894737,0.6842105263157894
81.46654215702677,1.7105263157894737,2.305263157894737,0.7368421052631579
86.29981176076355,1.7105263157894737,2.305263157894737,0.7894736842105263
91.1577220448706,1.7105263157894737,2.305263157894737,0.8421052631578947
96.02548150234878,1.7105263157894737,2.305263157894737,0.894736842105263
100.89125845119074,1.7105263157894737,2.305263157894737,0.9473684210526315
105.74556704165003,1.7105263157894737,2.305263157894737,1.0
47.678105716338976,1.7105263157894737,2.3578947368421055,0.0
41.397848615498305,1.7105263157894737,2.3578947368421055,0.05263157894736842
38.7834681663554,1.7105263157894737,2.3578947368421055,0.10526315789473684
38.40083824204971,1.7105263157894737,2.3578947368421055,0.15789473684210525
39.558455301813034,1.7105263157894737,2.3578947368421055,0.21052631578947367
41.82833668048237,1.7105263157894737,2.3578947368421055,0.2631578947368421
44.8807140690425,1.7105263157894737,2.3578947368421055,0.3157894736842105
48.49317886185959,1.7105263157894737,2.3578947368421055,0.3684210526315789
52.51146738779385,1.7105263157894737,2.3578947368421055,0.42105263157894735
56.82579994978238,1.7105263157894737,2.3578947368421055,0.47368421052631576
61.35624000358663,1.7105263157894737,2.3578947368421055,0.5263157894736842
66.04339803103365,1.7105263157894737,2.3578947368421055,0.5789473684210527
70.84237918269727,1.7105263157894737,2.3578947368421055,0.631578947368421
75.71874600660034,1.7105263157894737,2.3578947368421055,0.6842105263157894
80.64576189569526,1.7105263157894737,2.3578947368421055,0.7368421052631579
85.60246696178253,1.7105263157894737,2.3578947368421055,0.7894736842105263
90.57230693455884,1.7105263157894737,2.3578947368421055,0.8421052631578947
95.54213733971567,1.7105263157894737,2.3578947368421055,0.894736842105263
100.50148757045055,1.7105263157894737,2.3578947368421055,0.9473684210526315
105.44200844846087,1.7105263157894737,2.3578947368421055,1.0
42.251647563748186,1.7105263157894737,2.4105263157894736,0.0
36.877538993051026,1.7105263157894737,2.4105263157894736,0.05263157894736842
34.85689330502014,1.7105263157894737,2.4105263157894736,0.10526315789473684
34.98426531735858,1.7105263157894737,2.4105263157894736,0.15789473684210525
36.614399242623726,1.7105263157894737,2.4105263157894736,0.21052631578947367
39.27657394517188,1.7105263157894737,2.4105263157894736,0.2631578947368421
42.658898512051366,1.7105263157894737,2.4105263157894736,0.3157894736842105
46.55233191054702,1.7105263157894737,2.4105263157894736,0.3684210526315789
50.81266306660396,1.7105263157894737,2.4105263157894736,0.42105263157894735
55.33773308160784,1.7105263157894737,2.4105263157894736,0.47368421052631576
60.0534379849517,1.7105263157894737,2.4105263157894736,0.5263157894736842
64.90490053013338,1.7105263157894737,2.4105263157894736,0.5789473684210527
69.85075732657928,1.7105263157894737,2.4105263157894736,0.631578947368421
74.85936794312533,1.7105263157894737,2.4105263157894736,0.6842105263157894
79.90623769788004,1.7105263157894737,2.4105263157894736,0.7368421052631579
84.97222479811896,1.7105263157894737,2.4105263157894736,0.7894736842105263
90.04226603499139,1.7105263157894737,2.4105263157894736,0.8421052631578947
95.10445297658356,1.7105263157894737,2.4105263157894736,0.894736842105263
100.14935014929551,1.7105263157894737,2.4105263157894736,0.9473684210526315
105.16948368200693,1.7105263157894737,2.4105263157894736,1.0
39.396657894139935,1.7105263157894737,2.463157894736842,0.0
34.057156622768055,1.7105263157894737,2.463157894736842,0.05263157894736842
32.171777426962215,1.7105263157894737,2.463157894736842,0.10526315789473684
32.55128539035072,1.7105263157894737,2.463157894736842,0.15789473684210525
34.43322494383941,1.7105263157894737,2.463157894736842,0.21052631578947367
37.32675990015736,1.7105263157894737,2.463157894736842,0.2631578947368421
40.92008274569004,1.7105263157894737,2.463157894736842,0.3157894736842105
45.00478549492033,1.7105263157894737,2.463157894736842,0.3684210526315789
49.43787798275871,1.7105263157894737,2.463157894736842,0.42105263157894735
54.119108158096516,1.7105263157894737,2.463157894736842,0.47368421052631576
58.97639227119316,1.7105263157894737,2.463157894736842,0.5263157894736842
63.95674471795193,1.7105263157894737,2.463157894736842,0.5789473684210527
69.02048071834915,1.7105263157894737,2.463157894736842,0.631578947368421
74.13741251751999,1.7105263157894737,2.463157894736842,0.6842105263157894
79.28428900809263,1.7105263157894737,2.463157894736842,0.7368421052631579
84.44302970366842,1.7105263157894737,2.463157894736842,0.7894736842105263
89.59947842397501,1.7105263157894737,2.463157894736842,0.8421052631578947
94.74250504935122,1.7105263157894737,2.463157894736842,0.894736842105263
99.8633457044806,1.7105263157894737,2.463157894736842,0.9473684210526315
104.95510979782641,1.7105263157894737,2.463157894736842,1.0
39.68829381320509,1.7105263157894737,2.515789473684211,0.0
33.37176784268391,1.7105263157894737,2.515789473684211,0.05263157894736842
31.079581935332723,1.7105263157894737,2.515789473684211,0.10526315789473684
31.31894406713989,1.7105263157894737,2.515789473684211,0.15789473684210525
33.181766670535545,1.7105263157894737,2.515789473684211,0.21052631578947367
36.120049097176945,1.7105263157894737,2.515789473684211,0.2631578947368421
39.78596280687819,1.7105263157894737,2.515789473684211,0.3157894736842105
43.95477495394647,1.7105263157894737,2.515789473684211,0.3684210526315789
48.47795368664783,1.7105263157894737,2.515789473684211,0.42105263157894735
53.2502589489052,1.7105263157894737,2.515789473684211,0.47368421052631576
58.19698073489125,1.7105263157894737,2.515789473684211,0.5263157894736842
63.263864940414734,1.7105263157894737,2.515789473684211,0.5789473684210527
68.41069076247356,1.7105263157894737,2.515789473684211,0.631578947368421
73.60712745418104,1.7105263157894737,2.515789473684211,0.6842105263157894
78.829988673,1.7105263157894737,2.515789473684211,0.7368421052631579
84.06136495444416,1.7105263157894737,2.515789473684211,0.7894736842105263
89.28732175709185,1.7105263157894737,2.515789473684211,0.8421052631578947
94.49697086046555,1.7105263157894737,2.515789473684211,0.894736842105263
99.6817942207831,1.7105263157894737,2.515789473684211,0.9473684210526315
104.83514250505992,1.7105263157894737,2.515789473684211,1.0
44.09959911119827,1.7105263157894737,2.568421052631579,0.0
35.52842675109074,1.7105263157894737,2.568421052631579,0.05263157894736842
32.03262843699916,1.7105263157894737,2.568421052631579,0.10526315789473684
31.613017172379116,1.7105263157894737,2.568421052631579,0.15789473684210525
33.115097557406216,1.7105263157894737,2.568421052631579,0.21052631578947367
35.8552259896384,1.7105263157894737,2.568421052631579,0.2631578947368421
39.421403071283855,1.7105263157894737,2.568421052631579,0.3157894736842105
43.548011289391106,1.7105263157894737,2.568421052631579,0.3684210526315789
48.060071452879704,1.7105263157894737,2.568421052631579,0.42105263157894735
52.842560283644495,1.7105263157894737,2.568421052631579,0.47368421052631576
57.81401646078856,1.7105263157894737,2.568421052631579,0.5263157894736842
62.914868762409235,1.7105263157894737,2.568421052631579,0.5789473684210527
68.10155637012325,1.7105263157894737,2.568421052631579,0.631578947368421
73.34160533953049,1.7105263157894737,2.568421052631579,0.6842105263157894
78.6104284391487,1.7105263157894737,2.568421052631579,0.7368421052631579
83.8891874047829,1.7105263157894737,2.568421052631579,0.7894736842105263
89.16332677752227,1.7105263157894737,2.568421052631579,0.8421052631578947
94.42154320283039,1.7105263157894737,2.568421052631579,0.894736842105263
99.65504429999426,1.7105263157894737,2.568421052631579,0.9473684210526315
104.85700485800533,1.7105263157894737,2.568421052631579,1.0
54.270567868754334,1.7105263157894737,2.6210526315789475,0.0
41.55354098221444,1.7105263157894737,2.6210526315789475,0.05263157894736842
35.69522839871242,1.7105263157894737,2.6210526315789475,0.10526315789473684
33.89623169021575,1.7105263157894737,2.6210526315789475,0.15789473684210525
34.57379723879417,1.7105263157894737,2.6210526315789475,0.21052631578947367
36.80921402850714,1.7105263157894737,2.6210526315789475,0.2631578947368421
40.05400605087229,1.7105263157894737,2.6210526315789475,0.3157894736842105
43.973941774013255,1.7105263157894737,2.6210526315789475,0.3684210526315789
48.352089712232655,1.7105263157894737,2.6210526315789475,0.42105263157894735
53.04638295951068,1.7105263157894737,2.6210526315789475,0.47368421052631576
57.960326752303835,1.7105263157894737,2.6210526315789475,0.5263157894736842
63.02810641031266,1.7105263157894737,2.6210526315789475,0.5789473684210527
68.19954908585933,1.7105263157894737,2.6210526315789475,0.631578947368421
73.4374198544292,1.7105263157894737,2.6210526315789475,0.6842105263157894
78.71383187248931,1.7105263157894737,2.6210526315789475,0.7368421052631579
84.00760529905104,1.7105263157894737,2.6210526315789475,0.7894736842105263
89.30248884535796,1.7105263157894737,2.6210526315789475,0.8421052631578947
94.5859303331082,1.7105263157894737,2.6210526315789475,0.894736842105263
99.84820579308482,1.7105263157894737,2.6210526315789475,0.9473684210526315
105.08178875493478,1.7105263157894737,2.6210526315789475,1.0
72.68068380635403,1.7105263157894737,2.673684210526316,0.0
52.97507984869884,1.7105263157894737,2.673684210526316,0.05263157894736842
43.07343907090118,1.7105263157894737,2.673684210526316,0.10526315789473684
38.865143153639565,1.7105263157894737,2.673684210526316,0.15789473684210525
38.06059863972337,1.7105263157894737,2.673684210526316,0.21052631578947367
39.35378059195069,1.7105263157894737,2.673684210526316,0.2631578947368421
41.979477708853416,1.7105263157894737,2.673684210526316,0.3157894736842105
45.4762966526679,1.7105263157894737,2.673684210526316,0.3684210526315789
49.56072094160431,1.7105263157894737,2.673684210526316,0.42105263157894735
54.0463182587472,1.7105263157894737,2.673684210526316,0.47368421052631576
58.807855651975906,1.7105263157894737,2.673684210526316,0.5263157894736842
63.759467860383296,1.7105263157894737,2.673684210526316,0.5789473684210527
68.84416942843716,1.7105263157894737,2.673684210526316,0.631578947368421
74.02049926657548,1.7105263157894737,2.673684210526316,0.6842105263157894
79.25473536989452,1.7105263157894737,2.673684210526316,0.7368421052631579
84.52148781152731,1.7105263157894737,2.673684210526316,0.7894736842105263
89.80139948789466,1.7105263157894737,2.673684210526316,0.8421052631578947
95.07958321395513,1.7105263157894737,2.673684210526316,0.894736842105263
100.34453180671878,1.7105263157894737,2.673684210526316,0.9473684210526315
105.58733975693939,1.7105263157894737,2.673684210526316,1.0
103.04591980430504,1.7105263157894737,2.7263157894736842,0.0
72.07533170245506,1.7105263157894737,2.7263157894736842,0.05263157894736842
55.64275764926582,1.7105263157894737,2.7263157894736842,0.10526315789473684
47.52542059344557,1.7105263157894737,2.7263157894736842,0.15789473684210525
44.297727841405134,1.7105263157894737,2.7263157894736842,0.21052631578947367
44.0324622489273,1.7105263157894737,2.7263157894736842,0.2631578947368421
45.61824378149531,1.7105263157894737,2.7263157894736842,0.3157894736842105
48.396140886998616,1.7105263157894737,2.7263157894736842,0.3684210526315789
51.96374839149905,1.7105263157894737,2.7263157894736842,0.42105263157894735
56.0709416911838,1.7105263157894737,2.7263157894736842,0.47368421052631576
60.550852101975785,1.7105263157894737,2.7263157894736842,0.5263157894736842
65.2897138084026,1.7105263157894737,2.7263157894736842,0.5789473684210527
70.20859750741384,1.7105263157894737,2.7263157894736842,0.631578947368421
75.25154867296327,1.7105263157894737,2.7263157894736842,0.6842105263157894
80.38044307354328,1.7105263157894737,2.7263157894736842,0.7368421052631579
85.56524628001169,1.7105263157894737,2.7263157894736842,0.7894736842105263
90.78340409142568,1.7105263157894737,2.7263157894736842,0.8421052631578947
96.01632880478726,1.7105263157894737,2.7263157894736842,0.894736842105263
101.24960645571552,1.7105263157894737,2.7263157894736842,0.9473684210526315
106.4720630072757,1.7105263157894737,2.7263157894736842,1.0
150.99521623950648,1.7105263157894737,2.778947368421053,0.0
102.25971642578736,1.7105263157894737,2.778947368421053,0.05263157894736842
75.5639143524469,1.7105263157894737,2.778947368421053,0.10526315789473684
61.32076890986978,1.7105263157894737,2.778947368421053,0.15789473684210525
54.30175610226083,1.7105263157894737,2.778947368421053,0.21052631578947367
51.597506861966124,1.7105263157894737,2.778947368421053,0.2631578947368421
51.55152665882766,1.7105263157894737,2.778947368421053,0.3157894736842105
53.19581542407104,1.7105263157894737,2.778947368421053,0.3684210526315789
55.948097583314535,1.7105263157894737,2.778947368421053,0.42105263157894735
59.447222717106946,1.7105263157894737,2.778947368421053,0.47368421052631576
63.46540852350852,1.7105263157894737,2.778947368421053,0.5263157894736842
67.84824345757023,1.7105263157894737,2.778947368421053,0.5789473684210527
72.48863686833258,1.7105263157894737,2.778947368421053,0.631578947368421
77.31126050790299,1.7105263157894737,2.778947368421053,0.6842105263157894
82.26175202204422,1.7105263157894737,2.778947368421053,0.7368421052631579
87.3011490221643,1.7105263157894737,2.778947368421053,0.7894736842105263
92.4016873758568,1.7105263157894737,2.778947368421053,0.8421052631578947
97.53959453781317,1.7105263157894737,2.778947368421053,0.894736842105263
102.69653453828246,1.7105263157894737,2.778947368421053,0.9473684210526315
107.85593528078358,1.7105263157894737,2.778947368421053,1.0
225.0755589679353,1.7105263157894737,2.8315789473684214,0.0
148.61743378156248,1.7105263157894737,2.8315789473684214,0.05263157894736842
106.00736788277186,1.7105263157894737,2.8315789473684214,0.10526315789473684
82.32786317361764,1.7105263157894737,2.8315789473684214,0.15789473684210525
69.5057891352178,1.7105263157894737,2.8315789473684214,0.21052631578947367
63.08933409347255,1.7105263157894737,2.8315789473684214,0.2631578947368421
60.57029525348301,1.7105263157894737,2.8315789473684214,0.3157894736842105
60.50050475799007,1.7105263157894737,2.8315789473684214,0.3684210526315789
62.020504536840264,1.7105263157894737,2.8315789473684214,0.42105263157894735
64.60455612765183,1.7105263157894737,2.8315789473684214,0.47368421052631576
67.92069845993393,1.7105263157894737,2.8315789473684214,0.5263157894736842
71.75591475347798,1.7105263157894737,2.8315789473684214,0.5789473684210527
75.96334481514454,1.7105263157894737,2.8315789473684214,0.631578947368421
80.43920893616172,1.7105263157894737,2.8315789473684214,0.6842105263157894
85.1093933350031,1.7105263157894737,2.8315789473684214,0.7368421052631579
89.91968038657522,1.7105263157894737,2.8315789473684214,0.7894736842105263
94.8296097635993,1.7105263157894737,2.8315789473684214,0.8421052631578947
99.81047321723366,1.7105263157894737,2.8315789473684214,0.894736842105263
104.83380343158387,1.7105263157894737,2.8315789473684214,0.9473684210526315
109.87866415536287,1.7105263157894737,2.8315789473684214,1.0
338.2955739611264,1.7105263157894737,2.8842105263157896,0.0
218.77821937289946,1.7105263157894737,2.8842105263157896,0.05263157894736842
151.64290451160926,1.7105263157894737,2.8842105263157896,0.10526315789473684
113.54600769294557,1.7105263157894737,2.8842105263157896,0.15789473684210525
91.9378600167588,1.7105263157894737,2.8842105263157896,0.21052631578947367
79.95141603262987,1.7105263157894737,2.8842105263157896,0.2631578947368421
73.75229809685032,1.7105263157894737,2.8842105263157896,0.3157894736842105
71.14939586745675,1.7105263157894737,2.8842105263157896,0.3684210526315789
70.8574056885118,1.7105263157894737,2.8842105263157896,0.42105263157894735
72.10009457570767,1.7105263157894737,2.8842105263157896,0.47368421052631576
74.39365637755978,1.7105263157894737,2.8842105263157896,0.5263157894736842
77.42654905774074,1.7105263157894737,2.8842105263157896,0.5789473684210527
80.99496654193497,1.7105263157894737,2.8842105263157896,0.631578947368421
84.95598562351957,1.7105263157894737,2.8842105263157896,0.6842105263157894
89.20661581835643,1.7105263157894737,2.8842105263157896,0.7368421052631579
93.67213787831898,1.7105263157894737,2.8842105263157896,0.7894736842105263
98.29589542989775,1.7105263157894737,2.8842105263157896,0.8421052631578947
103.0296222085208,1.7105263157894737,2.8842105263157896,0.894736842105263
107.84130629771576,1.7105263157894737,2.8842105263157896,0.9473684210526315
112.70938228499443,1.7105263157894737,2.8842105263157896,1.0
510.51429051115963,1.7105263157894737,2.936842105263158,0.0
324.2256429589971,1.7105263157894737,2.936842105263158,0.05263157894736842
219.38138551256264,1.7105263157894737,2.936842105263158,0.10526315789473684
159.3297958208637,1.7105263157894737,2.936842105263158,0.15789473684210525
124.483004393772,1.7105263157894737,2.936842105263158,0.21052631578947367
104.19593872374931,1.7105263157894737,2.936842105263158,0.2631578947368421
92.57170000255798,1.7105263157894737,2.936842105263158,0.3157894736842105
86.27128303969229,1.7105263157894737,2.936842105263158,0.3684210526315789
83.35629699372745,1.7105263157894737,2.936842105263158,0.42105263157894735
82.66952696245623,1.7105263157894737,2.936842105263158,0.47368421052631576
83.49860395808376,1.7105263157894737,2.936842105263158,0.5263157894736842
85.39046753810702,1.7105263157894737,2.936842105263158,0.5789473684210527
88.04725156500317,1.7105263157894737,2.936842105263158,0.631578947368421
91.27003759719433,1.7105263157894737,2.936842105263158,0.6842105263157894
94.91701155332575,1.7105263157894737,2.936842105263158,0.7368421052631579
98.88112347339755,1.7105263157894737,2.936842105263158,0.7894736842105263
103.07991159852827,1.7105263157894737,2.936842105263158,0.8421052631578947
107.45622986581921,1.7105263157894737,2.936842105263158,0.894736842105263
111.96663768909431,1.7105263157894737,2.936842105263158,0.9473684210526315
116.57754054898446,1.7105263157894737,2.936842105263158,1.0
772.1416465348896,1.7105263157894737,2.9894736842105267,0.0
482.31378947566196,1.7105263157894737,2.9894736842105267,0.05263157894736842
319.5017516340068,1.7105263157894737,2.9894736842105267,0.10526315789473684
226.03818396290492,1.7105263157894737,2.9894736842105267,0.15789473684210525
171.27054060632403,1.7105263157894737,2.9894736842105267,0.21052631578947367
138.64434071386967,1.7105263157894737,2.9894736842105267,0.2631578947368421
119.05524589719842,1.7105263157894737,2.9894736842105267,0.3157894736842105
107.39075552289816,1.7105263157894737,2.9894736842105267,0.3684210526315789
100.71095766138609,1.7105263157894737,2.9894736842105267,0.42105263157894735
97.27932037148487,1.7105263157894737,2.9894736842105267,0.47368421052631576
96.03917964979956,1.7105263157894737,2.9894736842105267,0.5263157894736842
96.32664360638132,1.7105263157894737,2.9894736842105267,0.5789473684210527
97.71045491628415,1.7105263157894737,2.9894736842105267,0.631578947368421
99.90098388965264,1.7105263157894737,2.9894736842105267,0.6842105263157894
102.69561848868132,1.7105263157894737,2.9894736842105267,0.7368421052631579
105.94756308614802,1.7105263157894737,2.9894736842105267,0.7894736842105263
109.55055211471627,1.7105263157894737,2.9894736842105267,0.8421052631578947
113.42522157158002,1.7105263157894737,2.9894736842105267,0.894736842105263
117.51117974418494,1.7105263157894737,2.9894736842105267,0.9473684210526315
121.76176285706896,1.7105263157894737,2.9894736842105267,1.0
1169.8305499543656,1.7105263157894737,3.042105263157895,0.0
719.3164498598172,1.7105263157894737,3.042105263157895,0.05263157894736842
467.3129245783359,1.7105263157894737,3.042105263157895,0.10526315789473684
322.9581797506506,1.7105263157894737,3.042105263157895,0.15789473684210525
238.1991939981257,1.7105263157894737,3.042105263157895,0.21052631578947367
187.2339002083628,1.7105263157894737,3.042105263157895,0.2631578947368421
155.9663461498169,1.7105263157894737,3.042105263157895,0.3157894736842105
136.54191914097913,1.7105263157894737,3.042105263157895,0.3684210526315789
124.4836672530832,1.7105263157894737,3.042105263157895,0.42105263157894735
117.17343588298367,1.7105263157894737,3.042105263157895,0.47368421052631576
113.03554035743312,1.7105263157894737,3.042105263157895,0.5263157894736842
111.09155312113374,1.7105263157894737,3.042105263157895,0.5789473684210527
110.71314210699751,1.7105263157894737,3.042105263157895,0.631578947368421
111.47676912673218,1.7105263157894737,3.042105263157895,0.6842105263157894
113.09473007984091,1.7105263157894737,3.042105263157895,0.7368421052631579
115.36865366208399,1.7105263157894737,3.042105263157895,0.7894736842105263
118.1530676126968,1.7105263157894737,3.042105263157895,0.8421052631578947
121.33714918232772,1.7105263157894737,3.042105263157895,0.894736842105263
124.83690727621351,1.7105263157894737,3.042105263157895,0.9473684210526315
128.58758860443677,1.7105263157894737,3.042105263157895,1.0
1775.5357503288187,1.7105263157894737,3.094736842105263,0.0
1075.3221238384067,1.7105263157894737,3.094736842105263,0.05263157894736842
685.8631017239627,1.7105263157894737,3.094736842105263,0.10526315789473684
463.84635466021587,1.7105263157894737,3.094736842105263,0.15789473684210525
333.84089002293933,1.7105263157894737,3.094736842105263,0.21052631578947367
255.56376694554814,1.7105263157894737,3.094736842105263,0.2631578947368421
207.14514561954917,1.7105263157894737,3.094736842105263,0.3157894736842105
176.48619330336274,1.7105263157894737,3.094736842105263,0.3684210526315789
156.74780521949543,1.7105263157894737,3.094736842105263,0.42105263157894735
143.96795425138052,1.7105263157894737,3.094736842105263,0.47368421052631576
135.7870868767527,1.7105263157894737,3.094736842105263,0.5263157894736842
130.7553460091086,1.7105263157894737,3.094736842105263,0.5789473684210527
127.94662114744487,1.7105263157894737,3.094736842105263,0.631578947368421
126.75787509341296,1.7105263157894737,3.094736842105263,0.6842105263157894
126.78129076883545,1.7105263157894737,3.094736842105263,0.7368421052631579
127.7315207458907,1.7105263157894737,3.094736842105263,0.7894736842105263
129.4056551186938,1.7105263157894737,3.094736842105263,0.8421052631578947
131.65301670851971,1.7105263157894737,3.094736842105263,0.894736842105263
134.3568469960873,1.7105263157894737,3.094736842105263,0.9473684210526315
137.42746234807552,1.7105263157894737,3.094736842105263,1.0
2700.474510952999,1.7105263157894737,3.1473684210526316,0.0
1611.6833318998622,1.7105263157894737,3.1473684210526316,0.05263157894736842
1010.0047759562234,1.7105263157894737,3.1473684210526316,0.10526315789473684
669.2129931046303,1.7105263157894737,3.1473684210526316,0.15789473684210525
470.7753174219671,1.7105263157894737,3.1473684210526316,0.21052631578947367
351.71589503254177,1.7105263157894737,3.1473684210526316,0.2631578947368421
278.0458406490073,1.7105263157894737,3.1473684210526316,0.3157894736842105
231.08922388176302,1.7105263157894737,3.1473684210526316,0.3684210526315789
200.371481289858,1.7105263157894737,3.1473684210526316,0.42105263157894735
179.87858858197566,1.7105263157894737,3.1473684210526316,0.47368421052631576
166.06222361273666,1.7105263157894737,3.1473684210526316,0.5263157894736842
156.76244823994068,1.7105263157894737,3.1473684210526316,0.5789473684210527
150.63016813017026,1.7105263157894737,3.1473684210526316,0.631578947368421
146.79154922591587,1.7105263157894737,3.1473684210526316,0.6842105263157894
144.66103643780338,1.7105263157894737,3.1473684210526316,0.7368421052631579
143.83325825186753,1.7105263157894737,3.1473684210526316,0.7894736842105263
144.01892830444083,1.7105263157894737,3.1473684210526316,0.8421052631578947
145.00817979685394,1.7105263157894737,3.1473684210526316,0.894736842105263
146.64337162046596,1.7105263157894737,3.1473684210526316,0.9473684210526315
148.800504708862,1.7105263157894737,3.1473684210526316,1.0
4116.918855415972,1.7105263157894737,3.2,0.0
2422.5444036299955,1.7105263157894737,3.2,0.05263157894736842
1492.598429856656,1.7105263157894737,3.2,0.10526315789473684
969.7261803699752,1.7105263157894737,3.2,0.15789473684210525
667.4985924218562,1.7105263157894737,3.2,0.21052631578947367
487.35028139610745,1.7105263157894737,3.2,0.2631578947368421
376.38072430761696,1.7105263157894737,3.2,0.3157894736842105
305.7089694991097,1.7105263157894737,3.2,0.3684210526315789
259.25663725527875,1.7105263157894737,3.2,0.42105263157894735
227.8661875960987,1.7105263157894737,3.2,0.47368421052631576
206.18721666305464,1.7105263157894737,3.2,0.5263157894736842
191.00998642130403,1.7105263157894737,3.2,0.5789473684210527
180.34579641775014,1.7105263157894737,3.2,0.631578947368421
172.92122622869422,1.7105263157894737,3.2,0.6842105263157894
167.89293265510358,1.7105263157894737,3.2,0.7368421052631579
164.68356845277665,1.7105263157894737,3.2,0.7894736842105263
162.88528501959257,1.7105263157894737,3.2,0.8421052631578947
162.201601986449,1.7105263157894737,3.2,0.894736842105263
162.41341940888262,1.7105263157894737,3.2,0.9473684210526315
163.3544046501549,1.7105263157894737,3.2,1.0
77.56819610203087,1.8157894736842106,2.2,0.0
62.82695160926849,1.8157894736842106,2.2,0.05263157894736842
54.729117694548464,1.8157894736842106,2.2,0.10526315789473684
50.675960234545,1.8157894736842106,2.2,0.15789473684210525
49.02906302669215,1.8157894736842106,2.2,0.21052631578947367
48.99912406902965,1.8157894736842106,2.2,0.2631578947368421
50.10025690568731,1.8157894736842106,2.2,0.3157894736842105
52.09077960283187,1.8157894736842106,2.2,0.3684210526315789
54.76017607058603,1.8157894736842106,2.2,0.42105263157894735
57.93668436730235,1.8157894736842106,2.2,0.47368421052631576
61.49518571481974,1.8157894736842106,2.2,0.5263157894736842
65.34316424831215,1.8157894736842106,2.2,0.5789473684210527
69.41091744322189,1.8157894736842106,2.2,0.631578947368421
73.6450681192287,1.8157894736842106,2.2,0.6842105263157894
78.00416610880131,1.8157894736842106,2.2,0.7368421052631579
82.45564141290514,1.8157894736842106,2.2,0.7894736842105263
86.9736500352887,1.8157894736842106,2.2,0.8421052631578947
91.53752160833967,1.8157894736842106,2.2,0.894736842105263
96.13062077817457,1.8157894736842106,2.2,0.9473684210526315
100.73949847785023,1.8157894736842106,2.2,1.0
64.94295790005576,1.8157894736842106,2.2526315789473688,0.0
53.43429998768903,1.8157894736842106,2.2526315789473688,0.05263157894736842
47.46378393037232,1.8157894736842106,2.2526315789473688,0.10526315789473684
44.74463776509443,1.8157894736842106,2.2526315789473688,0.15789473684210525
44.0607802978248,1.8157894736842106,2.2526315789473688,0.21052631578947367
44.75781506723831,1.8157894736842106,2.2526315789473688,0.2631578947368421
46.488627286175934,1.8157894736842106,2.2526315789473688,0.3157894736842105
49.0132073075792,1.8157894736842106,2.2526315789473688,0.3684210526315789
52.12140942114439,1.8157894736842106,2.2526315789473688,0.42105263157894735
55.66386952142959,1.8157894736842106,2.2526315789473688,0.47368421052631576
59.532017521177245,1.8157894736842106,2.2526315789473688,0.5263157894736842
63.64528579574313,1.8157894736842106,2.2526315789473688,0.5789473684210527
67.9427941117129,1.8157894736842106,2.2526315789473688,0.631578947368421
72.37781495689636,1.8157894736842106,2.2526315789473688,0.6842105263157894
76.91400504835588,1.8157894736842106,2.2526315789473688,0.7368421052631579
81.52278346627985,1.8157894736842106,2.2526315789473688,0.7894736842105263
86.18147011716789,1.8157894736842106,2.2526315789473688,0.8421052631578947
90.87193881616116,1.8157894736842106,2.2526315789473688,0.894736842105263
95.57962562212762,1.8157894736842106,2.2526315789473688,0.9473684210526315
100.29278707009013,1.8157894736842106,2.2526315789473688,1.0
54.6743304159696,1.8157894736842106,2.305263157894737,0.0
45.625228698978425,1.8157894736842106,2.305263157894737,0.05263157894736842
41.2366893494817,1.8157894736842106,2.305263157894737,0.10526315789473684
39.55661806205022,1.8157894736842106,2.305263157894737,0.15789473684210525
39.64342290079501,1.8157894736842106,2.305263157894737,0.21052631578947367
40.97842408966921,1.8157894736842106,2.305263157894737,0.2631578947368421
43.26675650154266,1.8157894736842106,2.305263157894737,0.3157894736842105
46.2454803902735,1.8157894736842106,2.305263157894737,0.3684210526315789
49.73041229727749,1.8157894736842106,2.305263157894737,0.42105263157894735
53.59038712991984,1.8157894736842106,2.305263157894737,0.47368421052631576
57.72982203482047,1.8157894736842106,2.305263157894737,0.5263157894736842
62.077633835000896,1.8157894736842106,2.305263157894737,0.5789473684210527
66.58001810031364,1.8157894736842106,2.305263157894737,0.631578947368421
71.19563062229743,1.8157894736842106,2.305263157894737,0.6842105263157894
75.89229761553256,1.8157894736842106,2.305263157894737,0.7368421052631579
80.64472034750625,1.8157894736842106,2.305263157894737,0.7894736842105263
85.43284065366521,1.8157894736842106,2.305263157894737,0.8421052631578947
90.24065487982709,1.8157894736842106,2.305263157894737,0.894736842105263
95.05533821884616,1.8157894736842106,2.305263157894737,0.9473684210526315
99.86658800831009,1.8157894736842106,2.305263157894737,1.0
46.73432534381268,1.8157894736842106,2.3578947368421055,0.0
39.409101438583136,1.8157894736842106,2.3578947368421055,0.05263157894736842
36.0785055600461,1.8157894736842106,2.3578947368421055,0.10526315789473684
35.154667081642955,1.8157894736842106,2.3578947368421055,0.15789473684210525
35.84506143109186,1.8157894736842106,2.3578947368421055,0.21052631578947367
37.72947234427797,1.8157894736842106,2.3578947368421055,0.2631578947368421
40.466605925309366,1.8157894736842106,2.3578947368421055,0.3157894736842105
43.81727927074991,1.8157894736842106,2.3578947368421055,0.3684210526315789
47.615545563853345,1.8157894736842106,2.3578947368421055,0.42105263157894735
51.743250109468086,1.8157894736842106,2.3578947368421055,0.47368421052631576
56.11429482020118,1.8157894736842106,2.3578947368421055,0.5263157894736842
60.6646519695006,1.8157894736842106,2.3578947368421055,0.5789473684210527
65.34586522355288,1.8157894736842106,2.3578947368421055,0.631578947368421
70.1207158273895,1.8157894736842106,2.3578947368421055,0.6842105263157894
74.96026419959901,1.8157894736842106,2.3578947368421055,0.7368421052631579
79.84178511979175,1.8157894736842106,2.3578947368421055,0.7894736842105263
84.74729637835595,1.8157894736842106,2.3578947368421055,0.8421052631578947
89.66249004903153,1.8157894736842106,2.3578947368421055,0.894736842105263
94.57594255111698,1.8157894736842106,2.3578947368421055,0.9473684210526315
99.47852153184661,1.8157894736842106,2.3578947368421055,1.0
41.28256199128537,1.8157894736842106,2.4105263157894736,0.0
34.86006352533172,1.8157894736842106,2.4105263157894736,0.05263157894736842
32.105420593163096,1.8157894736842106,2.4105263157894736,0.10526315789473684
31.65074159616882,1.8157894736842106,2.4105263157894736,0.15789473684210525
32.801509739246,1.8157894736842106,2.4105263157894736,0.21052631578947367
35.07947135002658,1.8157894736842106,2.4105263157894736,0.2631578947368421
38.14873997836424,1.8157894736842106,2.4105263157894736,0.3157894736842105
41.783033309179366,1.8157894736842106,2.4105263157894736,0.3684210526315789
45.82623255537286,1.8157894736842106,2.4105263157894736,0.42105263157894735
50.167700232875056,1.8157894736842106,2.4105263157894736,0.47368421052631576
54.727126548282094,1.8157894736842106,2.4105263157894736,0.5263157894736842
59.44498010257742,1.8157894736842106,2.4105263157894736,0.5789473684210527
64.276333088976,1.8157894736842106,2.4105263157894736,0.631578947368421
69.18676643881116,1.8157894736842106,2.4105263157894736,0.6842105263157894
74.14958729467146,1.8157894736842106,2.4105263157894736,0.7368421052631579
79.14389394149418,1.8157894736842106,2.4105263157894736,0.7894736842105263
84.15320065978166,1.8157894736842106,2.4105263157894736,0.8421052631578947
89.1644408483557,1.8157894736842106,2.4105263157894736,0.894736842105263
94.16723121393008,1.8157894736842106,2.4105263157894736,0.9473684210526315
99.1533198205072,1.8157894736842106,2.4105263157894736,1.0
38.72231430147919,1.8157894736842106,2.463157894736842,0.0
32.24314362893723,1.8157894736842106,2.463157894736842,0.05263157894736842
29.53617426812325,1.8157894736842106,2.463157894736842,0.10526315789473684
29.26621467341795,1.8157894736842106,2.463157894736842,0.15789473684210525
30.646156073562153,1.8157894736842106,2.463157894736842,0.21052631578947367
33.14195653359865,1.8157894736842106,2.463157894736842,0.2631578947368421
36.41058720288239,1.8157894736842106,2.463157894736842,0.3157894736842105
40.22781617869691,1.8157894736842106,2.463157894736842,0.3684210526315789
44.43791954693866,1.8157894736842106,2.463157894736842,0.42105263157894735
48.93146081995835,1.8157894736842106,2.463157894736842,0.47368421052631576
53.62970315306859,1.8157894736842106,2.463157894736842,0.5263157894736842
58.47471229245372,1.8157894736842106,2.463157894736842,0.5789473684210527
63.423037587002874,1.8157894736842106,2.463157894736842,0.631578947368421
68.4415698090026,1.8157894736842106,2.463157894736842,0.6842105263157894
73.5047551433385,1.8157894736842106,2.463157894736842,0.7368421052631579
78.59267463177252,1.8157894736842106,2.463157894736842,0.7894736842105263
83.6896893181766,1.8157894736842106,2.463157894736842,0.8421052631578947
88.78346396648666,1.8157894736842106,2.463157894736842,0.894736842105263
93.86424994275457,1.8157894736842106,2.463157894736842,0.9473684210526315
98.92434938226455,1.8157894736842106,2.463157894736842,1.0
39.73177267202473,1.8157894736842106,2.515789473684211,0.0
32.04863584391958,1.8157894736842106,2.515789473684211,0.05263157894736842
28.761594245194345,1.8157894736842106,2.515789473684211,0.10526315789473684
28.270422372691595,1.8157894736842106,2.515789473684211,0.15789473684210525
29.576625446002954,1.8157894736842106,2.515789473684211,0.21052631578947367
32.077918805789395,1.8157894736842106,2.515789473684211,0.2631578947368421
35.393822341792664,1.8157894736842106,2.515789473684211,0.3157894736842105
39.27530059855393,1.8157894736842106,2.515789473684211,0.3684210526315789
43.558666128426154,1.8157894736842106,2.515789473684211,0.42105263157894735
48.13031451816176,1.8157894736842106,2.515789473684211,0.47368421052631576
52.90790725491787,1.8157894736842106,2.515789473684211,0.5263157894736842
57.83158636375163,1.8157894736842106,2.515789473684211,0.5789473684210527
62.85690928970219,1.8157894736842106,2.515789473684211,0.631578947368421
67.95029612293008,1.8157894736842106,2.515789473684211,0.6842105263157894
73.08601535690845,1.8157894736842106,2.515789473684211,0.7368421052631579
78.24413517737501,1.8157894736842106,2.515789473684211,0.7894736842105263
83.40909594096026,1.8157894736842106,2.515789473684211,0.8421052631578947
88.56869233279606,1.8157894736842106,2.515789473684211,0.894736842105263
93.7133323279638,1.8157894736842106,2.515789473684211,0.9473684210526315
98.83548756059344,1.8157894736842106,2.515789473684211,1.0
45.41941135972741,1.8157894736842106,2.568421052631579,0.0
35.04831388528913,1.8157894736842106,2.568421052631579,0.05263157894736842
30.320184098538313,1.8157894736842106,2.568421052631579,0.10526315789473684
29.025062455965344,1.8157894736842106,2.568421052631579,0.15789473684210525
29.878617601046205,1.8157894736842106,2.568421052631579,0.21052631578947367
32.120201690498384,1.8157894736842106,2.568421052631579,0.2631578947368421
35.288657140447185,1.8157894736842106,2.568421052631579,0.3157894736842105
39.09155963020071,1.8157894736842106,2.568421052631579,0.3684210526315789
43.33715563837125,1.8157894736842106,2.568421052631579,0.42105263157894735
47.89539577367348,1.8157894736842106,2.568421052631579,0.47368421052631576
52.678331864581914,1.8157894736842106,2.568421052631579,0.5263157894736842
57.620359380323904,1.8157894736842106,2.568421052631579,0.5789473684210527
62.67290134180853,1.8157894736842106,2.568421052631579,0.631578947368421
67.79966369337969,1.8157894736842106,2.568421052631579,0.6842105263157894
72.97309178406233,1.8157894736842106,2.568421052631579,0.7368421052631579
78.17200488535023,1.8157894736842106,2.568421052631579,0.7894736842105263
83.37997464520552,1.8157894736842106,2.568421052631579,0.8421052631578947
88.58418548840393,1.8157894736842106,2.568421052631579,0.894736842105263
93.77461525617764,1.8157894736842106,2.568421052631579,0.9473684210526315
98.94343394055234,1.8157894736842106,2.568421052631579,1.0
57.6134218360385,1.8157894736842106,2.6210526315789475,0.0
42.4563261166836,1.8157894736842106,2.6210526315789475,0.05263157894736842
34.987377724525395,1.8157894736842106,2.6210526315789475,0.10526315789473684
32.07396164808491,1.8157894736842106,2.6210526315789475,0.15789473684210525
31.945287910437056,1.8157894736842106,2.6210526315789475,0.21052631578947367
33.57408652717304,1.8157894736842106,2.6210526315789475,0.2631578947368421
36.34680642855746,1.8157894736842106,2.6210526315789475,0.3157894736842105
39.88865156624453,1.8157894736842106,2.6210526315789475,0.3684210526315789
43.95957598550406,1.8157894736842106,2.6210526315789475,0.42105263157894735
48.398558559558744,1.8157894736842106,2.6210526315789475,0.47368421052631576
53.09628218851,1.8157894736842106,2.6210526315789475,0.5263157894736842
57.979700816886144,1.8157894736842106,2.6210526315789475,0.5789473684210527
62.995982490065835,1.8157894736842106,2.6210526315789475,0.631578947368421
68.10320772301786,1.8157894736842106,2.6210526315789475,0.6842105263157894
73.26985984180111,1.8157894736842106,2.6210526315789475,0.7368421052631579
78.47191616099583,1.8157894736842106,2.6210526315789475,0.7894736842105263
83.69086625899924,1.8157894736842106,2.6210526315789475,0.8421052631578947
88.91234217437645,1.8157894736842106,2.6210526315789475,0.894736842105263
94.1251480118302,1.8157894736842106,2.6210526315789475,0.9473684210526315
99.32055700559575,1.8157894736842106,2.6210526315789475,1.0
79.14341689098089,1.8157894736842106,2.673684210526316,0.0
56.01288979872011,1.8157894736842106,2.673684210526316,0.05263157894736842
43.9092812723419,1.8157894736842106,2.673684210526316,0.10526315789473684
38.21611652913094,1.8157894736842106,2.673684210526316,0.15789473684210525
36.36272993937853,1.8157894736842106,2.673684210526316,0.21052631578947367
36.88311052840305,1.8157894736842106,2.673684210526316,0.2631578947368421
38.9184299112193,1.8157894736842106,2.673684210526316,0.3157894736842105
41.950355502954906,1.8157894736842106,2.673684210526316,0.3684210526315789
45.659010165165114,1.8157894736842106,2.673684210526316,0.42105263157894735
49.83745398802361,1.8157894736842106,2.673684210526316,0.47368421052631576
54.34477490217838,1.8157894736842106,2.673684210526316,0.5263157894736842
59.084200592498114,1.8157894736842106,2.673684210526316,0.5789473684210527
63.98749535707079,1.8157894736842106,2.673684210526316,0.631578947368421
69.00794772968284,1.8157894736842106,2.673684210526316,0.6842105263157894
74.1102295346997,1.8157894736842106,2.673684210526316,0.7368421052631579
79.26663999604683,1.8157894736842106,2.673684210526316,0.7894736842105263
84.45499204895007,1.8157894736842106,2.673684210526316,0.8421052631578947
89.65813568891761,1.8157894736842106,2.673684210526316,0.894736842105263
94.8627361375381,1.8157894736842106,2.673684210526316,0.9473684210526315
100.05840090757233,1.8157894736842106,2.673684210526316,1.0
114.22679828789882,1.8157894736842106,2.7263157894736842,0.0
78.30469518832446,1.8157894736842106,2.7263157894736842,0.05263157894736842
58.761535562621184,1.8157894736842106,2.7263157894736842,0.10526315789473684
48.59626323470084,1.8157894736842106,2.7263157894736842,0.15789473684210525
43.955104646731925,1.8157894736842106,2.7263157894736842,0.21052631578947367
42.66996505567955,1.8157894736842106,2.7263157894736842,0.2631578947368421
43.490427019363274,1.8157894736842106,2.7263157894736842,0.3157894736842105
45.674919476739554,1.8157894736842106,2.7263157894736842,0.3684210526315789
48.769948510748925,1.8157894736842106,2.7263157894736842,0.42105263157894735
52.491869214330634,1.8157894736842106,2.7263157894736842,0.47368421052631576
56.654967228092,1.8157894736842106,2.7263157894736842,0.5263157894736842
61.130601777167364,1.8157894736842106,2.7263157894736842,0.5789473684210527
65.82932198124885,1.8157894736842106,2.7263157894736842,0.631578947368421
70.6871964855073,1.8157894736842106,2.7263157894736842,0.6842105263157894
75.65828390797196,1.8157894736842106,2.7263157894736842,0.7368421052631579
80.71026520768142,1.8157894736842106,2.7263157894736842,0.7894736842105263
85.81590600561513,1.8157894736842106,2.7263157894736842,0.8421052631578947
90.95437392312496,1.8157894736842106,2.7263157894736842,0.894736842105263
96.11069666873517,1.8157894736842106,2.7263157894736842,0.9473684210526315
101.2720079779961,1.8157894736842106,2.7263157894736842,1.0
169.2261020606932,1.8157894736842106,2.778947368421053,0.0
113.1850234491008,1.8157894736842106,2.778947368421053,0.05263157894736842
81.99291800214912,1.8157894736842106,2.778947368421053,0.10526315789473684
64.85368171063415,1.8157894736842106,2.778947368421053,0.15789473684210525
55.879147104451015,1.8157894736842106,2.778947368421053,0.21052631578947367
51.79251462154035,1.8157894736842106,2.778947368421053,0.2631578947368421
50.727656203593455,1.8157894736842106,2.778947368421053,0.3157894736842105
51.59363000572044,1.8157894736842106,2.778947368421053,0.3684210526315789
53.73378929787852,1.8157894736842106,2.778947368421053,0.42105263157894735
56.74017737899882,1.8157894736842106,2.778947368421053,0.47368421052631576
60.35340840446978,1.8157894736842106,2.778947368421053,0.5263157894736842
64.40127486794174,1.8157894736842106,2.778947368421053,0.5789473684210527
68.76224164867075,1.8157894736842106,2.778947368421053,0.631578947368421
73.35057617356163,1.8157894736842106,2.778947368421053,0.6842105263157894
78.10421832874137,1.8157894736842106,2.778947368421053,0.7368421052631579
82.97722849927543,1.8157894736842106,2.778947368421053,0.7894736842105263
87.9369067437273,1.8157894736842106,2.778947368421053,0.8421052631578947
92.95810929188721,1.8157894736842106,2.778947368421053,0.894736842105263
98.01943189177213,1.8157894736842106,2.778947368421053,0.9473684210526315
103.10419423009266,1.8157894736842106,2.778947368421053,1.0
253.79224432079073,1.8157894736842106,2.8315789473684214,0.0
166.4058236565826,1.8157894736842106,2.8315789473684214,0.05263157894736842
117.19125118126446,1.8157894736842106,2.8315789473684214,0.10526315789473684
89.3420656156509,1.8157894736842106,2.8315789473684214,0.15789473684210525
73.76203175345897,1.8157894736842106,2.8315789473684214,0.21052631578947367
65.4343368619612,1.8157894736842106,2.8315789473684214,0.2631578947368421
61.531668849254494,1.8157894736842106,2.8315789473684214,0.3157894736842105
60.42090139734022,1.8157894736842106,2.8315789473684214,0.3684210526315789
61.13217272946302,1.8157894736842106,2.8315789473684214,0.42105263157894735
63.071656502366736,1.8157894736842106,2.8315789473684214,0.47368421052631576
65.86371389424265,1.8157894736842106,2.8315789473684214,0.5263157894736842
69.26497142976802,1.8157894736842106,2.8315789473684214,0.5789473684210527
73.11135294259375,1.8157894736842106,2.8315789473684214,0.631578947368421
77.28478816550098,1.8157894736842106,2.8315789473684214,0.6842105263157894
81.70067307676044,1.8157894736842106,2.8315789473684214,0.7368421052631579
86.29691666338246,1.8157894736842106,2.8315789473684214,0.7894736842105263
91.02699768237675,1.8157894736842106,2.8315789473684214,0.8421052631578947
95.85567768186279,1.8157894736842106,2.8315789473684214,0.894736842105263
100.75821050803707,1.8157894736842106,2.8315789473684214,0.9473684210526315
105.71128847875127,1.8157894736842106,2.8315789473684214,1.0
382.6054965897117,1.8157894736842106,2.8842105263157896,0.0
246.58348409971788,1.8157894736842106,2.8842105263157896,0.05263157894736842
169.63538215938783,1.8157894736842106,2.8842105263157896,0.10526315789473684
125.45615433827655,1.8157894736842106,2.8842105263157896,0.15789473684210525
99.9025900466025,1.8157894736842106,2.8842105263157896,0.21052631578947367
85.23434464000279,1.8157894736842106,2.8842105263157896,0.2631578947368421
77.12823270456818,1.8157894736842106,2.8842105263157896,0.3157894736842105
73.11279026929896,1.8157894736842106,2.8842105263157896,0.3684210526315789
71.73737221881625,1.8157894736842106,2.8842105263157896,0.42105263157894735
72.12513818267969,1.8157894736842106,2.8842105263157896,0.47368421052631576
73.72894403181509,1.8157894736842106,2.8842105263157896,0.5263157894736842
76.19579901589148,1.8157894736842106,2.8842105263157896,0.5789473684210527
79.29227595316897,1.8157894736842106,2.8842105263157896,0.631578947368421
82.85842799459732,1.8157894736842106,2.8842105263157896,0.6842105263157894
86.77691100698833,1.8157894736842106,2.8842105263157896,0.7368421052631579
90.96226249983314,1.8157894736842106,2.8842105263157896,0.7894736842105263
95.35087306657877,1.8157894736842106,2.8842105263157896,0.8421052631578947
99.89449027053338,1.8157894736842106,2.8842105263157896,0.894736842105263
104.55171046590362,1.8157894736842106,2.8842105263157896,0.9473684210526315
109.29084549324566,1.8157894736842106,2.8842105263157896,1.0
578.0654926684039,1.8157894736842106,2.936842105263158,0.0
366.6780209759563,1.8157894736842106,2.936842105263158,0.05263157894736842
247.13095124780276,1.8157894736842106,2.936842105263158,0.10526315789473684
178.11948237122314,1.8157894736842106,2.936842105263158,0.15789473684210525
137.56684940826872,1.8157894736842106,2.936842105263158,0.21052631578947367
113.47365156635298,1.8157894736842106,2.936842105263158,0.2631578947368421
99.19104179961096,1.8157894736842106,2.936842105263158,0.3157894736842105
90.95281543739685,1.8157894736842106,2.936842105263158,0.3684210526315789
86.57140158212954,1.8157894736842106,2.936842105263158,0.42105263157894735
84.73983897760816,1.8157894736842106,2.936842105263158,0.47368421052631576
84.65275796900336,1.8157894736842106,2.936842105263158,0.5263157894736842
85.79727750974007,1.8157894736842106,2.936842105263158,0.5789473684210527
87.83557740339411,1.8157894736842106,2.936842105263158,0.631578947368421
90.53944790717308,1.8157894736842106,2.936842105263158,0.6842105263157894
93.74990297300661,1.8157894736842106,2.936842105263158,0.7368421052631579
97.34813407406166,1.8157894736842106,2.936842105263158,0.7894736842105263
101.2457934148352,1.8157894736842106,2.936842105263158,0.8421052631578947
105.37050474435826,1.8157894736842106,2.936842105263158,0.894736842105263
109.66993503008348,1.8157894736842106,2.936842105263158,0.9473684210526315
114.10517145418048,1.8157894736842106,2.936842105263158,1.0
874.4028235840836,1.8157894736842106,2.9894736842105267,0.0
546.2082681304773,1.8157894736842106,2.9894736842105267,0.05263157894736842
361.2259084264134,1.8157894736842106,2.9894736842105267,0.10526315789473684
254.46558418543924,1.8157894736842106,2.9894736842105267,0.15789473684210525
191.37937092594856,1.8157894736842106,2.9894736842105267,0.21052631578947367
153.30644249620173,1.8157894736842106,2.9894736842105267,0.2631578947368421
129.98172743157642,1.8157894736842106,2.9894736842105267,0.3157894736842105
115.63922104768194,1.8157894736842106,2.9894736842105267,0.3684210526315789
106.96175927293613,1.8157894736842106,2.9894736842105267,0.42105263157894735
101.98873721374372,1.8157894736842106,2.9894736842105267,0.47368421052631576
99.52612225998683,1.8157894736842106,2.9894736842105267,0.5263157894736842
98.82287832332925,1.8157894736842106,2.9894736842105267,0.5789473684210527
99.39045982666929,1.8157894736842106,2.9894736842105267,0.631578947368421
100.9001895043608,1.8157894736842106,2.9894736842105267,0.6842105263157894
103.1252191413366,1.8157894736842106,2.9894736842105267,0.7368421052631579
105.90337314355646,1.8157894736842106,2.9894736842105267,0.7894736842105263
109.10617587449923,1.8157894736842106,2.9894736842105267,0.8421052631578947
112.64181048837733,1.8157894736842106,2.9894736842105267,0.894736842105263
116.44082732933643,1.8157894736842106,2.9894736842105267,0.9473684210526315
120.44938262144396,1.8157894736842106,2.9894736842105267,1.0
1324.2523504849698,1.8157894736842106,3.042105263157895,0.0
814.8319174908416,1.8157894736842106,3.042105263157895,0.05263157894736842
529.2095054053146,1.8157894736842106,3.042105263157895,0.10526315789473684
364.98559528544683,1.8157894736842106,3.042105263157895,0.15789473684210525
268.0013976276392,1.8157894736842106,3.042105263157895,0.21052631578947367
209.17304555785407,1.8157894736842106,3.042105263157895,0.2631578947368421
172.60893823857813,1.8157894736842106,3.042105263157895,0.3157894736842105
149.45157890352016,1.8157894736842106,3.042105263157895,0.3684210526315789
134.65048200965558,1.8157894736842106,3.042105263157895,0.42105263157894735
125.25050745830643,1.8157894736842106,3.042105263157895,0.47368421052631576
119.47186734774594,1.8157894736842106,3.042105263157895,0.5263157894736842
116.20834071822084,1.8157894736842106,3.042105263157895,0.5789473684210527
114.74908910099661,1.8157894736842106,3.042105263157895,0.631578947368421
114.62160432980065,1.8157894736842106,3.042105263157895,0.6842105263157894
115.49796071161211,1.8157894736842106,3.042105263157895,0.7368421052631579
117.14395403912921,1.8157894736842106,3.042105263157895,0.7894736842105263
119.39564232312078,1.8157894736842106,3.042105263157895,0.8421052631578947
122.12672876958464,1.8157894736842106,3.042105263157895,0.894736842105263
125.24093577417334,1.8157894736842106,3.042105263157895,0.9473684210526315
128.6638395671275,1.8157894736842106,3.042105263157895,1.0
2008.7547155643522,1.8157894736842106,3.094736842105263,0.0
1217.7816878464525,1.8157894736842106,3.094736842105263,0.05263157894736842
777.1139985893855,1.8157894736842106,3.094736842105263,0.10526315789473684
525.2434292397639,1.8157894736842106,3.094736842105263,0.15789473684210525
377.15672983368273,1.8157894736842106,3.094736842105263,0.21052631578947367
287.44949516150723,1.8157894736842106,3.094736842105263,0.2631578947368421
231.46793982528365,1.8157894736842106,3.094736842105263,0.3157894736842105
195.57021909130376,1.8157894736842106,3.094736842105263,0.3684210526315789
172.04263265731274,1.8157894736842106,3.094736842105263,0.42105263157894735
156.4145269392764,1.8157894736842106,3.094736842105263,0.47368421052631576
146.02183924932308,1.8157894736842106,3.094736842105263,0.5263157894736842
139.2277075989343,1.8157894736842106,3.094736842105263,0.5789473684210527
134.99287754394317,1.8157894736842106,3.094736842105263,0.631578947368421
132.62934714377556,1.8157894736842106,3.094736842105263,0.6842105263157894
131.67027128536873,1.8157894736842106,3.094736842105263,0.7368421052631579
131.79144633631674,1.8157894736842106,3.094736842105263,0.7894736842105263
132.75992394818024,1.8157894736842106,3.094736842105263,0.8421052631578947
134.40560955359337,1.8157894736842106,3.094736842105263,0.894736842105263
136.59556591195127,1.8157894736842106,3.094736842105263,0.9473684210526315
139.22546192022645,1.8157894736842106,3.094736842105263,1.0
3053.2734768677196,1.8157894736842106,3.1473684210526316,0.0
1824.2260157026271,1.8157894736842106,3.1473684210526316,0.05263157894736842
1144.2422730399362,1.8157894736842106,3.1473684210526316,0.10526315789473684
758.3771979977021,1.8157894736842106,3.1473684210526316,0.15789473684210525
533.0441822787903,1.8157894736842106,3.1473684210526316,0.21052631578947367
397.2640707504785,1.8157894736842106,3.1473684210526316,0.2631578947368421
312.7241882449596,1.8157894736842106,3.1473684210526316,0.3157894736842105
258.36925214368347,1.8157894736842106,3.1473684210526316,0.3684210526315789
222.3872921621709,1.8157894736842106,3.1473684210526316,0.42105263157894735
197.99400288903723,1.8157894736842106,3.1473684210526316,0.47368421052631576
181.18755555391016,1.8157894736842106,3.1473684210526316,0.5263157894736842
169.53594686202533,1.8157894736842106,3.1473684210526316,0.5789473684210527
161.50670750819523,1.8157894736842106,3.1473684210526316,0.631578947368421
156.10859678895514,1.8157894736842106,3.1473684210526316,0.6842105263157894
152.67818796818477,1.8157894736842106,3.1473684210526316,0.7368421052631579
150.75554279275488,1.8157894736842106,3.1473684210526316,0.7894736842105263
150.01143564222835,1.8157894736842106,3.1473684210526316,0.8421052631578947
150.20356012260572,1.8157894736842106,3.1473684210526316,0.894736842105263
151.15321055939475,1.8157894736842106,3.1473684210526316,0.9473684210526315
152.71918614210168,1.8157894736842106,3.1473684210526316,1.0
4651.97776392317,1.8157894736842106,3.2,0.0
2740.28974102248,1.8157894736842106,3.2,0.05263157894736842
1690.1937001169051,1.8157894736842106,3.2,0.10526315789473684
1098.974928031089,1.8157894736842106,3.2,0.15789473684210525
756.5326292436162,1.8157894736842106,3.2,0.21052631578947367
551.7797075456183,1.8157894736842106,3.2,0.2631578947368421
425.08989056823515,1.8157894736842106,3.2,0.3157894736842105
343.9059659364309,1.8157894736842106,3.2,0.3684210526315789
290.09936003643975,1.8157894736842106,3.2,0.42105263157894735
253.34682957508107,1.8157894736842106,3.2,0.47368421052631576
227.61661084266387,1.8157894736842106,3.2,0.5263157894736842
209.27681638621831,1.8157894736842106,3.2,0.5789473684210527
196.07965799176262,1.8157894736842106,3.2,0.631578947368421
186.58511760479604,1.8157894736842106,3.2,0.6842105263157894
179.83725366075825,1.8157894736842106,3.2,0.7368421052631579
175.18130355497917,1.8157894736842106,3.2,0.7894736842105263
172.15422293243822,1.8157894736842106,3.2,0.8421052631578947
170.418841474245,1.8157894736842106,3.2,0.894736842105263
169.72390744856233,1.8157894736842106,3.2,0.9473684210526315
169.88055379852761,1.8157894736842106,3.2,1.0
78.62038277601489,1.9210526315789473,2.2,0.0
62.50745551492133,1.9210526315789473,2.2,0.05263157894736842
53.45004777089667,1.9210526315789473,2.2,0.10526315789473684
48.72916305739453,1.9210526315789473,2.2,0.15789473684210525
46.584835214744366,1.9210526315789473,2.2,0.21052631578947367
46.16559299708485,1.9210526315789473,2.2,0.2631578947368421
46.94697059369649,1.9210526315789473,2.2,0.3157894736842105
48.63124993434951,1.9210526315789473,2.2,0.3684210526315789
51.04233596383141,1.9210526315789473,2.2,0.42105263157894735
53.999009425116355,1.9210526315789473,2.2,0.47368421052631576
57.36858578689444,1.9210526315789473,2.2,0.5263157894736842
61.052950165885676,1.9210526315789473,2.2,0.5789473684210527
64.97817706499335,1.9210526315789473,2.2,0.631578947368421
69.08765122299148,1.9210526315789473,2.2,0.6842105263157894
73.33743032491577,1.9210526315789473,2.2,0.7368421052631579
77.69352727288677,1.9210526315789473,2.2,0.7894736842105263
82.12861975751912,1.9210526315789473,2.2,0.8421052631578947
86.62061201851974,1.9210526315789473,2.2,0.894736842105263
91.15170294944157,1.9210526315789473,2.2,0.9473684210526315
95.70748531200226,1.9210526315789473,2.2,1.0
65.33376336711984,1.9210526315789473,2.2526315789473688,0.0
52.61224344094963,1.9210526315789473,2.2526315789473688,0.05263157894736842
45.79265866820377,1.9210526315789473,2.2526315789473688,0.10526315789473684
42.48176389281023,1.9210526315789473,2.2526315789473688,0.15789473684210525
41.34447870201887,1.9210526315789473,2.2526315789473688,0.21052631578947367
41.68301913200497,1.9210526315789473,2.2526315789473688,0.2631578947368421
43.080886916842864,1.9210526315789473,2.2526315789473688,0.3157894736842105
45.32000507957939,1.9210526315789473,2.2526315789473688,0.3684210526315789
48.187471593165135,1.9210526315789473,2.2526315789473688,0.42105263157894735
51.524613591302455,1.9210526315789473,2.2526315789473688,0.47368421052631576
55.216086322826264,1.9210526315789473,2.2526315789473688,0.5263157894736842
59.176286059813556,1.9210526315789473,2.2526315789473688,0.5789473684210527
63.34061369416088,1.9210526315789473,2.2526315789473688,0.631578947368421
67.66017065803504,1.9210526315789473,2.2526315789473688,0.6842105263157894
72.09632783717605,1.9210526315789473,2.2526315789473688,0.7368421052631579
76.61851152625607,1.9210526315789473,2.2526315789473688,0.7894736842105263
81.20243322675304,1.9210526315789473,2.2526315789473688,0.8421052631578947
85.82865825685946,1.9210526315789473,2.2526315789473688,0.894736842105263
90.48155170074286,1.9210526315789473,2.2526315789473688,0.9473684210526315
95.14848981525579,1.9210526315789473,2.2526315789473688,1.0
54.616090154824356,1.9210526315789473,2.305263157894737,0.0
44.45917703892945,1.9210526315789473,2.305263157894737,0.05263157894736842
39.30583971984368,1.9210526315789473,2.305263157894737,0.10526315789473684
37.07247994085579,1.9210526315789473,2.305263157894737,0.15789473684210525
36.733806508552725,1.9210526315789473,2.305263157894737,0.21052631578947367
37.696924735928825,1.9210526315789473,2.305263157894737,0.2631578947368421
39.66048429907935,1.9210526315789473,2.305263157894737,0.3157894736842105
42.36847627957743,1.9210526315789473,2.305263157894737,0.3684210526315789
45.62469112203783,1.9210526315789473,2.305263157894737,0.42105263157894735
49.289397024023636,1.9210526315789473,2.305263157894737,0.47368421052631576
53.26086412407776,1.9210526315789473,2.305263157894737,0.5263157894736842
57.464280868391285,1.9210526315789473,2.305263157894737,0.5789473684210527
61.84234209117345,1.9210526315789473,2.305263157894737,0.631578947368421
66.35076156527565,1.9210526315789473,2.305263157894737,0.6842105263157894
70.95503715282707,1.9210526315789473,2.305263157894737,0.7368421052631579
75.6280058588917,1.9210526315789473,2.305263157894737,0.7894736842105263
80.34810268613843,1.9210526315789473,2.305263157894737,0.8421052631578947
85.09809700295345,1.9210526315789473,2.305263157894737,0.894736842105263
89.86415943530896,1.9210526315789473,2.305263157894737,0.9473684210526315
94.63516193049146,1.9210526315789473,2.305263157894737,1.0
46.458597055345685,1.9210526315789473,2.3578947368421055,0.0
38.07136184134456,1.9210526315789473,2.3578947368421055,0.05263157894736842
34.02059915636894,1.9210526315789473,2.3578947368421055,0.10526315789473684
32.55812330365293,1.9210526315789473,2.3578947368421055,0.15789473684210525
32.809402454719375,1.9210526315789473,2.3578947368421055,0.21052631578947367
34.308093739421906,1.9210526315789473,2.3578947368421055,0.2631578947368421
36.72879988730089,1.9210526315789473,2.3578947368421055,0.3157894736842105
39.815570484865525,1.9210526315789473,2.3578947368421055,0.3684210526315789
43.390901064192406,1.9210526315789473,2.3578947368421055,0.42105263157894735
47.32941707735737,1.9210526315789473,2.3578947368421055,0.47368421052631576
51.53925536689715,1.9210526315789473,2.3578947368421055,0.5263157894736842
55.95166220774003,1.9210526315789473,2.3578947368421055,0.5789473684210527
60.51455222007247,1.9210526315789473,2.3578947368421055,0.631578947368421
65.18787249084684,1.9210526315789473,2.3578947368421055,0.6842105263157894
69.94043863487316,1.9210526315789473,2.3578947368421055,0.7368421052631579
74.74772676679498,1.9210526315789473,2.3578947368421055,0.7894736842105263
79.59030011372889,1.9210526315789473,2.3578947368421055,0.8421052631578947
84.45266608535898,1.9210526315789473,2.3578947368421055,0.894736842105263
89.3224313643173,1.9210526315789473,2.3578947368421055,0.9473684210526315
94.18966738156686,1.9210526315789473,2.3578947368421055,1.0
41.0662444377507,1.9210526315789473,2.4105263157894736,0.0
33.57165908097903,1.9210526315789473,2.4105263157894736,0.05263157894736842
30.073828020900812,1.9210526315789473,2.4105263157894736,0.10526315789473684
29.056209978000727,1.9210526315789473,2.4105263157894736,0.15789473684210525
29.72360565826996,1.9210526315789473,2.4105263157894736,0.21052631578947367
31.610920532671734,1.9210526315789473,2.4105263157894736,0.2631578947368421
34.36013988237578,1.9210526315789473,2.4105263157894736,0.3157894736842105
37.728864661305195,1.9210526315789473,2.4105263157894736,0.3684210526315789
41.54984124801947,1.9210526315789473,2.4105263157894736,0.42105263157894735
45.703730102216205,1.9210526315789473,2.4105263157894736,0.47368421052631576
50.10385194482158,1.9210526315789473,2.4105263157894736,0.5263157894736842
54.68589905000051,1.9210526315789473,2.4105263157894736,0.5789473684210527
59.40128576577958,1.9210526315789473,2.4105263157894736,0.631578947368421
64.21274156358747,1.9210526315789473,2.4105263157894736,0.6842105263157894
69.09131783306186,1.9210526315789473,2.4105263157894736,0.7368421052631579
74.01430696242126,1.9210526315789473,2.4105263157894736,0.7894736842105263
78.96376380307207,1.9210526315789473,2.4105263157894736,0.8421052631578947
83.92543389203179,1.9210526315789473,2.4105263157894736,0.894736842105263
88.88796230289593,1.9210526315789473,2.4105263157894736,0.9473684210526315
93.84230008838328,1.9210526315789473,2.4105263157894736,1.0
38.901883429960925,1.9210526315789473,2.463157894736842,0.0
31.249586825828285,1.9210526315789473,2.463157894736842,0.05263157894736842
27.717602972547883,1.9210526315789473,2.463157894736842,0.10526315789473684
26.790381747849118,1.9210526315789473,2.463157894736842,0.15789473684210525
27.65302148070267,1.9210526315789473,2.463157894736842,0.21052631578947367
29.737868272804953,1.9210526315789473,2.463157894736842,0.2631578947368421
32.67275398105315,1.9210526315789473,2.463157894736842,0.3157894736842105
36.21346868004003,1.9210526315789473,2.463157894736842,0.3684210526315789
40.193311063334626,1.9210526315789473,2.463157894736842,0.42105263157894735
44.49333868894306,1.9210526315789473,2.463157894736842,0.47368421052631576
49.02793133334736,1.9210526315789473,2.463157894736842,0.5263157894736842
53.73403593756075,1.9210526315789473,2.463157894736842,0.5789473684210527
58.56430688731592,1.9210526315789473,2.463157894736842,0.631578947368421
63.4826134163167,1.9210526315789473,2.463157894736842,0.6842105263157894
68.46102012544026,1.9210526315789473,2.463157894736842,0.7368421052631579
73.47770663609744,1.9210526315789473,2.463157894736842,0.7894736842105263
78.51550055608351,1.9210526315789473,2.463157894736842,0.8421052631578947
83.56082057261939,1.9210526315789473,2.463157894736842,0.894736842105263
88.60290014491015,1.9210526315789473,2.463157894736842,0.9473684210526315
93.63320739122176,1.9210526315789473,2.463157894736842,1.0
40.750118088863765,1.9210526315789473,2.515789473684211,0.0
31.64903045268221,1.9210526315789473,2.515789473684211,0.05263157894736842
27.349148601706638,1.9210526315789473,2.515789473684211,0.10526315789473684
26.099803577599083,1.9210526315789473,2.515789473684211,0.15789473684210525
26.83128017185686,1.9210526315789473,2.515789473684211,0.21052631578947367
28.87911363177625,1.9210526315789473,2.515789473684211,0.2631578947368421
31.830068376826116,1.9210526315789473,2.515789473684211,0.3157894736842105
35.413606462755986,1.9210526315789473,2.515789473684211,0.3684210526315789
39.44793675568526,1.9210526315789473,2.515789473684211,0.42105263157894735
43.81069281378063,1.9210526315789473,2.515789473684211,0.47368421052631576
48.41249223085025,1.9210526315789473,2.515789473684211,0.5263157894736842
53.18763575014721,1.9210526315789473,2.515789473684211,0.5789473684210527
58.08728061382573,1.9210526315789473,2.515789473684211,0.631578947368421
63.07446039453591,1.9210526315789473,2.515789473684211,0.6842105263157894
68.12079066837636,1.9210526315789473,2.515789473684211,0.7368421052631579
73.20423149111905,1.9210526315789473,2.515789473684211,0.7894736842105263
78.30752909377611,1.9210526315789473,2.515789473684211,0.8421052631578947
83.41710512893428,1.9210526315789473,2.515789473684211,0.894736842105263
88.52224808597944,1.9210526315789473,2.515789473684211,0.9473684210526315
93.61451353416217,1.9210526315789473,2.515789473684211,1.0
47.87284699942885,1.9210526315789473,2.568421052631579,0.0
35.63854705662921,1.9210526315789473,2.568421052631579,0.05263157894736842
29.616084113894843,1.9210526315789473,2.568421052631579,0.10526315789473684
27.401342599660513,1.9210526315789473,2.568421052631579,0.15789473684210525
27.573861587194436,1.9210526315789473,2.568421052631579,0.21052631578947367
29.292804085776183,1.9210526315789473,2.568421052631579,0.2631578947368421
32.04664493179676,1.9210526315789473,2.568421052631579,0.3157894736842105
35.514580681910296,1.9210526315789473,2.568421052631579,0.3684210526315789
39.48291814810476,1.9210526315789473,2.568421052631579,0.42105263157894735
43.8081015078211,1.9210526315789473,2.568421052631579,0.47368421052631576
48.393264423323075,1.9210526315789473,2.568421052631579,0.5263157894736842
53.16884566227106,1.9210526315789473,2.568421052631579,0.5789473684210527
58.08108683471045,1.9210526315789473,2.568421052631579,0.631578947368421
63.0896851998941,1.9210526315789473,2.568421052631579,0.6842105263157894
68.16397167016412,1.9210526315789473,2.568421052631579,0.7368421052631579
73.28030649483338,1.9210526315789473,2.568421052631579,0.7894736842105263
78.42029482783241,1.9210526315789473,2.568421052631579,0.8421052631578947
83.56953300726107,1.9210526315789473,2.568421052631579,0.894736842105263
88.71670723050124,1.9210526315789473,2.568421052631579,0.9473684210526315
93.85293208982607,1.9210526315789473,2.568421052631579,1.0
62.317321226010954,1.9210526315789473,2.6210526315789475,0.0
44.58620152057195,1.9210526315789473,2.6210526315789475,0.05263157894736842
35.41680101986452,1.9210526315789473,2.6210526315789475,0.10526315789473684
31.326688164273016,1.9210526315789473,2.6210526315789475,0.15789473684210525
30.34656193149952,1.9210526315789473,2.6210526315789475,0.21052631578947367
31.334594164503063,1.9210526315789473,2.6210526315789475,0.2631578947368421
33.60912500716896,1.9210526315789473,2.6210526315789475,0.3157894736842105
36.751754702317186,1.9210526315789473,2.6210526315789475,0.3684210526315789
40.49811617991513,1.9210526315789473,2.6210526315789475,0.42105263157894735
44.66962782679283,1.9210526315789473,2.6210526315789475,0.47368421052631576
49.14456256895128,1.9210526315789473,2.6210526315789475,0.5263157894736842
53.83769342815778,1.9210526315789473,2.6210526315789475,0.5789473684210527
58.69057682937379,1.9210526315789473,2.6210526315789475,0.631578947368421
63.66006243976917,1.9210526315789473,2.6210526315789475,0.6842105263157894
68.71127599540448,1.9210526315789473,2.6210526315789475,0.7368421052631579
73.81719381303867,1.9210526315789473,2.6210526315789475,0.7894736842105263
78.95691978001723,1.9210526315789473,2.6210526315789475,0.8421052631578947
84.11416773650105,1.9210526315789473,2.6210526315789475,0.894736842105263
89.27618631433835,1.9210526315789473,2.6210526315789475,0.9473684210526315
94.43297994470261,1.9210526315789473,2.6210526315789475,1.0
87.23874346109176,1.9210526315789473,2.673684210526316,0.0
60.48266073543201,1.9210526315789473,2.673684210526316,0.05263157894736842
46.04723903001058,1.9210526315789473,2.673684210526316,0.10526315789473684
38.78086079537098,1.9210526315789473,2.673684210526316,0.15789473684210525
35.81556964648712,1.9210526315789473,2.673684210526316,0.21052631578947367
35.516169881286544,1.9210526315789473,2.673684210526316,0.2631578947368421
36.924852232114304,1.9210526315789473,2.673684210526316,0.3157894736842105
39.46354133886719,1.9210526315789473,2.673684210526316,0.3684210526315789
42.77335406722431,1.9210526315789473,2.673684210526316,0.42105263157894735
46.625352238068395,1.9210526315789473,2.673684210526316,0.47368421052631576
50.86251903864622,1.9210526315789473,2.673684210526316,0.5263157894736842
55.376552089373135,1.9210526315789473,2.673684210526316,0.5789473684210527
60.09077149006966,1.9210526315789473,2.673684210526316,0.631578947368421
64.95018704375579,1.9210526315789473,2.673684210526316,0.6842105263157894
69.91619472332177,1.9210526315789473,2.673684210526316,0.7368421052631579
74.95689353556295,1.9210526315789473,2.673684210526316,0.7894736842105263
80.04849418882205,1.9210526315789473,2.673684210526316,0.8421052631578947
85.17266671884697,1.9210526315789473,2.673684210526316,0.894736842105263
90.31413683718007,1.9210526315789473,2.673684210526316,0.9473684210526315
95.46093293243743,1.9210526315789473,2.673684210526316,1.0
127.4097125645407,1.9210526315789473,2.7263157894736842,0.0
86.23851493018826,1.9210526315789473,2.7263157894736842,0.05263157894736842
63.39586068137985,1.9210526315789473,2.7263157894736842,0.10526315789473684
51.05661265212685,1.9210526315789473,2.7263157894736842,0.15789473684210525
44.91364662360453,1.9210526315789473,2.7263157894736842,0.21052631578947367
42.54384459882358,1.9210526315789473,2.7263157894736842,0.2631578947368421
42.54959130704968,1.9210526315789473,2.7263157894736842,0.3157894736842105
44.10182509177394,1.9210526315789473,2.7263157894736842,0.3684210526315789
46.69332230021012,1.9210526315789473,2.7263157894736842,0.42105263157894735
50.00464141121889,1.9210526315789473,2.7263157894736842,0.47368421052631576
53.829503624819246,1.9210526315789473,2.7263157894736842,0.5263157894736842
58.024070688182995,1.9210526315789473,2.7263157894736842,0.5789473684210527
62.48773616920783,1.9210526315789473,2.7263157894736842,0.631578947368421
67.14843246286236,1.9210526315789473,2.7263157894736842,0.6842105263157894
71.95326412876977,1.9210526315789473,2.7263157894736842,0.7368421052631579
76.86435804419727,1.9210526315789473,2.7263157894736842,0.7894736842105263
81.8531722966025,1.9210526315789473,2.7263157894736842,0.8421052631578947
86.89551591895444,1.9210526315789473,2.7263157894736842,0.894736842105263
91.97255270417861,1.9210526315789473,2.7263157894736842,0.9473684210526315
97.06969767702573,1.9210526315789473,2.7263157894736842,1.0
189.97327865921747,1.9210526315789473,2.778947368421053,0.0
126.18253574674587,1.9210526315789473,2.778947368421053,0.05263157894736842
90.21747131498877,1.9210526315789473,2.778947368421053,0.10526315789473684
70.00117395161944,1.9210526315789473,2.778947368421053,0.15789473684210525
58.94669002219047,1.9210526315789473,2.778947368421053,0.21052631578947367
53.38797818875132,1.9210526315789473,2.778947368421053,0.2631578947368421
51.23682034495934,1.9210526315789473,2.778947368421053,0.3157894736842105
51.272013857119255,1.9210526315789473,2.778947368421053,0.3684210526315789
52.75809977126323,1.9210526315789473,2.778947368421053,0.42105263157894735
55.23778516875608,1.9210526315789473,2.778947368421053,0.47368421052631576
58.41813402888167,1.9210526315789473,2.778947368421053,0.5263157894736842
62.10718701981853,1.9210526315789473,2.778947368421053,0.5789473684210527
66.16873236351904,1.9210526315789473,2.778947368421053,0.631578947368421
70.50598572970577,1.9210526315789473,2.778947368421053,0.6842105263157894
75.04870504225832,1.9210526315789473,2.778947368421053,0.7368421052631579
79.74474081072297,1.9210526315789473,2.778947368421053,0.7894736842105263
84.55478758214272,1.9210526315789473,2.778947368421053,0.8421052631578947
89.45115057605331,1.9210526315789473,2.778947368421053,0.894736842105263
94.41049830071282,1.9210526315789473,2.778947368421053,0.9473684210526315
99.41358915435764,1.9210526315789473,2.778947368421053,1.0
285.75129875924415,1.9210526315789473,2.8315789473684214,0.0
186.7699517367939,1.9210526315789473,2.8315789473684214,0.05263157894736842
130.5430270920484,1.9210526315789473,2.8315789473684214,0.10526315789473684
98.26255872161519,1.9210526315789473,2.8315789473684214,0.15789473684210525
79.74821920107017,1.9210526315789473,2.8315789473684214,0.21052631578947367
69.38448151107617,1.9210526315789473,2.8315789473684214,0.2631578947368421
64.00585137171834,1.9210526315789473,2.8315789473684214,0.3157894736842105
61.783160227140165,1.9210526315789473,2.8315789473684214,0.3684210526315789
61.62950114467149,1.9210526315789473,2.8315789473684214,0.42105263157894735
62.878842315253294,1.9210526315789473,2.8315789473684214,0.47368421052631576
65.10940693195091,1.9210526315789473,2.8315789473684214,0.5263157894736842
68.04580553546151,1.9210526315789473,2.8315789473684214,0.5789473684210527
71.50455245645159,1.9210526315789473,2.8315789473684214,0.631578947368421
75.35313076596775,1.9210526315789473,2.8315789473684214,0.6842105263157894
79.49577886886075,1.9210526315789473,2.8315789473684214,0.7368421052631579
83.86202555732675,1.9210526315789473,2.8315789473684214,0.7894736842105263
88.39891112695172,1.9210526315789473,2.8315789473684214,0.8421052631578947
93.0659450508233,1.9210526315789473,2.8315789473684214,0.894736842105263
97.8324196384578,1.9210526315789473,2.8315789473684214,0.9473684210526315
102.67622216658378,1.9210526315789473,2.8315789473684214,1.0
431.19629725856805,1.9210526315789473,2.8842105263157896,0.0
277.66371687126855,1.9210526315789473,2.8842105263157896,0.05263157894736842
190.2977337288556,1.9210526315789473,2.8842105263157896,0.10526315789473684
139.65538979927481,1.9210526315789473,2.8842105263157896,0.15789473684210525
109.9047916267887,1.9210526315789473,2.8842105263157896,0.21052631578947367
92.38006949014924,1.9210526315789473,2.8842105263157896,0.2631578947368421
82.23994386890877,1.9210526315789473,2.8842105263157896,0.3157894736842105
76.71575352246278,1.9210526315789473,2.8842105263157896,0.3684210526315789
74.1815388347706,1.9210526315789473,2.8842105263157896,0.42105263157894735
73.65375098937064,1.9210526315789473,2.8842105263157896,0.47368421052631576
74.51804028244499,1.9210526315789473,2.8842105263157896,0.5263157894736842
76.37754423586505,1.9210526315789473,2.8842105263157896,0.5789473684210527
78.96779562279688,1.9210526315789473,2.8842105263157896,0.631578947368421
82.10940112124122,1.9210526315789473,2.8842105263157896,0.6842105263157894
85.6705667007256,1.9210526315789473,2.8842105263157896,0.7368421052631579
89.5543930875649,1.9210526315789473,2.8842105263157896,0.7894736842105263
93.68856357022906,1.9210526315789473,2.8842105263157896,0.8421052631578947
98.01805976767099,1.9210526315789473,2.8842105263157896,0.894736842105263
102.50036419759482,1.9210526315789473,2.8842105263157896,0.9473684210526315
107.101048922465,1.9210526315789473,2.8842105263157896,1.0
651.3480233220857,1.9210526315789473,2.936842105263158,0.0
413.33992554549275,1.9210526315789473,2.936842105263158,0.05263157894736842
278.1914793529497,1.9210526315789473,2.936842105263158,0.10526315789473684
199.66677107607745,1.9210526315789473,2.936842105263158,0.15789473684210525
153.0512495853298,1.9210526315789473,2.936842105263158,0.21052631578947367
124.9097569662142,1.9210526315789473,2.936842105263158,0.2631578947368421
107.79638919752931,1.9210526315789473,2.936842105263158,0.3157894736842105
97.49213136227243,1.9210526315789473,2.936842105263158,0.3684210526315789
91.54525837630136,1.9210526315789473,2.936842105263158,0.42105263157894735
88.49003371442994,1.9210526315789473,2.936842105263158,0.47368421052631576
87.42245401028912,1.9210526315789473,2.936842105263158,0.5263157894736842
87.76617226348702,1.9210526315789473,2.936842105263158,0.5789473684210527
89.14103130189663,1.9210526315789473,2.936842105263158,0.631578947368421
91.28831801479434,1.9210526315789473,2.936842105263158,0.6842105263157894
94.02925243201341,1.9210526315789473,2.936842105263158,0.7368421052631579
97.2303799291811,1.9210526315789473,2.936842105263158,0.7894736842105263
100.79188598399517,1.9210526315789473,2.936842105263158,0.8421052631578947
104.6382453769606,1.9210526315789473,2.936842105263158,0.894736842105263
108.70827744501838,1.9210526315789473,2.936842105263158,0.9473684210526315
112.95196671239161,1.9210526315789473,2.936842105263158,1.0
984.5667311182798,1.9210526315789473,2.9894736842105267,0.0
615.6790191431245,1.9210526315789473,2.9894736842105267,0.05263157894736842
407.1704871165982,1.9210526315789473,2.9894736842105267,0.10526315789473684
286.290625027921,1.9210526315789473,2.9894736842105267,0.15789473684210525
214.36322556048884,1.9210526315789473,2.9894736842105267,0.21052631578947367
170.4950663142209,1.9210526315789473,2.9894736842105267,0.2631578947368421
143.1909256539522,1.9210526315789473,2.9894736842105267,0.3157894736842105
125.9920136110505,1.9210526315789473,2.9894736842105267,0.3684210526315789
115.18110946411801,1.9210526315789473,2.9894736842105267,0.42105263157894735
108.55991223705827,1.9210526315789473,2.9894736842105267,0.47368421052631576
104.78860669623315,1.9210526315789473,2.9894736842105267,0.5263157894736842
103.02362628511648,1.9210526315789473,2.9894736842105267,0.5789473684210527
102.71555947909259,1.9210526315789473,2.9894736842105267,0.631578947368421
103.49423772847526,1.9210526315789473,2.9894736842105267,0.6842105263157894
105.10241840066082,1.9210526315789473,2.9894736842105267,0.7368421052631579
107.35898879826242,1.9210526315789473,2.9894736842105267,0.7894736842105263
110.12668679888995,1.9210526315789473,2.9894736842105267,0.8421052631578947
113.29578727961307,1.9210526315789473,2.9894736842105267,0.894736842105263
116.78230133519611,1.9210526315789473,2.9894736842105267,0.9473684210526315
120.52399920512998,1.9210526315789473,2.9894736842105267,1.0
1489.8255678709231,1.9210526315789473,3.042105263157895,0.0
917.9371121024931,1.9210526315789473,3.042105263157895,0.05263157894736842
596.6486712193379,1.9210526315789473,3.042105263157895,0.10526315789473684
411.3336160714078,1.9210526315789473,3.042105263157895,0.15789473684210525
301.36235794044666,1.9210526315789473,3.042105263157895,0.21052631578947367
234.17285609065686,1.9210526315789473,3.042105263157895,0.2631578947368421
191.970271081182,1.9210526315789473,3.042105263157895,0.3157894736842105
164.83401415828197,1.9210526315789473,3.042105263157895,0.3684210526315789
147.1055374970902,1.9210526315789473,3.042105263157895,0.42105263157894735
135.47234916552733,1.9210526315789473,3.042105263157895,0.47368421052631576
127.93815926725377,1.9210526315789473,3.042105263157895,0.5263157894736842
123.26113972720283,1.9210526315789473,3.042105263157895,0.5789473684210527
120.64247347358348,1.9210526315789473,3.042105263157895,0.631578947368421
119.55049878737263,1.9210526315789473,3.042105263157895,0.6842105263157894
119.61938005285494,1.9210526315789473,3.042105263157895,0.7368421052631579
120.58801958299537,1.9210526315789473,3.042105263157895,0.7894736842105263
122.2626335151461,1.9210526315789473,3.042105263157895,0.8421052631578947
124.4997720025267,1.9210526315789473,3.042105263157895,0.894736842105263
127.18981981027505,1.9210526315789473,3.042105263157895,0.9473684210526315
130.24778110818187,1.9210526315789473,3.042105263157895,1.0
2257.9778201888075,1.9210526315789473,3.094736842105263,0.0
1370.7718709853657,1.9210526315789473,3.094736842105263,0.05263157894736842
875.7894180698339,1.9210526315789473,3.094736842105263,0.10526315789473684
592.2392355429748,1.9210526315789473,3.094736842105263,0.15789473684210525
424.9530523352526,1.9210526315789473,3.094736842105263,0.21052631578947367
323.09864946654983,1.9210526315789473,3.094736842105263,0.2631578947368421
259.07158628338254,1.9210526315789473,3.094736842105263,0.3157894736842105
217.59445632697296,1.9210526315789473,3.094736842105263,0.3684210526315789
190.02638273081612,1.9210526315789473,3.094736842105263,0.42105263157894735
171.35740675030002,1.9210526315789473,3.094736842105263,0.47368421052631576
158.60050899148038,1.9210526315789473,3.094736842105263,0.5263157894736842
149.91910885500494,1.9210526315789473,3.094736842105263,0.5789473684210527
144.14581257193282,1.9210526315789473,3.094736842105263,0.631578947368421
140.5120040197974,1.9210526315789473,3.094736842105263,0.6842105263157894
138.49322448060173,1.9210526315789473,3.094736842105263,0.7368421052631579
137.71685436324867,1.9210526315789473,3.094736842105263,0.7894736842105263
137.9182464797408,1.9210526315789473,3.094736842105263,0.8421052631578947
138.9045895665957,1.9210526315789473,3.094736842105263,0.894736842105263
140.52650765711454,1.9210526315789473,3.094736842105263,0.9473684210526315
142.6670286296904,1.9210526315789473,3.094736842105263,1.0
3429.3799681842916,1.9210526315789473,3.1473684210526316,0.0
2051.6360983190484,1.9210526315789473,3.1473684210526316,0.05263157894736842
1288.6133241209966,1.9210526315789473,3.1473684210526316,0.10526315789473684
854.9317604215134,1.9210526315789473,3.1473684210526316,0.15789473684210525
601.0512200036123,1.9210526315789473,3.1473684210526316,0.21052631578947367
447.5106821785816,1.9210526315789473,3.1473684210526316,0.2631578947368421
351.41490729201627,1.9210526315789473,3.1473684210526316,0.3157894736842105
289.186670310967,1.9210526315789473,3.1473684210526316,0.3684210526315789
247.59629204579593,1.9210526315789473,3.1473684210526316,0.42105263157894735
219.04244174609394,1.9210526315789473,3.1473684210526316,0.47368421052631576
199.038566917026,1.9210526315789473,3.1473684210526316,0.5263157894736842
184.85750577831044,1.9210526315789473,3.1473684210526316,0.5789473684210527
174.78694179136167,1.9210526315789473,3.1473684210526316,0.631578947368421
167.710310179948,1.9210526315789473,3.1473684210526316,0.6842105263157894
162.87602322135982,1.9210526315789473,3.1473684210526316,0.7368421052631579
159.76593478176196,1.9210526315789473,3.1473684210526316,0.7894736842105263
158.00910832873538,1.9210526315789473,3.1473684210526316,0.8421052631578947
157.33263398486966,1.9210526315789473,3.1473684210526316,0.894736842105263
157.5339752523725,1.9210526315789473,3.1473684210526316,0.9473684210526315
158.45481549047736,1.9210526315789473,3.1473684210526316,1.0
5221.407900170394,1.9210526315789473,3.2,0.0
3079.352479885879,1.9210526315789473,3.2,0.05263157894736842
1901.8628165678078,1.9210526315789473,3.2,0.10526315789473684
1238.1548313028466,1.9210526315789473,3.2,0.15789473684210525
853.0416283569788,1.9210526315789473,3.2,0.21052631578947367
622.1658496421197,1.9210526315789473,3.2,0.2631578947368421
478.77236846058076,1.9210526315789473,3.2,0.3157894736842105
386.40716096002643,1.9210526315789473,3.2,0.3684210526315789
324.7683498581812,1.9210526315789473,3.2,0.42105263157894735
282.2921291246673,1.9210526315789473,3.2,0.47368421052631576
252.22112056275193,1.9210526315789473,3.2,0.5263157894736842
230.49152567383925,1.9210526315789473,3.2,0.5789473684210527
214.57537309743398,1.9210526315789473,3.2,0.631578947368421
202.85283313184965,1.9210526315789473,3.2,0.6842105263157894
194.25101684762205,1.9210526315789473,3.2,0.7368421052631579
188.03366659169725,1.9210526315789473,3.2,0.7894736842105263
183.67926939437223,1.9210526315789473,3.2,0.8421052631578947
180.80759229879862,1.9210526315789473,3.2,0.894736842105263
179.13426091704736,1.9210526315789473,3.2,0.9473684210526315
178.44480561528263,1.9210526315789473,3.2,1.0
80.16547632670338,2.026315789473684,2.2,0.0
62.67331843645546,2.026315789473684,2.2,0.05263157894736842
52.650825346378674,2.026315789473684,2.2,0.10526315789473684
47.252948164154,2.026315789473684,2.2,0.15789473684210525
44.60817700226061,2.026315789473684,2.2,0.21052631578947367
43.79744747759151,2.026315789473684,2.2,0.2631578947368421
44.26324423639757,2.026315789473684,2.2,0.3157894736842105
45.65933267340586,2.026315789473684,2.2,0.3684210526315789
47.81255760324619,2.026315789473684,2.2,0.42105263157894735
50.5519668095077,2.026315789473684,2.2,0.47368421052631576
53.73698758687921,2.026315789473684,2.2,0.5263157894736842
57.26361613225039,2.026315789473684,2.2,0.5789473684210527
61.0534428352511,2.026315789473684,2.2,0.631578947368421
65.04637886310721,2.026315789473684,2.2,0.6842105263157894
69.19572504977636,2.026315789473684,2.2,0.7368421052631579
73.46475564039383,2.026315789473684,2.2,0.7894736842105263
77.82430264007105,2.026315789473684,2.2,0.8421052631578947
82.25101474941452,2.026315789473684,2.2,0.894736842105263
86.72608015268005,2.026315789473684,2.2,0.9473684210526315
91.23427433245246,2.026315789473684,2.2,1.0
66.2553081469479,2.026315789473684,2.2526315789473688,0.0
52.31025545091921,2.026315789473684,2.2526315789473688,0.05263157894736842
44.62842845392452,2.026315789473684,2.2526315789473688,0.10526315789473684
40.71976666329287,2.026315789473684,2.2526315789473688,0.15789473684210525
39.12452200780082,2.026315789473684,2.2526315789473688,0.21052631578947367
39.10264527705885,2.026315789473684,2.2526315789473688,0.2631578947368421
40.18861316635726,2.026315789473684,2.2526315789473688,0.3157894736842105
42.142717169273844,2.026315789473684,2.2526315789473688,0.3684210526315789
44.772244783186984,2.026315789473684,2.2526315789473688,0.42105263157894735
47.9088453882602,2.026315789473684,2.2526315789473688,0.47368421052631576
51.43007411228721,2.026315789473684,2.2526315789473688,0.5263157894736842
55.2450016372477,2.026315789473684,2.2526315789473688,0.5789473684210527
59.28486110072271,2.026315789473684,2.2526315789473688,0.631578947368421
63.49682288151667,2.026315789473684,2.2526315789473688,0.6842105263157894
67.83975591444104,2.026315789473684,2.2526315789473688,0.7368421052631579
72.28127850928331,2.026315789473684,2.2526315789473688,0.7894736842105263
76.79566417744326,2.026315789473684,2.2526315789473688,0.8421052631578947
81.3623261531027,2.026315789473684,2.2526315789473688,0.894736842105263
85.96470142060159,2.026315789473684,2.2526315789473688,0.9473684210526315
90.58941579996447,2.026315789473684,2.2526315789473688,1.0
55.13223956778944,2.026315789473684,2.305263157894737,0.0
43.85329001153277,2.026315789473684,2.305263157894737,0.05263157894736842
37.920384549448684,2.026315789473684,2.305263157894737,0.10526315789473684
35.125128003829815,2.026315789473684,2.305263157894737,0.15789473684210525
34.35445707012185,2.026315789473684,2.305263157894737,0.21052631578947367
34.96639290968155,2.026315789473684,2.305263157894737,0.2631578947368421
36.60532722469304,2.026315789473684,2.305263157894737,0.3157894736842105
39.04504706935825,2.026315789473684,2.305263157894737,0.3684210526315789
42.077274806425116,2.026315789473684,2.305263157894737,0.42105263157894735
45.5533248140468,2.026315789473684,2.305263157894737,0.47368421052631576
49.36477580793781,2.026315789473684,2.305263157894737,0.5263157894736842
53.43092955673671,2.026315789473684,2.305263157894737,0.5789473684210527
57.69064271318495,2.026315789473684,2.305263157894737,0.631578947368421
62.096877749839294,2.026315789473684,2.305263157894737,0.6842105263157894
66.61298330660495,2.026315789473684,2.305263157894737,0.7368421052631579
71.21009906611053,2.026315789473684,2.305263157894737,0.7894736842105263
75.86530775815747,2.026315789473684,2.305263157894737,0.8421052631578947
80.56029401689086,2.026315789473684,2.305263157894737,0.894736842105263
85.28036186408488,2.026315789473684,2.305263157894737,0.9473684210526315
90.01392857169982,2.026315789473684,2.305263157894737,1.0
46.814001622678255,2.026315789473684,2.3578947368421055,0.0
37.342343404771576,2.026315789473684,2.3578947368421055,0.05263157894736842
32.55205913689204,2.026315789473684,2.3578947368421055,0.10526315789473684
30.541215097868335,2.026315789473684,2.3578947368421055,0.15789473684210525
30.366112832952854,2.026315789473684,2.3578947368421055,0.21052631578947367
31.482843201943137,2.026315789473684,2.3578947368421055,0.2631578947368421
33.58827730342313,2.026315789473684,2.3578947368421055,0.3157894736842105
36.415069912959815,2.026315789473684,2.3578947368421055,0.3684210526315789
39.77356740535162,2.026315789473684,2.3578947368421055,0.42105263157894735
43.52869321647347,2.026315789473684,2.3578947368421055,0.47368421052631576
47.581957346988254,2.026315789473684,2.3578947368421055,0.5263157894736842
51.86005048587073,2.026315789473684,2.3578947368421055,0.5789473684210527
56.30742758959906,2.026315789473684,2.3578947368421055,0.631578947368421
60.88136571189598,2.026315789473684,2.3578947368421055,0.6842105263157894
65.54859204300654,2.026315789473684,2.3578947368421055,0.7368421052631579
70.2829316662981,2.026315789473684,2.3578947368421055,0.7894736842105263
75.06395790418335,2.026315789473684,2.3578947368421055,0.8421052631578947
79.87530521220371,2.026315789473684,2.3578947368421055,0.894736842105263
84.70359377355719,2.026315789473684,2.3578947368421055,0.9473684210526315
89.53808576112726,2.026315789473684,2.3578947368421055,1.0
41.55168310677937,2.026315789473684,2.4105263157894736,0.0
32.949495580624344,2.026315789473684,2.4105263157894736,0.05263157894736842
28.688068478145514,2.026315789473684,2.4105263157894736,0.10526315789473684
27.10313446074779,2.026315789473684,2.4105263157894736,0.15789473684210525
27.298558274013153,2.026315789473684,2.4105263157894736,0.21052631578947367
28.7954524688878,2.026315789473684,2.4105263157894736,0.2631578947368421
31.226421465442876,2.026315789473684,2.4105263157894736,0.3157894736842105
34.33268355071702,2.026315789473684,2.4105263157894736,0.3684210526315789
37.93365338382874,2.026315789473684,2.4105263157894736,0.42105263157894735
41.90134900648702,2.026315789473684,2.4105263157894736,0.47368421052631576
46.142824729162434,2.026315789473684,2.4105263157894736,0.5263157894736842
50.58911939737898,2.026315789473684,2.4105263157894736,0.5789473684210527
55.188120823799935,2.026315789473684,2.4105263157894736,0.631578947368421
59.89993308095999,2.026315789473684,2.4105263157894736,0.6842105263157894
64.69406907655701,2.026315789473684,2.4105263157894736,0.7368421052631579
69.54610362440592,2.026315789473684,2.4105263157894736,0.7894736842105263
74.43659522836843,2.026315789473684,2.4105263157894736,0.8421052631578947
79.3500718711176,2.026315789473684,2.4105263157894736,0.894736842105263
84.2741831796987,2.026315789473684,2.4105263157894736,0.9473684210526315
89.19906424914087,2.026315789473684,2.4105263157894736,1.0
39.86437457265923,2.026315789473684,2.463157894736842,0.0
30.99319276496927,2.026315789473684,2.463157894736842,0.05263157894736842
26.61510074096509,2.026315789473684,2.463157894736842,0.10526315789473684
25.044137673309304,2.026315789473684,2.463157894736842,0.15789473684210525
25.383268971079033,2.026315789473684,2.463157894736842,0.21052631578947367
27.054170277767376,2.026315789473684,2.463157894736842,0.2631578947368421
29.65405672822728,2.026315789473684,2.463157894736842,0.3157894736842105
32.91643669283331,2.026315789473684,2.463157894736842,0.3684210526315789
36.662986714341514,2.026315789473684,2.463157894736842,0.42105263157894735
40.76621294948552,2.026315789473684,2.463157894736842,0.47368421052631576
45.13363480118008,2.026315789473684,2.463157894736842,0.5263157894736842
49.69735541677872,2.026315789473684,2.463157894736842,0.5789473684210527
54.40692838279403,2.026315789473684,2.463157894736842,0.631578947368421
59.223183102968015,2.026315789473684,2.463157894736842,0.6842105263157894
64.11572371790373,2.026315789473684,2.463157894736842,0.7368421052631579
69.0607654801488,2.026315789473684,2.463157894736842,0.7894736842105263
74.03955190120139,2.026315789473684,2.463157894736842,0.8421052631578947
79.03721463125508,2.026315789473684,2.463157894736842,0.894736842105263
84.04193607445306,2.026315789473684,2.463157894736842,0.9473684210526315
89.04432358820375,2.026315789473684,2.463157894736842,1.0
42.66555895279045,2.026315789473684,2.515789473684211,0.0
32.08964813884341,2.026315789473684,2.515789473684211,0.05263157894736842
26.767178833656118,2.026315789473684,2.515789473684211,0.10526315789473684
24.73960374225725,2.026315789473684,2.515789473684211,0.15789473684210525
24.88359462732858,2.026315789473684,2.515789473684211,0.21052631578947367
26.471260800467526,2.026315789473684,2.515789473684211,0.2631578947368421
29.051717325660295,2.026315789473684,2.515789473684211,0.3157894736842105
32.329452658311254,2.026315789473684,2.515789473684211,0.3684210526315789
36.10818711137065,2.026315789473684,2.515789473684211,0.42105263157894735
40.254033599267515,2.026315789473684,2.515789473684211,0.47368421052631576
44.67337542619406,2.026315789473684,2.515789473684211,0.5263157894736842
49.29465286310718,2.026315789473684,2.515789473684211,0.5789473684210527
54.06444449834988,2.026315789473684,2.515789473684211,0.631578947368421
58.94226003250419,2.026315789473684,2.515789473684211,0.6842105263157894
63.896954370909434,2.026315789473684,2.515789473684211,0.7368421052631579
68.90429365918195,2.026315789473684,2.515789473684211,0.7894736842105263
73.94526097904523,2.026315789473684,2.515789473684211,0.8421052631578947
79.00484901238592,2.026315789473684,2.515789473684211,0.894736842105263
84.07118125833577,2.026315789473684,2.515789473684211,0.9473684210526315
89.13486018927185,2.026315789473684,2.515789473684211,1.0
51.383943498953975,2.026315789473684,2.568421052631579,0.0
37.22321524733391,2.026315789473684,2.568421052631579,0.05263157894736842
29.8614461042828,2.026315789473684,2.568421052631579,0.10526315789473684
26.692037538725184,2.026315789473684,2.568421052631579,0.15789473684210525
26.157347449043673,2.026315789473684,2.568421052631579,0.21052631578947367
27.3327800305529,2.026315789473684,2.568421052631579,0.2631578947368421
29.655005589381485,2.026315789473684,2.568421052631579,0.3157894736842105
32.77279919272179,2.026315789473684,2.568421052631579,0.3684210526315789
36.45388240202668,2.026315789473684,2.568421052631579,0.42105263157894735
40.54010478899882,2.026315789473684,2.568421052631579,0.47368421052631576
44.92144017749922,2.026315789473684,2.568421052631579,0.5263157894736842
49.52296737175642,2.026315789473684,2.568421052631579,0.5789473684210527
54.28875261233475,2.026315789473684,2.568421052631579,0.631578947368421
59.174309622579464,2.026315789473684,2.568421052631579,0.6842105263157894
64.14570786095982,2.026315789473684,2.568421052631579,0.7368421052631579
69.1767319967381,2.026315789473684,2.568421052631579,0.7894736842105263
74.24692708890858,2.026315789473684,2.568421052631579,0.8421052631578947
79.34022552290756,2.026315789473684,2.568421052631579,0.894736842105263
84.44395998647072,2.026315789473684,2.568421052631579,0.9473684210526315
89.5481390693323,2.026315789473684,2.568421052631579,1.0
68.30202781145891,2.026315789473684,2.6210526315789475,0.0
47.88905864950298,2.026315789473684,2.6210526315789475,0.05263157894736842
36.93741510989293,2.026315789473684,2.6210526315789475,0.10526315789473684
31.613559717907084,2.026315789473684,2.6210526315789475,0.15789473684210525
29.7395595186905,2.026315789473684,2.6210526315789475,0.21052631578947367
30.05337670400293,2.026315789473684,2.6210526315789475,0.2631578947368421
31.80309928647364,2.026315789473684,2.6210526315789475,0.3157894736842105
34.52589094573694,2.026315789473684,2.6210526315789475,0.3684210526315789
37.93026368799027,2.026315789473684,2.6210526315789475,0.42105263157894735
41.820041550632745,2.026315789473684,2.6210526315789475,0.47368421052631576
46.06058957033443,2.026315789473684,2.6210526315789475,0.5263157894736842
50.557446619541786,2.026315789473684,2.6210526315789475,0.5789473684210527
55.243181794274584,2.026315789473684,2.6210526315789475,0.631578947368421
60.07033384151432,2.026315789473684,2.6210526315789475,0.6842105263157894
65.00072009680513,2.026315789473684,2.6210526315789475,0.7368421052631579
70.00607801868532,2.026315789473684,2.6210526315789475,0.7894736842105263
75.0632891719176,2.026315789473684,2.6210526315789475,0.8421052631578947
80.15404678298778,2.026315789473684,2.6210526315789475,0.894736842105263
85.2639604641149,2.026315789473684,2.6210526315789475,0.9473684210526315
90.38169733576107,2.026315789473684,2.6210526315789475,1.0
96.91614688013698,2.026315789473684,2.673684210526316,0.0
66.34125869089344,2.026315789473684,2.673684210526316,0.05263157894736842
49.4482916888787,2.026315789473684,2.673684210526316,0.10526315789473684
40.521963988317225,2.026315789473684,2.673684210526316,0.15789473684210525
36.38175752455487,2.026315789473684,2.673684210526316,0.21052631578947367
35.21559841410689,2.026315789473684,2.673684210526316,0.2631578947368421
35.961384435044216,2.026315789473684,2.673684210526316,0.3157894736842105
37.978069321067565,2.026315789473684,2.673684210526316,0.3684210526315789
40.866392411287634,2.026315789473684,2.673684210526316,0.42105263157894735
44.37265277238725,2.026315789473684,2.673684210526316,0.47368421052631576
48.323727824885104,2.026315789473684,2.673684210526316,0.5263157894736842
52.599157906136675,2.026315789473684,2.673684210526316,0.5789473684210527
57.11352701325586,2.026315789473684,2.673684210526316,0.631578947368421
61.80466445619136,2.026315789473684,2.673684210526316,0.6842105263157894
66.6280127680245,2.026315789473684,2.673684210526316,0.7368421052631579
71.55022325836138,2.026315789473684,2.673684210526316,0.7894736842105263
76.54339195052918,2.026315789473684,2.673684210526316,0.8421052631578947
81.58581415162777,2.026315789473684,2.673684210526316,0.894736842105263
86.66137366915049,2.026315789473684,2.673684210526316,0.9473684210526315
91.75757559504049,2.026315789473684,2.673684210526316,1.0
142.55377587312572,2.026315789473684,2.7263157894736842,0.0
95.83889146687837,2.026315789473684,2.7263157894736842,0.05263157894736842
69.50837276904755,2.026315789473684,2.7263157894736842,0.10526315789473684
54.8691086092293,2.026315789473684,2.7263157894736842,0.15789473684210525
47.13599353552867,2.026315789473684,2.7263157894736842,0.21052631578947367
43.61674064186518,2.026315789473684,2.7263157894736842,0.2631578947368421
42.75837640806025,2.026315789473684,2.7263157894736842,0.3157894736842105
43.639497495607486,2.026315789473684,2.7263157894736842,0.3684210526315789
45.69616790914451,2.026315789473684,2.7263157894736842,0.42105263157894735
48.57189804535425,2.026315789473684,2.7263157894736842,0.47368421052631576
52.037101055663264,2.026315789473684,2.7263157894736842,0.5263157894736842
55.932760304955195,2.026315789473684,2.7263157894736842,0.5789473684210527
60.14647983479645,2.026315789473684,2.7263157894736842,0.631578947368421
64.59758963363925,2.026315789473684,2.7263157894736842,0.6842105263157894
69.22674530014157,2.026315789473684,2.7263157894736842,0.7368421052631579
73.98950916640968,2.026315789473684,2.7263157894736842,0.7894736842105263
78.8544571330189,2.026315789473684,2.7263157894736842,0.8421052631578947
83.79549535195478,2.026315789473684,2.7263157894736842,0.894736842105263
88.7912122170371,2.026315789473684,2.7263157894736842,0.9473684210526315
93.82478383935306,2.026315789473684,2.7263157894736842,1.0
213.19934352544618,2.026315789473684,2.778947368421053,0.0
141.2148930822283,2.026315789473684,2.778947368421053,0.05263157894736842
100.20021405447143,2.026315789473684,2.778947368421053,0.10526315789473684
76.72588539633144,2.026315789473684,2.778947368421053,0.15789473684210525
63.46702461898492,2.026315789473684,2.778947368421053,0.21052631578947367
56.34653732710476,2.026315789473684,2.778947368421053,0.2631578947368421
53.04165884643109,2.026315789473684,2.778947368421053,0.3157894736842105
52.193606741773166,2.026315789473684,2.778947368421053,0.3684210526315789
52.98366876697435,2.026315789473684,2.778947368421053,0.42105263157894735
54.902423904988396,2.026315789473684,2.778947368421053,0.47368421052631576
57.62222516024989,2.026315789473684,2.778947368421053,0.5263157894736842
60.928619676706354,2.026315789473684,2.778947368421053,0.5789473684210527
64.67074877638309,2.026315789473684,2.778947368421053,0.631578947368421
68.74012893984106,2.026315789473684,2.778947368421053,0.6842105263157894
73.05785192610078,2.026315789473684,2.778947368421053,0.7368421052631579
77.56518704229435,2.026315789473684,2.778947368421053,0.7894736842105263
82.21757827475027,2.026315789473684,2.778947368421053,0.8421052631578947
86.98135815381713,2.026315789473684,2.778947368421053,0.894736842105263
91.8322796235472,2.026315789473684,2.778947368421053,0.9473684210526315
96.74877092026017,2.026315789473684,2.778947368421053,1.0
320.91536204680125,2.026315789473684,2.8315789473684214,0.0
209.67245778570205,2.026315789473684,2.8315789473684214,0.05263157894736842
146.02533537862948,2.026315789473684,2.8315789473684214,0.10526315789473684
109.05198225501627,2.026315789473684,2.8315789473684214,0.15789473684210525
87.42699124155716,2.026315789473684,2.8315789473684214,0.21052631578947367
74.9024078043232,2.026315789473684,2.8315789473684214,0.2631578947368421
67.95548258438026,2.026315789473684,2.8315789473684214,0.3157894736842105
64.5499210108956,2.026315789473684,2.8315789473684214,0.3684210526315789
63.47512954597139,2.026315789473684,2.8315789473684214,0.42105263157894735
63.988753329817236,2.026315789473684,2.8315789473684214,0.47368421052631576
65.6202294793739,2.026315789473684,2.8315789473684214,0.5263157894736842
68.06105683406423,2.026315789473684,2.8315789473684214,0.5789473684210527
71.10558312022371,2.026315789473684,2.8315789473684214,0.631578947368421
74.6068765010677,2.026315789473684,2.8315789473684214,0.6842105263157894
78.4573504748098,2.026315789473684,2.8315789473684214,0.7368421052631579
82.57764683191384,2.026315789473684,2.8315789473684214,0.7894736842105263
86.90797370394641,2.026315789473684,2.8315789473684214,0.8421052631578947
91.40248820780135,2.026315789473684,2.8315789473684214,0.894736842105263
96.02555128947033,2.026315789473684,2.8315789473684214,0.9473684210526315
100.74951390159343,2.026315789473684,2.8315789473684214,1.0
483.99029532889034,2.026315789473684,2.8842105263157896,0.0
311.9456386945875,2.026315789473684,2.8842105263157896,0.05263157894736842
213.5611973224698,2.026315789473684,2.8842105263157896,0.10526315789473684
156.07890318970712,2.026315789473684,2.8842105263157896,0.15789473684210525
121.88298738153837,2.026315789473684,2.8842105263157896,0.21052631578947367
101.32990303327867,2.026315789473684,2.8842105263157896,0.2631578947368421
89.0310553555493,2.026315789473684,2.8842105263157896,0.3157894736842105
81.9037990145466,2.026315789473684,2.8842105263157896,0.3684210526315789
78.13693556829674,2.026315789473684,2.8842105263157896,0.42105263157894735
76.63414753655121,2.026315789473684,2.8842105263157896,0.47368421052631576
76.71004521104038,2.026315789473684,2.8842105263157896,0.5263157894736842
77.92137512373981,2.026315789473684,2.8842105263157896,0.5789473684210527
79.9715951098815,2.026315789473684,2.8842105263157896,0.631578947368421
82.65908787241011,2.026315789473684,2.8842105263157896,0.6842105263157894
85.83763906788481,2.026315789473684,2.8842105263157896,0.7368421052631579
89.39821593819953,2.026315789473684,2.8842105263157896,0.7894736842105263
93.25919429323153,2.026315789473684,2.8842105263157896,0.8421052631578947
97.3567427975899,2.026315789473684,2.8842105263157896,0.894736842105263
101.64171746581864,2.026315789473684,2.8842105263157896,0.9473684210526315
106.07601204306448,2.026315789473684,2.8842105263157896,1.0
730.302359619433,2.026315789473684,2.936842105263158,0.0
464.1475727169469,2.026315789473684,2.936842105263158,0.05263157894736842
312.4949251439023,2.026315789473684,2.936842105263158,0.10526315789473684
223.89943311950395,2.026315789473684,2.936842105263158,0.15789473684210525
170.85998687130962,2.026315789473684,2.936842105263158,0.21052631578947367
138.42475465090075,2.026315789473684,2.936842105263158,0.2631578947368421
118.30567529031185,2.026315789473684,2.936842105263158,0.3157894736842105
105.80518698405743,2.026315789473684,2.936842105263158,0.3684210526315789
98.19232666410858,2.026315789473684,2.936842105263158,0.42105263157894735
93.83345963443129,2.026315789473684,2.936842105263158,0.47368421052631576
91.72023699524749,2.026315789473684,2.936842105263158,0.5263157894736842
91.20913646098205,2.026315789473684,2.936842105263158,0.5789473684210527
91.87516442837155,2.026315789473684,2.936842105263158,0.631578947368421
93.4280579234644,2.026315789473684,2.936842105263158,0.6842105263157894
95.66585346683284,2.026315789473684,2.936842105263158,0.7368421052631579
98.43893470673771,2.026315789473684,2.936842105263158,0.7894736842105263
101.63460113945722,2.026315789473684,2.936842105263158,0.8421052631578947
105.16737481201997,2.026315789473684,2.936842105263158,0.894736842105263
108.97120863910072,2.026315789473684,2.936842105263158,0.9473684210526315
112.99350052713666,2.026315789473684,2.936842105263158,1.0
1102.5960089009843,2.026315789473684,2.9894736842105267,0.0
690.68868227711,2.026315789473684,2.9894736842105267,0.05263157894736842
457.2981274680674,2.026315789473684,2.9894736842105267,0.10526315789473684
321.475946253856,2.026315789473684,2.9894736842105267,0.15789473684210525
240.18474427345095,2.026315789473684,2.9894736842105267,0.21052631578947367
190.1728352424138,2.026315789473684,2.9894736842105267,0.2631578947368421
158.64527553589778,2.026315789473684,2.9894736842105267,0.3157894736842105
138.41122366985007,2.026315789473684,2.9894736842105267,0.3684210526315789
125.33065728953349,2.026315789473684,2.9894736842105267,0.42105263157894735
116.95400799291326,2.026315789473684,2.9894736842105267,0.47368421052631576
111.78730822242532,2.026315789473684,2.9894736842105267,0.5263157894736842
108.88890774322303,2.026315789473684,2.9894736842105267,0.5789473684210527
107.64363341288818,2.026315789473684,2.9894736842105267,0.631578947368421
107.63697694122476,2.026315789473684,2.9894736842105267,0.6842105263157894
108.58006905616892,2.026315789473684,2.9894736842105267,0.7368421052631579
110.26823193761437,2.026315789473684,2.9894736842105267,0.7894736842105263
112.54905067186043,2.026315789473684,2.9894736842105267,0.8421052631578947
115.30480324983716,2.026315789473684,2.9894736842105267,0.894736842105263
118.44252039397605,2.026315789473684,2.9894736842105267,0.9473684210526315
121.88655290529196,2.026315789473684,2.9894736842105267,1.0
1666.5128418757301,2.026315789473684,3.042105263157895,0.0
1028.5946734582774,2.026315789473684,3.042105263157895,0.05263157894736842
669.5930617839114,2.026315789473684,3.042105263157895,0.10526315789473684
461.96488187203903,2.026315789473684,3.042105263157895,0.15789473684210525
338.24471470005324,2.026315789473684,3.042105263157895,0.21052631578947367
262.19597157027704,2.026315789473684,3.042105263157895,0.2631578947368421
214.01298444113402,2.026315789473684,3.042105263157895,0.3157894736842105
182.65186466877014,2.026315789473684,3.042105263157895,0.3684210526315789
161.81124931266876,2.026315789473684,3.042105263157895,0.42105263157894735
147.79982295033676,2.026315789473684,3.042105263157895,0.47368421052631576
138.39210182595036,2.026315789473684,3.042105263157895,0.5263157894736842
132.20265829620283,2.026315789473684,3.042105263157895,0.5789473684210527
128.33939897743923,2.026315789473684,3.042105263157895,0.631578947368421
126.2078420788109,2.026315789473684,3.042105263157895,0.6842105263157894
125.39832229195797,2.026315789473684,3.042105263157895,0.7368421052631579
125.61950775530245,2.026315789473684,3.042105263157895,0.7894736842105263
126.66075605290375,2.026315789473684,3.042105263157895,0.8421052631578947
128.358690715427,2.026315789473684,3.042105263157895,0.894736842105263
130.5861714118722,2.026315789473684,3.042105263157895,0.9473684210526315
133.24720214985825,2.026315789473684,3.042105263157895,1.0
2523.1677039656943,2.026315789473684,3.094736842105263,0.0
1534.2553130186532,2.026315789473684,3.094736842105263,0.05263157894736842
981.8519999288138,2.026315789473684,3.094736842105263,0.10526315789473684
664.7964133333555,2.026315789473684,3.094736842105263,0.15789473684210525
477.1924933127577,2.026315789473684,3.094736842105263,0.21052631578947367
362.4732202315269,2.026315789473684,3.094736842105263,0.2631578947368421
289.9162308882918,2.026315789473684,3.094736842105263,0.3157894736842105
242.5158624053842,2.026315789473684,3.094736842105263,0.3684210526315789
210.65132529303486,2.026315789473684,3.094736842105263,0.42105263157894735
188.74251129866764,2.026315789473684,3.094736842105263,0.47368421052631576
173.4608198814644,2.026315789473684,3.094736842105263,0.5263157894736842
162.7582942843319,2.026315789473684,3.094736842105263,0.5789473684210527
155.3324567930936,2.026315789473684,3.094736842105263,0.631578947368421
150.32610044004267,2.026315789473684,3.094736842105263,0.6842105263157894
147.1555627278168,2.026315789473684,3.094736842105263,0.7368421052631579
145.40966445042528,2.026315789473684,3.094736842105263,0.7894736842105263
144.78478029875066,2.026315789473684,3.094736842105263,0.8421052631578947
145.06097624171073,2.026315789473684,3.094736842105263,0.894736842105263
146.07242432139623,2.026315789473684,3.094736842105263,0.9473684210526315
147.68734830630558,2.026315789473684,3.094736842105263,1.0
3828.756597587401,2.026315789473684,3.1473684210526316,0.0
2293.875588396525,2.026315789473684,3.1473684210526316,0.05263157894736842
1443.0784572493321,2.026315789473684,3.1473684210526316,0.10526315789473684
958.8347346372773,2.026315789473684,3.1473684210526316,0.15789473684210525
674.7508927910661,2.026315789473684,3.1473684210526316,0.21052631578947367
502.4053471512578,2.026315789473684,3.1473684210526316,0.2631578947368421
394.0613755234961,2.026315789473684,3.1473684210526316,0.3157894736842105
323.47706686365166,2.026315789473684,3.1473684210526316,0.3684210526315789
275.92456707478334,2.026315789473684,3.1473684210526316,0.42105263157894735
242.9397083758378,2.026315789473684,3.1473684210526316,0.47368421052631576
219.52558827929707,2.026315789473684,3.1473684210526316,0.5263157894736842
202.64270554043935,2.026315789473684,3.1473684210526316,0.5789473684210527
190.3813358858334,2.026315789473684,3.1473684210526316,0.631578947368421
181.50018185219676,2.026315789473684,3.1473684210526316,0.6842105263157894
175.1622891542669,2.026315789473684,3.1473684210526316,0.7368421052631579
170.78109235283847,2.026315789473684,3.1473684210526316,0.7894736842105263
167.9406723758421,2.026315789473684,3.1473684210526316,0.8421052631578947
166.3349026863935,2.026315789473684,3.1473684210526316,0.894736842105263
165.73448224066107,2.026315789473684,3.1473684210526316,0.9473684210526315
165.9635209022118,2.026315789473684,3.1473684210526316,1.0
5825.162748160935,2.026315789473684,3.2,0.0
3439.681873064934,2.026315789473684,3.2,0.05263157894736842
2127.5497445115975,2.026315789473684,3.2,0.10526315789473684
1387.2033878985699,2.026315789473684,3.2,0.15789473684210525
956.9553073127574,2.026315789473684,3.2,0.21052631578947367
698.4293090406951,2.026315789473684,3.2,0.2631578947368421
537.3404786630326,2.026315789473684,3.2,0.3157894736842105
433.1184851595541,2.026315789473684,3.2,0.3684210526315789
363.16530863798937,2.026315789473684,3.2,0.42105263157894735
314.6063813134357,2.026315789473684,3.2,0.47368421052631576
279.91601190479753,2.026315789473684,3.2,0.5263157894736842
254.5667007515524,2.026315789473684,3.2,0.5789473684210527
235.74749741751634,2.026315789473684,3.2,0.631578947368421
221.64976878496842,2.026315789473684,3.2,0.6842105263157894
211.0701164842737,2.026315789473684,3.2,0.7368421052631579
203.18571176869517,2.026315789473684,3.2,0.7894736842105263
197.41312148533473,2.026315789473684,3.2,0.8421052631578947
193.32648647859025,2.026315789473684,3.2,0.894736842105263
190.60690627073993,2.026315789473684,3.2,0.9473684210526315
189.01170945546295,2.026315789473684,3.2,1.0
82.17983137286372,2.1315789473684212,2.2,0.0
63.300894992638334,2.1315789473684212,2.2,0.05263157894736842
52.307805039761845,2.1315789473684212,2.2,0.10526315789473684
46.22419589971289,2.1315789473684212,2.2,0.15789473684210525
43.07596873413029,2.1315789473684212,2.2,0.21052631578947367
41.8715678554391,2.1315789473684212,2.2,0.2631578947368421
42.021581275438784,2.1315789473684212,2.2,0.3157894736842105
43.14928433255457,2.1315789473684212,2.2,0.3684210526315789
45.044311917143666,2.1315789473684212,2.2,0.42105263157894735
47.566430457906456,2.1315789473684212,2.2,0.47368421052631576
50.56725928759343,2.1315789473684212,2.2,0.5263157894736842
53.93687346831744,2.1315789473684212,2.2,0.5789473684210527
57.59235435280814,2.1315789473684212,2.2,0.631578947368421
61.47012014439154,2.1315789473684212,2.2,0.6842105263157894
65.52072595358952,2.1315789473684212,2.2,0.7368421052631579
69.7052609725227,2.1315789473684212,2.2,0.7894736842105263
73.9928006139494,2.1315789473684212,2.2,0.8421052631578947
78.35856991743054,2.1315789473684212,2.2,0.894736842105263
82.78259606300452,2.1315789473684212,2.2,0.9473684210526315
87.24870363864268,2.1315789473684212,2.2,1.0
67.68243588377337,2.1315789473684212,2.2526315789473688,0.0
52.50469063636519,2.1315789473684212,2.2526315789473688,0.05263157894736842
43.95065987435192,2.1315789473684212,2.2526315789473688,0.10526315789473684
39.435526421431824,2.1315789473684212,2.2526315789473688,0.15789473684210525
37.37779056006016,2.1315789473684212,2.2526315789473688,0.21052631578947367
36.99246563718014,2.1315789473684212,2.2526315789473688,0.2631578947368421
37.781562926059884,2.1315789473684212,2.2526315789473688,0.3157894736842105
39.45307084989502,2.1315789473684212,2.2526315789473688,0.3684210526315789
41.843468100722404,2.1315789473684212,2.2526315789473688,0.42105263157894735
44.77887488385964,2.1315789473684212,2.2526315789473688,0.47368421052631576
48.129686967329924,2.1315789473684212,2.2526315789473688,0.5263157894736842
51.79960427127525,2.1315789473684212,2.2526315789473688,0.5789473684210527
55.71575223784315,2.1315789473684212,2.2526315789473688,0.631578947368421
59.822106852778695,2.1315789473684212,2.2526315789473688,0.6842105263157894
64.07501764685512,2.1315789473684212,2.2526315789473688,0.7368421052631579
68.4400924697791,2.1315789473684212,2.2526315789473688,0.7894736842105263
72.88998516863704,2.1315789473684212,2.2526315789473688,0.8421052631578947
77.40279438666946,2.1315789473684212,2.2526315789473688,0.894736842105263
81.96088427411867,2.1315789473684212,2.2526315789473688,0.9473684210526315
86.55000204473384,2.1315789473684212,2.2526315789473688,1.0
56.199023502067924,2.1315789473684212,2.305263157894737,0.0
43.78358630356247,2.1315789473684212,2.305263157894737,0.05263157894736842
37.05668175090011,2.1315789473684212,2.305263157894737,0.10526315789473684
33.691442595861695,2.1315789473684212,2.305263157894737,0.15789473684210525
32.48219545563974,2.1315789473684212,2.305263157894737,0.21052631578947367
32.746236201771964,2.1315789473684212,2.305263157894737,0.2631578947368421
34.07047422140724,2.1315789473684212,2.305263157894737,0.3157894736842105
36.238972540943934,2.1315789473684212,2.305263157894737,0.3684210526315789
39.04505572605387,2.1315789473684212,2.305263157894737,0.42105263157894735
42.33097209055108,2.1315789473684212,2.305263157894737,0.47368421052631576
45.98163021402008,2.1315789473684212,2.305263157894737,0.5263157894736842
49.91131397193282,2.1315789473684212,2.305263157894737,0.5789473684210527
54.0550314639841,2.1315789473684212,2.305263157894737,0.631578947368421
58.362744435283695,2.1315789473684212,2.305263157894737,0.6842105263157894
62.79542933627647,2.1315789473684212,2.305263157894737,0.7368421052631579
67.32232916522567,2.1315789473684212,2.305263157894737,0.7894736842105263
71.91899635762704,2.1315789473684212,2.305263157894737,0.8421052631578947
76.56587228419653,2.1315789473684212,2.305263157894737,0.894736842105263
81.24723814685714,2.1315789473684212,2.305263157894737,0.9473684210526315
85.95042788616483,2.1315789473684212,2.305263157894737,1.0
47.77689366457781,2.1315789473684212,2.3578947368421055,0.0
37.19920188657423,2.1315789473684212,2.3578947368421055,0.05263157894736842
31.649765846504884,2.1315789473684212,2.3578947368421055,0.10526315789473684
29.078847619391887,2.1315789473684212,2.3578947368421055,0.15789473684210525
28.472030930190215,2.1315789473684212,2.3578947368421055,0.21052631578947367
29.21967621575534,2.1315789473684212,2.3578947368421055,0.2631578947368421
31.004137983811383,2.1315789473684212,2.3578947368421055,0.3157894736842105
33.56650110716217,2.1315789473684212,2.3578947368421055,0.3684210526315789
36.70478102736663,2.1315789473684212,2.3578947368421055,0.42105263157894735
40.27507137123969,2.1315789473684212,2.3578947368421055,0.47368421052631576
44.17239159897501,2.1315789473684212,2.3578947368421055,0.5263157894736842
48.318550177409435,2.1315789473684212,2.3578947368421055,0.5789473684210527
52.65425599105391,2.1315789473684212,2.3578947368421055,0.631578947368421
57.13386313709308,2.1315789473684212,2.3578947368421055,0.6842105263157894
61.72178613773601,2.1315789473684212,2.3578947368421055,0.7368421052631579
66.38999905617086,2.1315789473684212,2.3578947368421055,0.7894736842105263
71.1162537424802,2.1315789473684212,2.3578947368421055,0.8421052631578947
75.88278559504992,2.1315789473684212,2.3578947368421055,0.894736842105263
80.67535672963398,2.1315789473684212,2.3578947368421055,0.9473684210526315
85.48253729434572,2.1315789473684212,2.3578947368421055,1.0
42.708863428641585,2.1315789473684212,2.4105263157894736,0.0
32.96818269207732,2.1315789473684212,2.4105263157894736,0.05263157894736842
27.92331783333011,2.1315789473684212,2.4105263157894736,0.10526315789473684
25.755362451952415,2.1315789473684212,2.4105263157894736,0.15789473684210525
25.48834277935704,2.1315789473684212,2.4105263157894736,0.21052631578947367
26.585888174112867,2.1315789473684212,2.4105263157894736,0.2631578947368421
28.691491656680945,2.1315789473684212,2.4105263157894736,0.3157894736842105
31.529675479727505,2.1315789473684212,2.4105263157894736,0.3684210526315789
34.90798106241518,2.1315789473684212,2.4105263157894736,0.42105263157894735
38.68929190458687,2.1315789473684212,2.4105263157894736,0.47368421052631576
42.77398533685598,2.1315789473684212,2.4105263157894736,0.5263157894736842
47.08809807736307,2.1315789473684212,2.4105263157894736,0.5789473684210527
51.57569057609538,2.1315789473684212,2.4105263157894736,0.631578947368421
56.19379275244556,2.1315789473684212,2.4105263157894736,0.6842105263157894
60.90897454357742,2.1315789473684212,2.4105263157894736,0.7368421052631579
65.69496345886655,2.1315789473684212,2.4105263157894736,0.7894736842105263
70.53095264093842,2.1315789473684212,2.4105263157894736,0.8421052631578947
75.40037473293623,2.1315789473684212,2.4105263157894736,0.894736842105263
80.28999687428195,2.1315789473684212,2.4105263157894736,0.9473684210526315
85.18924168823112,2.1315789473684212,2.4105263157894736,1.0
41.58583464700124,2.1315789473684212,2.463157894736842,0.0
31.447096513624416,2.1315789473684212,2.463157894736842,0.05263157894736842
26.192232816409856,2.1315789473684212,2.463157894736842,0.10526315789473684
23.976643968717728,2.1315789473684212,2.463157894736842,0.15789473684210525
23.78227653564007,2.1315789473684212,2.463157894736842,0.21052631578947367
25.028359645582306,2.1315789473684212,2.463157894736842,0.2631578947368421
27.284614063475253,2.1315789473684212,2.463157894736842,0.3157894736842105
30.265425560260145,2.1315789473684212,2.463157894736842,0.3684210526315789
33.77667201859616,2.1315789473684212,2.463157894736842,0.42105263157894735
37.683566335549315,2.1315789473684212,2.463157894736842,0.47368421052631576
41.88639661288556,2.1315789473684212,2.463157894736842,0.5263157894736842
46.3116120622679,2.1315789473684212,2.463157894736842,0.5789473684210527
50.903919602281135,2.1315789473684212,2.463157894736842,0.631578947368421
55.62105554451362,2.1315789473684212,2.463157894736842,0.6842105263157894
60.430276794497544,2.1315789473684212,2.463157894736842,0.7368421052631579
65.30594618165071,2.1315789473684212,2.463157894736842,0.7894736842105263
70.22783110983484,2.1315789473684212,2.463157894736842,0.8421052631578947
75.17987852205191,2.1315789473684212,2.463157894736842,0.894736842105263
80.14931536789804,2.1315789473684212,2.463157894736842,0.9473684210526315
85.12597646080613,2.1315789473684212,2.463157894736842,1.0
45.44981021711387,2.1315789473684212,2.515789473684211,0.0
33.33529225752868,2.1315789473684212,2.515789473684211,0.05263157894736842
26.95692059158925,2.1315789473684212,2.515789473684211,0.10526315789473684
24.13159728862689,2.1315789473684212,2.515789473684211,0.15789473684210525
23.66614796618092,2.1315789473684212,2.515789473684211,0.21052631578947367
24.77968877769249,2.1315789473684212,2.515789473684211,0.2631578947368421
26.98149907266363,2.1315789473684212,2.515789473684211,0.3157894736842105
29.952226354024628,2.1315789473684212,2.515789473684211,0.3684210526315789
33.47676033692311,2.1315789473684212,2.515789473684211,0.42105263157894735
37.40752012667994,2.1315789473684212,2.515789473684211,0.47368421052631576
41.64436842868097,2.1315789473684212,2.515789473684211,0.5263157894736842
46.111541116134156,2.1315789473684212,2.515789473684211,0.5789473684210527
50.751077653681406,2.1315789473684212,2.515789473684211,0.631578947368421
55.51902593235953,2.1315789473684212,2.515789473684211,0.6842105263157894
60.38155435931422,2.1315789473684212,2.515789473684211,0.7368421052631579
65.31231481341425,2.1315789473684212,2.515789473684211,0.7894736842105263
70.29060803608786,2.1315789473684212,2.515789473684211,0.8421052631578947
75.30024399091563,2.1315789473684212,2.515789473684211,0.894736842105263
80.3284518527974,2.1315789473684212,2.515789473684211,0.9473684210526315
85.36484753368714,2.1315789473684212,2.515789473684211,1.0
55.91382813429279,2.1315789473684212,2.568421052631579,0.0
39.73527693546665,2.1315789473684212,2.568421052631579,0.05263157894736842
30.992891266162854,2.1315789473684212,2.568421052631579,0.10526315789473684
26.827451551983064,2.1315789473684212,2.568421052631579,0.15789473684210525
25.557859408928742,2.1315789473684212,2.568421052631579,0.21052631578947367
26.171515817922945,2.1315789473684212,2.568421052631579,0.2631578947368421
28.051271795540355,2.1315789473684212,2.568421052631579,0.3157894736842105
30.812045688725902,2.1315789473684212,2.568421052631579,0.3684210526315789
34.20048071952382,2.1315789473684212,2.568421052631579,0.42105263157894735
38.04355997776952,2.1315789473684212,2.568421052631579,0.47368421052631576
42.221058139808754,2.1315789473684212,2.568421052631579,0.5263157894736842
46.647750859812355,2.1315789473684212,2.568421052631579,0.5789473684210527
51.263485404651384,2.1315789473684212,2.568421052631579,0.631578947368421
56.021805260917404,2.1315789473684212,2.568421052631579,0.6842105263157894
60.886620364214075,2.1315789473684212,2.568421052631579,0.7368421052631579
65.8296013988291,2.1315789473684212,2.568421052631579,0.7894736842105263
70.82819143619878,2.1315789473684212,2.568421052631579,0.8421052631578947
75.86458304310803,2.1315789473684212,2.568421052631579,0.894736842105263
80.9246935318508,2.1315789473684212,2.568421052631579,0.9473684210526315
85.99737488683563,2.1315789473684212,2.568421052631579,1.0
75.50498887978821,2.1315789473684212,2.6210526315789475,0.0
52.29780005552308,2.1315789473684212,2.6210526315789475,0.05263157894736842
39.47815148876077,2.1315789473684212,2.6210526315789475,0.10526315789473684
32.86446588708947,2.1315789473684212,2.6210526315789475,0.15789473684210525
30.059375730125236,2.1315789473684212,2.6210526315789475,0.21052631578947367
29.674289167217292,2.1315789473684212,2.6210526315789475,0.2631578947368421
30.881042319418448,2.1315789473684212,2.6210526315789475,0.3157894736842105
33.16973639553939,2.1315789473684212,2.6210526315789475,0.3684210526315789
36.21923169027199,2.1315789473684212,2.6210526315789475,0.42105263157894735
39.81598014604887,2.1315789473684212,2.6210526315789475,0.47368421052631576
43.81204479484709,2.1315789473684212,2.6210526315789475,0.5263157894736842
48.10359829924325,2.1315789473684212,2.6210526315789475,0.5789473684210527
52.61614868847305,2.1315789473684212,2.6210526315789475,0.631578947368421
57.29648068724781,2.1315789473684212,2.6210526315789475,0.6842105263157894
62.104364816301214,2.1315789473684212,2.6210526315789475,0.7368421052631579
67.00673314840374,2.1315789473684212,2.6210526315789475,0.7894736842105263
71.97829444246506,2.1315789473684212,2.6210526315789475,0.8421052631578947
77.00029932160126,2.1315789473684212,2.6210526315789475,0.894736842105263
82.05679046892458,2.1315789473684212,2.6210526315789475,0.9473684210526315
87.13502918653586,2.1315789473684212,2.6210526315789475,1.0
108.1039669395319,2.1315789473684212,2.673684210526316,0.0
73.51752318134568,2.1315789473684212,2.673684210526316,0.05263157894736842
54.04473835074197,2.1315789473684212,2.673684210526316,0.10526315789473684
43.37955640215918,2.1315789473684212,2.673684210526316,0.15789473684210525
38.011144109672095,2.1315789473684212,2.673684210526316,0.21052631578947367
35.93867358608211,2.1315789473684212,2.673684210526316,0.2631578947368421
35.990590422656524,2.1315789473684212,2.673684210526316,0.3157894736842105
37.45993364051201,2.1315789473684212,2.673684210526316,0.3684210526315789
39.90595564056226,2.1315789473684212,2.673684210526316,0.42105263157894735
43.04767559874486,2.1315789473684212,2.673684210526316,0.47368421052631576
46.696721268659736,2.1315789473684212,2.673684210526316,0.5263157894736842
50.72033805055346,2.1315789473684212,2.673684210526316,0.5789473684210527
55.02392114559934,2.1315789473684212,2.673684210526316,0.631578947368421
59.53850047093712,2.1315789473684212,2.673684210526316,0.6842105263157894
64.21280617917773,2.1315789473684212,2.673684210526316,0.7368421052631579
69.01045344614917,2.1315789473684212,2.673684210526316,0.7894736842105263
73.90149407724634,2.1315789473684212,2.673684210526316,0.8421052631578947
78.86160208191,2.1315789473684212,2.673684210526316,0.894736842105263
83.8716736044099,2.1315789473684212,2.673684210526316,0.9473684210526315
88.91664411411199,2.1315789473684212,2.673684210526316,1.0
159.58884960339384,2.1315789473684212,2.7263157894736842,0.0
107.04166216066432,2.1315789473684212,2.7263157894736842,0.05263157894736842
77.0450116250217,2.1315789473684212,2.7263157894736842,0.10526315789473684
59.988563979358126,2.1315789473684212,2.7263157894736842,0.15789473684210525
50.583327368676805,2.1315789473684212,2.7263157894736842,0.21052631578947367
45.85401756245557,2.1315789473684212,2.7263157894736842,0.2631578947368421
44.08443544039026,2.1315789473684212,2.7263157894736842,0.3157894736842105
44.256256696004904,2.1315789473684212,2.7263157894736842,0.3684210526315789
45.74680534531676,2.1315789473684212,2.7263157894736842,0.42105263157894735
48.16195903286367,2.1315789473684212,2.7263157894736842,0.47368421052631576
51.246079528388734,2.1315789473684212,2.7263157894736842,0.5263157894736842
54.82499063524861,2.1315789473684212,2.7263157894736842,0.5789473684210527
58.77387298577943,2.1315789473684212,2.7263157894736842,0.631578947368421
63.00298800560267,2.1315789473684212,2.7263157894736842,0.6842105263157894
67.44618996813814,2.1315789473684212,2.7263157894736842,0.7368421052631579
72.05368790391796,2.1315789473684212,2.7263157894736842,0.7894736842105263
76.78808052262895,2.1315789473684212,2.7263157894736842,0.8421052631578947
81.62228603370872,2.1315789473684212,2.7263157894736842,0.894736842105263
86.53211130139536,2.1315789473684212,2.7263157894736842,0.9473684210526315
91.49643589854743,2.1315789473684212,2.7263157894736842,1.0
238.84463454627468,2.1315789473684212,2.778947368421053,0.0
158.23308019225072,2.1315789473684212,2.778947368421053,0.05263157894736842
111.89998694029562,2.1315789473684212,2.778947368421053,0.10526315789473684
84.99194801473811,2.1315789473684212,2.778947368421053,0.15789473684210525
69.40733596522746,2.1315789473684212,2.778947368421053,0.21052631578947367
60.636493984027446,2.1315789473684212,2.778947368421053,0.2631578947368421
56.11049171577336,2.1315789473684212,2.778947368421053,0.3157894736842105
54.326728667446915,2.1315789473684212,2.778947368421053,0.3684210526315789
54.378816292776605,2.1315789473684212,2.778947368421053,0.42105263157894735
55.702413595460506,2.1315789473684212,2.778947368421053,0.47368421052631576
57.93399093589512,2.1315789473684212,2.778947368421053,0.5263157894736842
60.83389284636989,2.1315789473684212,2.778947368421053,0.5789473684210527
64.23661089502768,2.1315789473684212,2.778947368421053,0.631578947368421
68.02132581173224,2.1315789473684212,2.778947368421053,0.6842105263157894
72.09997898803343,2.1315789473684212,2.778947368421053,0.7368421052631579
76.4068872017543,2.1315789473684212,2.778947368421053,0.7894736842105263
80.89124841804077,2.1315789473684212,2.778947368421053,0.8421052631578947
85.51284997651328,2.1315789473684212,2.778947368421053,0.894736842105263
90.24281581913147,2.1315789473684212,2.778947368421053,0.9473684210526315
95.05866219507892,2.1315789473684212,2.778947368421053,1.0
359.21549599521404,2.1315789473684212,2.8315789473684214,0.0
235.05489942364474,2.1315789473684212,2.8315789473684214,0.05263157894736842
163.58700225914956,2.1315789473684212,2.8315789473684214,0.10526315789473684
121.66361740519318,2.1315789473684212,2.8315789473684214,0.15789473684210525
96.75392270343616,2.1315789473684212,2.8315789473684214,0.21052631578947367
81.94540403540371,2.1315789473684212,2.8315789473684214,0.2631578947368421
73.33922851735286,2.1315789473684212,2.8315789473684214,0.3157894736842105
68.68093719945091,2.1315789473684212,2.8315789473684214,0.3684210526315789
66.62964644591949,2.1315789473684212,2.8315789473684214,0.42105263157894735
66.36259143798944,2.1315789473684212,2.8315789473684214,0.47368421052631576
67.35779867333468,2.1315789473684212,2.8315789473684214,0.5263157894736842
69.2725340314317,2.1315789473684212,2.8315789473684214,0.5789473684210527
71.87635743756053,2.1315789473684212,2.8315789473684214,0.631578947368421
75.00772093647964,2.1315789473684212,2.8315789473684214,0.6842105263157894
78.54505939123058,2.1315789473684212,2.8315789473684214,0.7368421052631579
82.39895162523871,2.1315789473684212,2.8315789473684214,0.7894736842105263
86.50213195430076,2.1315789473684212,2.8315789473684214,0.8421052631578947
90.80282361081082,2.1315789473684212,2.8315789473684214,0.894736842105263
95.26058648278647,2.1315789473684212,2.8315789473684214,0.9473684210526315
99.8435541442124,2.1315789473684212,2.8315789473684214,1.0
540.9250238859213,2.1315789473684212,2.8842105263157896,0.0
349.3656540068504,2.1315789473684212,2.8842105263157896,0.05263157894736842
239.35888869075038,2.1315789473684212,2.8842105263157896,0.10526315789473684
174.65653124384818,2.1315789473684212,2.8842105263157896,0.15789473684210525
135.7644894752865,2.1315789473684212,2.8842105263157896,0.21052631578947367
112.00925122481681,2.1315789473684212,2.8842105263157896,0.2631578947368421
97.42556525155473,2.1315789473684212,2.8842105263157896,0.3157894736842105
88.5999108117329,2.1315789473684212,2.8842105263157896,0.3684210526315789
83.52583686340263,2.1315789473684212,2.8842105263157896,0.42105263157894735
80.9881222120626,2.1315789473684212,2.8842105263157896,0.47368421052631576
80.22644019268844,2.1315789473684212,2.8842105263157896,0.5263157894736842
80.74761689423076,2.1315789473684212,2.8842105263157896,0.5789473684210527
82.2209356047866,2.1315789473684212,2.8842105263157896,0.631578947368421
84.41985047319223,2.1315789473684212,2.8842105263157896,0.6842105263157894
87.18324350723918,2.1315789473684212,2.8842105263157896,0.7368421052631579
90.38912829203693,2.1315789473684212,2.8842105263157896,0.7894736842105263
93.945917818332,2.1315789473684212,2.8842105263157896,0.8421052631578947
97.78352415880414,2.1315789473684212,2.8842105263157896,0.894736842105263
101.84742544714916,2.1315789473684212,2.8842105263157896,0.9473684210526315
106.0946453844139,2.1315789473684212,2.8842105263157896,1.0
814.8967153774898,2.1315789473684212,2.936842105263158,0.0
519.069282498084,2.1315789473684212,2.936842105263158,0.05263157894736842
350.009608628426,2.1315789473684212,2.936842105263158,0.10526315789473684
250.78578850926738,2.1315789473684212,2.936842105263158,0.15789473684210525
190.9613647471783,2.1315789473684212,2.936842105263158,0.21052631578947367
153.98676484321592,2.1315789473684212,2.936842105263158,0.2631578947368421
130.68668565795156,2.1315789473684212,2.936842105263158,0.3157894736842105
115.85933597921805,2.1315789473684212,2.936842105263158,0.3684210526315789
106.47865521025824,2.1315789473684212,2.936842105263158,0.42105263157894735
100.73328995399807,2.1315789473684212,2.936842105263158,0.47368421052631576
97.5046960864532,2.1315789473684212,2.936842105263158,0.5263157894736842
96.07831020658485,2.1315789473684212,2.936842105263158,0.5789473684210527
95.98162717731016,2.1315789473684212,2.936842105263158,0.631578947368421
96.89141051204575,2.1315789473684212,2.936842105263158,0.6842105263157894
98.58108853697202,2.1315789473684212,2.936842105263158,0.7368421052631579
100.88715888025581,2.1315789473684212,2.936842105263158,0.7894736842105263
103.68382055929055,2.1315789473684212,2.936842105263158,0.8421052631578947
106.87527780378916,2.1315789473684212,2.936842105263158,0.894736842105263
110.38736021683764,2.1315789473684212,2.936842105263158,0.9473684210526315
114.16178350996483,2.1315789473684212,2.936842105263158,1.0
1228.4589769399631,2.1315789473684212,2.9894736842105267,0.0
771.2055775401976,2.1315789473684212,2.9894736842105267,0.05263157894736842
511.5771494885858,2.1315789473684212,2.9894736842105267,0.10526315789473684
359.9898678710094,2.1315789473684212,2.9894736842105267,0.15789473684210525
268.81209761505926,2.1315789473684212,2.9894736842105267,0.21052631578947367
212.3067358159344,2.1315789473684212,2.9894736842105267,0.2631578947368421
176.30928052682572,2.1315789473684212,2.9894736842105267,0.3157894736842105
152.857421762037,2.1315789473684212,2.9894736842105267,0.3684210526315789
137.3654294097258,2.1315789473684212,2.9894736842105267,0.42105263157894735
127.1187241750789,2.1315789473684212,2.9894736842105267,0.47368421052631576
120.46063273522437,2.1315789473684212,2.9894736842105267,0.5263157894736842
116.34628400917036,2.1315789473684212,2.9894736842105267,0.5789473684210527
114.09368264110267,2.1315789473684212,2.9894736842105267,0.631578947368421
113.24213199653627,2.1315789473684212,2.9894736842105267,0.6842105263157894
113.4699844352971,2.1315789473684212,2.9894736842105267,0.7368421052631579
114.54718478294177,2.1315789473684212,2.9894736842105267,0.7894736842105263
116.30534089960953,2.1315789473684212,2.9894736842105267,0.8421052631578947
118.6130253283182,2.1315789473684212,2.9894736842105267,0.894736842105263
121.36880021723337,2.1315789473684212,2.9894736842105267,0.9473684210526315
124.49251677265991,2.1315789473684212,2.9894736842105267,1.0
1854.2823581096554,2.1315789473684212,3.042105263157895,0.0
1146.771876766606,2.1315789473684212,3.042105263157895,0.05263157894736842
748.008084651586,2.1315789473684212,3.042105263157895,0.10526315789473684
516.8418537746496,2.1315789473684212,3.042105263157895,0.15789473684210525
378.60677345384477,2.1315789473684212,3.042105263157895,0.21052631578947367
293.1951934624491,2.1315789473684212,3.042105263157895,0.2631578947368421
238.68287797054361,2.1315789473684212,3.042105263157895,0.3157894736842105
202.84227107510387,2.1315789473684212,3.042105263157895,0.3684210526315789
178.69494405587966,2.1315789473684212,3.042105263157895,0.42105263157894735
162.15242048689478,2.1315789473684212,3.042105263157895,0.47368421052631576
150.74801622639075,2.1315789473684212,3.042105263157895,0.5263157894736842
142.9450410340977,2.1315789473684212,3.042105263157895,0.5789473684210527
137.75317945520263,2.1315789473684212,3.042105263157895,0.631578947368421
134.5118389031337,2.1315789473684212,3.042105263157895,0.6842105263157894
132.76527506835865,2.1315789473684212,3.042105263157895,0.7368421052631579
132.1889747759038,2.1315789473684212,3.042105263157895,0.7894736842105263
132.54634675194976,2.1315789473684212,3.042105263157895,0.8421052631578947
133.66183287053775,2.1315789473684212,3.042105263157895,0.894736842105263
135.3943162213739,2.1315789473684212,3.042105263157895,0.9473684210526315
137.63046070060844,2.1315789473684212,3.042105263157895,1.0
2804.282405819347,2.1315789473684212,3.094736842105263,0.0
1708.1853913222092,2.1315789473684212,3.094736842105263,0.05263157894736842
1095.2493221184354,2.1315789473684212,3.094736842105263,0.10526315789473684
742.8554744208886,2.1315789473684212,3.094736842105263,0.15789473684210525
533.8071056848137,2.1315789473684212,3.094736842105263,0.21052631578947367
405.4971735056549,2.1315789473684212,3.094736842105263,0.2631578947368421
323.91963994166076,2.1315789473684212,3.094736842105263,0.3157894736842105
270.2481573528897,2.1315789473684212,3.094736842105263,0.3684210526315789
233.82957273039193,2.1315789473684212,3.094736842105263,0.42105263157894735
208.4830890233361,2.1315789473684212,3.094736842105263,0.47368421052631576
190.5202262021132,2.1315789473684212,3.094736842105263,0.5263157894736842
177.67034216406682,2.1315789473684212,3.094736842105263,0.5789473684210527
168.48831623498452,2.1315789473684212,3.094736842105263,0.631578947368421
162.02225158791092,2.1315789473684212,3.094736842105263,0.6842105263157894
157.62336985814125,2.1315789473684212,3.094736842105263,0.7368421052631579
154.83486689041558,2.1315789473684212,3.094736842105263,0.7894736842105263
153.32532351024636,2.1315789473684212,3.094736842105263,0.8421052631578947
152.84402044462215,2.1315789473684212,3.094736842105263,0.894736842105263
153.20335609200097,2.1315789473684212,3.094736842105263,0.9473684210526315
154.2564611372768,2.1315789473684212,3.094736842105263,1.0
4251.334189901478,2.1315789473684212,3.1473684210526316,0.0
2550.868560512554,2.1315789473684212,3.1473684210526316,0.05263157894736842
1607.5562945761294,2.1315789473684212,3.1473684210526316,0.10526315789473684
1070.0008016789384,2.1315789473684212,3.1473684210526316,0.15789473684210525
754.0556811644617,2.1315789473684212,3.1473684210526316,0.21052631578947367
561.8603322822786,2.1315789473684212,3.1473684210526316,0.2631578947368421
440.57789587810436,2.1315789473684212,3.1473684210526316,0.3157894736842105
361.1593135714825,2.1315789473684212,3.1473684210526316,0.3684210526315789
307.29839232637863,2.1315789473684212,3.1473684210526316,0.42105263157894735
269.62153083744573,2.1315789473684212,3.1473684210526316,0.47368421052631576
242.59301330413027,2.1315789473684212,3.1473684210526316,0.5263157894736842
222.84403457161568,2.1315789473684212,3.1473684210526316,0.5789473684210527
208.25671704935192,2.1315789473684212,3.1473684210526316,0.631578947368421
197.4534686209365,2.1315789473684212,3.1473684210526316,0.6842105263157894
189.50691533891623,2.1315789473684212,3.1473684210526316,0.7368421052631579
183.77095159782502,2.1315789473684212,3.1473684210526316,0.7894736842105263
179.7761679707532,2.1315789473684212,3.1473684210526316,0.8421052631578947
177.17983699828142,2.1315789473684212,3.1473684210526316,0.894736842105263
175.72477171146514,2.1315789473684212,3.1473684210526316,0.9473684210526315
175.2153425645098,2.1315789473684212,3.1473684210526316,1.0
6463.1545575641185,2.1315789473684212,3.2,0.0
3821.1902488237865,2.1315789473684212,3.2,0.05263157894736842
2367.1685197953016,2.1315789473684212,3.2,0.10526315789473684
1546.0381969789137,2.1315789473684212,3.2,0.15789473684210525
1068.1969276380978,2.1315789473684212,3.2,0.21052631578947367
780.5012510886454,2.1315789473684212,3.2,0.2631578947368421
600.7334877898162,2.1315789473684212,3.2,0.3157894736842105
483.9865854294889,2.1315789473684212,3.2,0.3684210526315789
405.24341797679267,2.1315789473684212,3.2,0.42105263157894735
350.2483233648193,2.1315789473684212,3.2,0.47368421052631576
310.6659594225843,2.1315789473684212,3.2,0.5263157894736842
281.4798336477701,2.1315789473684212,3.2,0.5789473684210527
259.57386842522715,2.1315789473684212,3.2,0.631578947368421
242.94640091132126,2.1315789473684212,3.2,0.6842105263157894
230.2645927579182,2.1315789473684212,3.2,0.7368421052631579
220.60747927317774,2.1315789473684212,3.2,0.7894736842105263
213.32581939253035,2.1315789473684212,3.2,0.8421052631578947
207.9455642008247,2.1315789473684212,3.2,0.894736842105263
204.11135422261188,2.1315789473684212,3.2,0.9473684210526315
201.55130550627325,2.1315789473684212,3.2,1.0
84.64322400688538,2.236842105263158,2.2,0.0
64.36996127585934,2.236842105263158,2.2,0.05263157894736842
52.40076294343568,2.236842105263158,2.2,0.10526315789473684
45.62313201030287,2.236842105263158,2.2,0.15789473684210525
41.96843615658515,2.236842105263158,2.2,0.21052631578947367
40.36817987685931,2.236842105263158,2.2,0.2631578947368421
40.20188532931115,2.236842105263158,2.2,0.3157894736842105
41.0681645838072,2.236842105263158,2.2,0.3684210526315789
42.71568513068622,2.236842105263158,2.2,0.42105263157894735
45.020486595475056,2.236842105263158,2.2,0.47368421052631576
47.83748711419947,2.236842105263158,2.2,0.5263157894736842
51.05080839924933,2.236842105263158,2.2,0.5789473684210527
54.572997842826936,2.236842105263158,2.2,0.631578947368421
58.33696129200696,2.236842105263158,2.2,0.6842105263157894
62.29049305857747,2.236842105263158,2.2,0.7368421052631579
66.39248566186126,2.236842105263158,2.2,0.7894736842105263
70.61024913112128,2.236842105263158,2.2,0.8421052631578947
74.91757841621735,2.236842105263158,2.2,0.894736842105263
79.29333527382694,2.236842105263158,2.2,0.9473684210526315
83.72039071649982,2.236842105263158,2.2,1.0
69.59469304040434,2.236842105263158,2.2526315789473688,0.0
53.17489020806763,2.236842105263158,2.2526315789473688,0.05263157894736842
43.7410797634738,2.236842105263158,2.2526315789473688,0.10526315789473684
38.60926891345878,2.236842105263158,2.2526315789473688,0.15789473684210525
36.084510105028556,2.236842105263158,2.2526315789473688,0.21052631578947367
35.33231669819816,2.236842105263158,2.2526315789473688,0.2631578947368421
35.824397274758724,2.236842105263158,2.2526315789473688,0.3157894736842105
37.229152346605346,2.236842105263158,2.2526315789473688,0.3684210526315789
39.37922777093375,2.236842105263158,2.2526315789473688,0.42105263157894735
42.11278830326318,2.236842105263158,2.2526315789473688,0.47368421052631576
45.293011113116805,2.236842105263158,2.2526315789473688,0.5263157894736842
48.81818018705863,2.236842105263158,2.2526315789473688,0.5789473684210527
52.611278285115354,2.236842105263158,2.2526315789473688,0.631578947368421
56.61305963017253,2.236842105263158,2.2526315789473688,0.6842105263157894
60.77733284402106,2.236842105263158,2.2526315789473688,0.7368421052631579
65.06767844573096,2.236842105263158,2.2526315789473688,0.7894736842105263
69.45511749457219,2.236842105263158,2.2526315789473688,0.8421052631578947
73.91642401143272,2.236842105263158,2.2526315789473688,0.894736842105263
78.4328818800187,2.236842105263158,2.2526315789473688,0.9473684210526315
82.98935449696148,2.236842105263158,2.2526315789473688,1.0
57.79621805004929,2.236842105263158,2.305263157894737,0.0
44.22984200740804,2.236842105263158,2.305263157894737,0.05263157894736842
36.69367843538479,2.236842105263158,2.305263157894737,0.10526315789473684
32.751649463183185,2.236842105263158,2.305263157894737,0.15789473684210525
31.09724741133806,2.236842105263158,2.305263157894737,0.21052631578947367
31.009505753994574,2.236842105263158,2.305263157894737,0.2631578947368421
32.03401151438433,2.236842105263158,2.305263157894737,0.3157894736842105
33.92833891949691,2.236842105263158,2.305263157894737,0.3684210526315789
36.50612010608649,2.236842105263158,2.305263157894737,0.42105263157894735
39.60042507869891,2.236842105263158,2.305263157894737,0.47368421052631576
43.08940917144758,2.236842105263158,2.305263157894737,0.5263157894736842
46.882275320224274,2.236842105263158,2.305263157894737,0.5789473684210527
50.91013433817972,2.236842105263158,2.305263157894737,0.631578947368421
55.11990906291003,2.236842105263158,2.305263157894737,0.6842105263157894
59.47017359331021,2.236842105263158,2.305263157894737,0.7368421052631579
63.928250337556996,2.236842105263158,2.305263157894737,0.7894736842105263
68.46814252934865,2.236842105263158,2.305263157894737,0.8421052631578947
73.06903344572369,2.236842105263158,2.305263157894737,0.894736842105263
77.71417784492074,2.236842105263158,2.305263157894737,0.9473684210526315
82.39007011564219,2.236842105263158,2.305263157894737,1.0
49.32661884613565,2.236842105263158,2.3578947368421055,0.0
37.62171337914191,2.236842105263158,2.3578947368421055,0.05263157894736842
31.293942615858704,2.236842105263158,2.3578947368421055,0.10526315789473684
28.15116713000239,2.236842105263158,2.3578947368421055,0.15789473684210525
27.104816262324604,2.236842105263158,2.3578947368421055,0.21052631578947367
27.49586501178391,2.236842105263158,2.3578947368421055,0.2631578947368421
28.954468153628003,2.236842105263158,2.3578947368421055,0.3157894736842105
31.24795029263504,2.236842105263158,2.3578947368421055,0.3684210526315789
34.16258612223472,2.236842105263158,2.3578947368421055,0.42105263157894735
37.54548048278296,2.236842105263158,2.3578947368421055,0.47368421052631576
41.28504572961663,2.236842105263158,2.3578947368421055,0.5263157894736842
45.29812031729408,2.236842105263158,2.3578947368421055,0.5789473684210527
49.52159949674616,2.236842105263158,2.3578947368421055,0.631578947368421
53.90686155353182,2.236842105263158,2.3578947368421055,0.6842105263157894
58.415966512409405,2.236842105263158,2.3578947368421055,0.7368421052631579
63.01900451404294,2.236842105263158,2.3578947368421055,0.7894736842105263
67.69220671900528,2.236842105263158,2.3578947368421055,0.8421052631578947
72.41657303020264,2.236842105263158,2.3578947368421055,0.894736842105263
77.17685745290461,2.236842105263158,2.3578947368421055,0.9473684210526315
81.96080586426595,2.236842105263158,2.3578947368421055,1.0
44.51606270236676,2.236842105263158,2.4105263157894736,0.0
33.60244134573761,2.236842105263158,2.4105263157894736,0.05263157894736842
27.755460295538565,2.236842105263158,2.4105263157894736,0.10526315789473684
24.99250163473532,2.236842105263158,2.4105263157894736,0.15789473684210525
24.263893041276262,2.236842105263158,2.4105263157894736,0.21052631578947367
24.959381005554853,2.236842105263158,2.4105263157894736,0.2631578947368421
26.733380479585016,2.236842105263158,2.4105263157894736,0.3157894736842105
29.29711151080494,2.236842105263158,2.4105263157894736,0.3684210526315789
32.447662093452855,2.236842105263158,2.4105263157894736,0.42105263157894735
36.03861166933408,2.236842105263158,2.4105263157894736,0.47368421052631576
39.96349692633211,2.236842105263158,2.4105263157894736,0.5263157894736842
44.14323028089967,2.236842105263158,2.4105263157894736,0.5789473684210527
48.51795139137118,2.236842105263158,2.4105263157894736,0.631578947368421
53.04163645322598,2.236842105263158,2.4105263157894736,0.6842105263157894
57.6784420494245,2.236842105263158,2.4105263157894736,0.7368421052631579
62.400165988671496,2.236842105263158,2.4105263157894736,0.7894736842105263
67.18444439235488,2.236842105263158,2.4105263157894736,0.8421052631578947
72.013445223168,2.236842105263158,2.4105263157894736,0.894736842105263
76.87290394981305,2.236842105263158,2.4105263157894736,0.9473684210526315
81.75139993588229,2.236842105263158,2.4105263157894736,1.0
44.04603974537641,2.236842105263158,2.463157894736842,0.0
32.591523818025344,2.236842105263158,2.463157894736842,0.05263157894736842
26.429224945113823,2.236842105263158,2.463157894736842,0.10526315789473684
23.550651084898277,2.236842105263158,2.463157894736842,0.15789473684210525
22.82279128408295,2.236842105263158,2.463157894736842,0.21052631578947367
23.63332507955875,2.236842105263158,2.463157894736842,0.2631578947368421
25.539029438007365,2.236842105263158,2.463157894736842,0.3157894736842105
28.230976123839273,2.236842105263158,2.463157894736842,0.3684210526315789
31.501021423640296,2.236842105263158,2.463157894736842,0.42105263157894735
35.205759077309494,2.236842105263158,2.463157894736842,0.47368421052631576
39.23938987156789,2.236842105263158,2.463157894736842,0.5263157894736842
43.52275152024834,2.236842105263158,2.463157894736842,0.5789473684210527
47.99628531821735,2.236842105263158,2.463157894736842,0.631578947368421
52.614421365793554,2.236842105263158,2.463157894736842,0.6842105263157894
57.341812851066685,2.236842105263158,2.463157894736842,0.7368421052631579
62.150745861187964,2.236842105263158,2.463157894736842,0.7894736842105263
67.0193149883418,2.236842105263158,2.463157894736842,0.8421052631578947
71.93010995365404,2.236842105263158,2.463157894736842,0.894736842105263
76.86925126737023,2.236842105263158,2.463157894736842,0.9473684210526315
81.82566962519083,2.236842105263158,2.463157894736842,1.0
49.08392239018758,2.236842105263158,2.515789473684211,0.0
35.36618855496972,2.236842105263158,2.515789473684211,0.05263157894736842
27.888220760793434,2.236842105263158,2.515789473684211,0.10526315789473684
24.253847254535906,2.236842105263158,2.515789473684211,0.15789473684210525
23.155555412126493,2.236842105263158,2.515789473684211,0.21052631578947367
23.77749185678208,2.236842105263158,2.515789473684211,0.2631578947368421
25.586312513613194,2.236842105263158,2.515789473684211,0.3157894736842105
28.238553674760904,2.236842105263158,2.515789473684211,0.3684210526315789
31.501419695333087,2.236842105263158,2.515789473684211,0.42105263157894735
35.214732301607825,2.236842105263158,2.515789473684211,0.47368421052631576
39.26589518531991,2.236842105263158,2.515789473684211,0.5263157894736842
43.57603178989375,2.236842105263158,2.515789473684211,0.5789473684210527
48.084314835102845,2.236842105263158,2.515789473684211,0.631578947368421
52.74304029968993,2.236842105263158,2.515789473684211,0.6842105263157894
57.51541429964852,2.236842105263158,2.515789473684211,0.7368421052631579
62.372736196291676,2.236842105263158,2.515789473684211,0.7894736842105263
67.29241760462855,2.236842105263158,2.515789473684211,0.8421052631578947
72.25657176693242,2.236842105263158,2.515789473684211,0.894736842105263
77.25098723576127,2.236842105263158,2.515789473684211,0.9473684210526315
82.26436672697676,2.236842105263158,2.515789473684211,1.0
61.44272665167701,2.236842105263158,2.568421052631579,0.0
43.1534427839422,2.236842105263158,2.568421052631579,0.05263157894736842
32.98789133440666,2.236842105263158,2.568421052631579,0.10526315789473684
27.782414573923365,2.236842105263158,2.568421052631579,0.15789473684210525
25.745409459895523,2.236842105263158,2.568421052631579,0.21052631578947367
25.772452431153134,2.236842105263158,2.568421052631579,0.2631578947368421
27.19075360260809,2.236842105263158,2.568421052631579,0.3157894736842105
29.57895280064054,2.236842105263158,2.568421052631579,0.3684210526315789
32.66332039875257,2.236842105263158,2.568421052631579,0.42105263157894735
36.25546056045233,2.236842105263158,2.568421052631579,0.47368421052631576
40.224360469641525,2.236842105263158,2.568421052631579,0.5263157894736842
44.476300854552555,2.236842105263158,2.568421052631579,0.5789473684210527
48.94455520617122,2.236842105263158,2.568421052631579,0.631578947368421
53.57901415678688,2.236842105263158,2.568421052631579,0.6842105263157894
58.33951735794885,2.236842105263158,2.568421052631579,0.7368421052631579
63.19633880491702,2.236842105263158,2.568421052631579,0.7894736842105263
68.12522447125409,2.236842105263158,2.568421052631579,0.8421052631578947
73.10668925675621,2.236842105263158,2.568421052631579,0.894736842105263
78.12529704948703,2.236842105263158,2.568421052631579,0.9473684210526315
83.16880295699974,2.236842105263158,2.568421052631579,1.0
83.90642399092924,2.236842105263158,2.6210526315789475,0.0
57.78347703756692,2.236842105263158,2.6210526315789475,0.05263157894736842
43.011475985728254,2.236842105263158,2.6210526315789475,0.10526315789473684
35.04568276316429,2.236842105263158,2.6210526315789475,0.15789473684210525
31.264289439553032,2.236842105263158,2.6210526315789475,0.21052631578947367
30.146171652381156,2.236842105263158,2.6210526315789475,0.2631578947368421
30.784466121014933,2.236842105263158,2.6210526315789475,0.3157894736842105
32.620946971103876,2.236842105263158,2.6210526315789475,0.3684210526315789
35.302239445532386,2.236842105263158,2.6210526315789475,0.42105263157894735
38.59667601896587,2.236842105263158,2.6210526315789475,0.47368421052631576
42.342333346976424,2.236842105263158,2.6210526315789475,0.5263157894736842
46.425375385347195,2.236842105263158,2.6210526315789475,0.5789473684210527
50.76358955183252,2.236842105263158,2.6210526315789475,0.631578947368421
55.29638072427776,2.236842105263158,2.6210526315789475,0.6842105263157894
59.98060193895848,2.236842105263158,2.6210526315789475,0.7368421052631579
64.78100068809698,2.236842105263158,2.6210526315789475,0.7894736842105263
69.66932927256667,2.236842105263158,2.6210526315789475,0.8421052631578947
74.62343287842263,2.236842105263158,2.6210526315789475,0.894736842105263
79.6249667844551,2.236842105263158,2.6210526315789475,0.9473684210526315
84.65968462365176,2.236842105263158,2.6210526315789475,1.0
120.76374425829141,2.236842105263158,2.673684210526316,0.0
81.98106280706202,2.236842105263158,2.673684210526316,0.05263157894736842
59.79861471740652,2.236842105263158,2.673684210526316,0.10526315789473684
47.30623385532325,2.236842105263158,2.673684210526316,0.15789473684210525
40.647164302892776,2.236842105263158,2.673684210526316,0.21052631578947367
37.62381967737101,2.236842105263158,2.673684210526316,0.2631578947368421
36.94959417560406,2.236842105263158,2.673684210526316,0.3157894736842105
37.84811920760549,2.236842105263158,2.673684210526316,0.3684210526315789
39.83530786227211,2.236842105263158,2.673684210526316,0.42105263157894735
42.60060976491804,2.236842105263158,2.673684210526316,0.47368421052631576
45.93821438438727,2.236842105263158,2.673684210526316,0.5263157894736842
49.70192117766498,2.236842105263158,2.673684210526316,0.5789473684210527
53.78768385560762,2.236842105263158,2.673684210526316,0.631578947368421
58.11957894194809,2.236842105263158,2.673684210526316,0.6842105263157894
62.64092667459801,2.236842105263158,2.673684210526316,0.7368421052631579
67.30941746929835,2.236842105263158,2.673684210526316,0.7894736842105263
72.09249891850462,2.236842105263158,2.673684210526316,0.8421052631578947
76.96258145711306,2.236842105263158,2.673684210526316,0.894736842105263
81.8982744820277,2.236842105263158,2.673684210526316,0.9473684210526315
86.88267986359945,2.236842105263158,2.673684210526316,1.0
178.48127291344667,2.236842105263158,2.7263157894736842,0.0
119.804203259018,2.236842105263158,2.7263157894736842,0.05263157894736842
85.95263843744797,2.236842105263158,2.7263157894736842,0.10526315789473684
66.35478256686805,2.236842105263158,2.7263157894736842,0.15789473684210525
55.1928065579024,2.236842105263158,2.7263157894736842,0.21052631578947367
49.193987332710535,2.236842105263158,2.7263157894736842,0.2631578947368421
46.470466696619056,2.236842105263158,2.7263157894736842,0.3157894736842105
45.90189386655912,2.236842105263158,2.7263157894736842,0.3684210526315789
46.8022271011349,2.236842105263158,2.7263157894736842,0.42105263157894735
48.7370356223419,2.236842105263158,2.7263157894736842,0.47368421052631576
51.42312053934924,2.236842105263158,2.7263157894736842,0.5263157894736842
54.670364092654616,2.236842105263158,2.7263157894736842,0.5789473684210527
58.34141542283322,2.236842105263158,2.7263157894736842,0.631578947368421
62.336682846759345,2.236842105263158,2.7263157894736842,0.6842105263157894
66.58141792433553,2.236842105263158,2.7263157894736842,0.7368421052631579
71.02035410252,2.236842105263158,2.7263157894736842,0.7894736842105263
75.61117766559099,2.236842105263158,2.7263157894736842,0.8421052631578947
80.32243595992924,2.236842105263158,2.7263157894736842,0.894736842105263
85.1292549740646,2.236842105263158,2.7263157894736842,0.9473684210526315
90.00998960989313,2.236842105263158,2.7263157894736842,1.0
266.8515938782298,2.236842105263158,2.778947368421053,0.0
177.1717126996473,2.236842105263158,2.778947368421053,0.05263157894736842
125.2482624173697,2.236842105263158,2.778947368421053,0.10526315789473684
94.73188255696788,2.236842105263158,2.778947368421053,0.15789473684210525
76.70480957857328,2.236842105263158,2.778947368421053,0.21052631578947367
66.20278044594863,2.236842105263158,2.778947368421053,0.2631578947368421
60.3969075610369,2.236842105263158,2.778947368421053,0.3157894736842105
57.6316017797002,2.236842105263158,2.778947368421053,0.3684210526315789
56.9086027216453,2.236842105263158,2.778947368421053,0.42105263157894735
57.60611233668268,2.236842105263158,2.778947368421053,0.47368421052631576
59.323241813645126,2.236842105263158,2.778947368421053,0.5263157894736842
61.79257040026775,2.236842105263158,2.778947368421053,0.5789473684210527
64.83235533402289,2.236842105263158,2.778947368421053,0.631578947368421
68.30967498789022,2.236842105263158,2.778947368421053,0.6842105263157894
72.12670861764502,2.236842105263158,2.778947368421053,0.7368421052631579
76.21019634206597,2.236842105263158,2.778947368421053,0.7894736842105263
80.50422836717114,2.236842105263158,2.778947368421053,0.8421052631578947
84.96543661170996,2.236842105263158,2.778947368421053,0.894736842105263
89.55989145462264,2.236842105263158,2.778947368421053,0.9473684210526315
94.26298710781656,2.236842105263158,2.778947368421053,1.0
400.55622560361604,2.236842105263158,2.8315789473684214,0.0
262.81662514446134,2.236842105263158,2.8315789473684214,0.05263157894736842
183.12760089583037,2.236842105263158,2.8315789473684214,0.10526315789473684
136.0018696795115,2.236842105263158,2.8315789473684214,0.15789473684210525
107.64131337209977,2.236842105263158,2.8315789473684214,0.21052631578947367
90.43235977335446,2.236842105263158,2.8315789473684214,0.2631578947368421
80.08087550315871,2.236842105263158,2.8315789473684214,0.3157894736842105
74.10331388391434,2.236842105263158,2.8315789473684214,0.3684210526315789
71.02098568188997,2.236842105263158,2.8315789473684214,0.42105263157894735
69.9262732423466,2.236842105263158,2.8315789473684214,0.47368421052631576
70.24341168366918,2.236842105263158,2.8315789473684214,0.5263157894736842
71.59433343474711,2.236842105263158,2.8315789473684214,0.5789473684210527
73.72246896740958,2.236842105263158,2.8315789473684214,0.631578947368421
76.45008829223583,2.236842105263158,2.8315789473684214,0.6842105263157894
79.64433335240058,2.236842105263158,2.8315789473684214,0.7368421052631579
83.20629239560084,2.236842105263158,2.8315789473684214,0.7894736842105263
87.06104521258763,2.236842105263158,2.8315789473684214,0.8421052631578947
91.15080174865095,2.236842105263158,2.8315789473684214,0.894736842105263
95.43032271706507,2.236842105263158,2.8315789473684214,0.9473684210526315
99.86377934355905,2.236842105263158,2.8315789473684214,1.0
601.9381582818913,2.236842105263158,2.8842105263157896,0.0
389.8660889324877,2.236842105263158,2.8842105263157896,0.05263157894736842
267.6418007074785,2.236842105263158,2.8842105263157896,0.10526315789473684
195.34741354502006,2.236842105263158,2.8842105263157896,0.15789473684210525
151.51388410213977,2.236842105263158,2.8842105263157896,0.21052631578947367
124.38487599029234,2.236842105263158,2.8842105263157896,0.2631578947368421
107.38924187741098,2.236842105263158,2.8842105263157896,0.3157894736842105
96.76583605370917,2.236842105263158,2.8842105263157896,0.3684210526315789
90.30341281654877,2.236842105263158,2.8842105263157896,0.42105263157894735
86.66242320781376,2.236842105263158,2.8842105263157896,0.47368421052631576
85.00357460097915,2.236842105263158,2.8842105263157896,0.5263157894736842
84.78295280778366,2.236842105263158,2.8842105263157896,0.5789473684210527
85.63565539176707,2.236842105263158,2.8842105263157896,0.631578947368421
87.30942260241888,2.236842105263158,2.8842105263157896,0.6842105263157894
89.62660901661157,2.236842105263158,2.8842105263157896,0.7368421052631579
92.45238684785937,2.236842105263158,2.8842105263157896,0.7894736842105263
95.6848245153414,2.236842105263158,2.8842105263157896,0.8421052631578947
99.24577045516894,2.236842105263158,2.8842105263157896,0.894736842105263
103.07430762377734,2.236842105263158,2.8842105263157896,0.9473684210526315
107.12231554843729,2.236842105263158,2.8842105263157896,1.0
905.0774031792723,2.236842105263158,2.936842105263158,0.0
578.0601719964615,2.236842105263158,2.936842105263158,0.05263157894736842
390.6960818614067,2.236842105263158,2.936842105263158,0.10526315789473684
280.28833559949635,2.236842105263158,2.936842105263158,0.15789473684210525
213.31650558275646,2.236842105263158,2.936842105263158,0.21052631578947367
171.55234589528771,2.236842105263158,2.936842105263158,0.2631578947368421
144.88865687169232,2.236842105263158,2.936842105263158,0.3157894736842105
127.59468859225814,2.236842105263158,2.936842105263158,0.3684210526315789
116.33579539457006,2.236842105263158,2.936842105263158,0.42105263157894735
109.11511932560441,2.236842105263158,2.936842105263158,0.47368421052631576
104.69839307919898,2.236842105263158,2.936842105263158,0.5263157894736842
102.29649012930295,2.236842105263158,2.936842105263158,0.5789473684210527
101.38708590600103,2.236842105263158,2.936842105263158,0.631578947368421
101.61244916995324,2.236842105263158,2.936842105263158,0.6842105263157894
102.72022684716048,2.236842105263158,2.936842105263158,0.7368421052631579
104.52970999832954,2.236842105263158,2.936842105263158,0.7894736842105263
106.90186952444769,2.236842105263158,2.936842105263158,0.8421052631578947
109.73002359560004,2.236842105263158,2.936842105263158,0.894736842105263
112.93142676718304,2.236842105263158,2.936842105263158,0.9473684210526315
116.4409347145243,2.236842105263158,2.936842105263158,1.0
1362.106122005739,2.236842105263158,2.9894736842105267,0.0
857.1817814445754,2.236842105263158,2.9894736842105267,0.05263157894736842
569.9576179887957,2.236842105263158,2.9894736842105267,0.10526315789473684
401.777018172538,2.236842105263158,2.9894736842105267,0.15789473684210525
300.1818128206145,2.236842105263158,2.9894736842105267,0.21052631578947367
236.82641411260053,2.236842105263158,2.9894736842105267,0.2631578947368421
196.10780763057312,2.236842105263158,2.9894736842105267,0.3157894736842105
169.25307621551173,2.236842105263158,2.9894736842105267,0.3684210526315789
151.20817368579281,2.236842105263158,2.9894736842105267,0.42105263157894735
138.98008482091592,2.236842105263158,2.9894736842105267,0.47368421052631576
130.74121734338598,2.236842105263158,2.9894736842105267,0.5263157894736842
125.33809342305858,2.236842105263158,2.9894736842105267,0.5789473684210527
122.01717855580362,2.236842105263158,2.9894736842105267,0.631578947368421
120.26893014123364,2.236842105263158,2.9894736842105267,0.6842105263157894
119.73718350058951,2.236842105263158,2.9894736842105267,0.7368421052631579
120.16573812032621,2.236842105263158,2.9894736842105267,0.7894736842105263
121.36808292755205,2.236842105263158,2.9894736842105267,0.8421052631578947
123.19902798750965,2.236842105263158,2.9894736842105267,0.894736842105263
125.54558451409943,2.236842105263158,2.9894736842105267,0.9473684210526315
128.3191659861263,2.236842105263158,2.9894736842105267,1.0
2053.067207948834,2.236842105263158,3.042105263157895,0.0
1272.3986376160294,2.236842105263158,3.042105263157895,0.05263157894736842
831.8198257446359,2.236842105263158,3.042105263157895,0.10526315789473684
575.8877276351828,2.236842105263158,3.042105263157895,0.15789473684210525
422.37077788862854,2.236842105263158,3.042105263157895,0.21052631578947367
327.094008409414,2.236842105263158,3.042105263157895,0.2631578947368421
265.90715187212265,2.236842105263158,3.042105263157895,0.3157894736842105
225.33891252010147,2.236842105263158,3.042105263157895,0.3684210526315789
197.69918786374222,2.236842105263158,3.042105263157895,0.42105263157894735
178.48102374648968,2.236842105263158,3.042105263157895,0.47368421052631576
164.96400937494354,2.236842105263158,3.042105263157895,0.5263157894736842
155.4523763467282,2.236842105263158,3.042105263157895,0.5789473684210527
148.85247826093428,2.236842105263158,3.042105263157895,0.631578947368421
144.43414669407053,2.236842105263158,3.042105263157895,0.6842105263157894
141.69312284689101,2.236842105263158,3.042105263157895,0.7368421052631579
140.2699428320202,2.236842105263158,3.042105263157895,0.7894736842105263
139.90123494623242,2.236842105263158,3.042105263157895,0.8421052631578947
140.39218728345534,2.236842105263158,3.042105263157895,0.894736842105263
141.58964447125564,2.236842105263158,3.042105263157895,0.9473684210526315
143.3719321160233,2.236842105263158,3.042105263157895,1.0
3101.2440847887583,2.236842105263158,3.094736842105263,0.0
1892.4853759477917,2.236842105263158,3.094736842105263,0.05263157894736842
1215.907480761147,2.236842105263158,3.094736842105263,0.10526315789473684
826.3473869825913,2.236842105263158,3.094736842105263,0.15789473684210525
594.7350182426167,2.236842105263158,3.094736842105263,0.21052631578947367
452.11644748280816,2.236842105263158,3.094736842105263,0.2631578947368421
361.03482866297395,2.236842105263158,3.094736842105263,0.3157894736842105
300.7505780636708,2.236842105263158,3.094736842105263,0.3684210526315789
259.5255964557508,2.236842105263158,3.094736842105263,0.42105263157894735
230.5477175541976,2.236842105263158,3.094736842105263,0.47368421052631576
209.75013247178404,2.236842105263158,3.094736842105263,0.5263157894736842
194.62804309011767,2.236842105263158,3.094736842105263,0.5789473684210527
183.5862949827728,2.236842105263158,3.094736842105263,0.631578947368421
175.57336154856932,2.236842105263158,3.094736842105263,0.6842105263157894
169.87192540732377,2.236842105263158,3.094736842105263,0.7368421052631579
165.97642435618224,2.236842105263158,3.094736842105263,0.7894736842105263
163.51971779649534,2.236842105263158,3.094736842105263,0.8421052631578947
162.22820546346784,2.236842105263158,3.094736842105263,0.894736842105263
161.8936783245199,2.236842105263158,3.094736842105263,0.9473684210526315
162.34874247819502,2.236842105263158,3.094736842105263,1.0
4697.051999374547,2.236842105263158,3.1473684210526316,0.0
2822.560840291434,2.236842105263158,3.1473684210526316,0.05263157894736842
1781.99877137099,2.236842105263158,3.1473684210526316,0.10526315789473684
1188.3874465184842,2.236842105263158,3.1473684210526316,0.15789473684210525
838.9279542243166,2.236842105263158,3.1473684210526316,0.21052631578947367
625.8421117592194,2.236842105263158,3.1473684210526316,0.2631578947368421
490.93414684143215,2.236842105263158,3.1473684210526316,0.3157894736842105
402.2052619310337,2.236842105263158,3.1473684210526316,0.3684210526315789
341.6906212733114,2.236842105263158,3.1473684210526316,0.42105263157894735
299.0608132160844,2.236842105263158,3.1473684210526316,0.47368421052631576
268.2137460766925,2.236842105263158,3.1473684210526316,0.5263157894736842
245.43439695700656,2.236842105263158,3.1473684210526316,0.5789473684210527
228.3859893670843,2.236842105263158,3.1473684210526316,0.631578947368421
215.54755794449053,2.236842105263158,3.1473684210526316,0.6842105263157894
205.89443079054965,2.236842105263158,3.1473684210526316,0.7368421052631579
198.71287798174362,2.236842105263158,3.1473684210526316,0.7894736842105263
193.48997046905967,2.236842105263158,3.1473684210526316,0.8421052631578947
189.841733075815,2.236842105263158,3.1473684210526316,0.894736842105263
187.47921902037587,2.236842105263158,3.1473684210526316,0.9473684210526315
186.18465583296222,2.236842105263158,3.1473684210526316,1.0
7135.3466955211925,2.236842105263158,3.2,0.0
4223.844320554149,2.236842105263158,3.2,0.05263157894736842
2620.6885870962187,2.236842105263158,3.2,0.10526315789473684
1714.630715063323,2.236842105263158,3.2,0.15789473684210525
1186.7391259897722,2.236842105263158,3.2,0.21052631578947367
868.3545798711372,2.236842105263158,3.2,0.2631578947368421
668.9242999260983,2.236842105263158,3.2,0.3157894736842105
538.9843658549975,2.236842105263158,3.2,0.3684210526315789
450.9755819597575,2.236842105263158,3.2,0.42105263157894735
389.19085936398506,2.236842105263158,3.2,0.47368421052631576
344.4438672012788,2.236842105263158,3.2,0.5263157894736842
311.2040687577904,2.236842105263158,3.2,0.5789473684210527
286.03455967538696,2.236842105263158,3.2,0.631578947368421
266.72637732276485,2.236842105263158,3.2,0.6842105263157894
251.8100336686382,2.236842105263158,3.2,0.7368421052631579
240.27334446073587,2.236842105263158,3.2,0.7894736842105263
231.39173847154998,2.236842105263158,3.2,0.8421052631578947
224.63920082109289,2.236842105263158,3.2,0.894736842105263
219.6219588101663,2.236842105263158,3.2,0.9473684210526315
216.03796912330444,2.236842105263158,3.2,1.0
87.53792232851993,2.3421052631578947,2.2,0.0
65.8630850018154,2.3421052631578947,2.2,0.05263157894736842
52.91226677309708,2.3421052631578947,2.2,0.10526315789473684
45.432711797134324,2.3421052631578947,2.2,0.15789473684210525
41.268534570835506,2.3421052631578947,2.2,0.21052631578947367
39.27023884306249,2.3421052631578947,2.2,0.2631578947368421
38.786219931247,2.3421052631578947,2.2,0.3157894736842105
39.39110728978849,2.3421052631578947,2.2,0.3684210526315789
40.80778835452175,2.3421052631578947,2.2,0.42105263157894735
42.89524633286135,2.3421052631578947,2.2,0.47368421052631576
45.528782177345185,2.3421052631578947,2.2,0.5263157894736842
48.586532035693786,2.3421052631578947,2.2,0.5789473684210527
51.97648441595535,2.3421052631578947,2.2,0.631578947368421
55.62801341660131,2.3421052631578947,2.2,0.6842105263157894
59.48613747538801,2.3421052631578947,2.2,0.7368421052631579
63.50754081905743,2.3421052631578947,2.2,0.7894736842105263
67.65775930223441,2.3421052631578947,2.2,0.8421052631578947
71.90915135642281,2.3421052631578947,2.2,0.894736842105263
76.23940889579518,2.3421052631578947,2.2,0.9473684210526315
80.63044667667172,2.3421052631578947,2.2,1.0
71.9744123307636,2.3421052631578947,2.2526315789473688,0.0
54.302244971412364,2.3421052631578947,2.2526315789473688,0.05263157894736842
43.98225583698707,2.3421052631578947,2.2526315789473688,0.10526315789473684
38.223949440584065,2.3421052631578947,2.2526315789473688,0.15789473684210525
35.22763594391634,2.3421052631578947,2.2526315789473688,0.21052631578947367
34.10515376132326,2.3421052631578947,2.2526315789473688,0.2631578947368421
34.29875425929214,2.3421052631578947,2.2526315789473688,0.3157894736842105
35.45191810005546,2.3421052631578947,2.2526315789473688,0.3684210526315789
37.360634904468924,2.3421052631578947,2.2526315789473688,0.42105263157894735
39.89169675711864,2.3421052631578947,2.2526315789473688,0.47368421052631576
42.901157660295695,2.3421052631578947,2.2526315789473688,0.5263157894736842
46.28184049524562,2.3421052631578947,2.2526315789473688,0.5789473684210527
49.95255035318718,2.3421052631578947,2.2526315789473688,0.631578947368421
53.850792324346024,2.3421052631578947,2.2526315789473688,0.6842105263157894
57.92781261658672,2.3421052631578947,2.2526315789473688,0.7368421052631579
62.14514754778672,2.3421052631578947,2.2526315789473688,0.7894736842105263
66.47217226589648,2.3421052631578947,2.2526315789473688,0.8421052631578947
70.8843261380403,2.3421052631578947,2.2526315789473688,0.894736842105263
75.36180534894955,2.3421052631578947,2.2526315789473688,0.9473684210526315
79.88858426729526,2.3421052631578947,2.2526315789473688,1.0
59.90639092743045,2.3421052631578947,2.305263157894737,0.0
45.17433624356918,2.3421052631578947,2.305263157894737,0.05263157894736842
36.81427163041569,2.3421052631578947,2.305263157894737,0.10526315789473684
32.28804678939331,2.3421052631578947,2.305263157894737,0.15789473684210525
30.182568238427184,2.3421052631578947,2.305263157894737,0.21052631578947367
29.738907148539568,2.3421052631578947,2.305263157894737,0.2631578947368421
30.472795032432025,2.3421052631578947,2.305263157894737,0.3157894736842105
32.09425731566497,2.3421052631578947,2.305263157894737,0.3684210526315789
34.44157905717084,2.3421052631578947,2.305263157894737,0.42105263157894735
37.342794889138155,2.3421052631578947,2.305263157894737,0.47368421052631576
40.66922379086813,2.3421052631578947,2.305263157894737,0.5263157894736842
44.324924712258884,2.3421052631578947,2.305263157894737,0.5789473684210527
48.23706244641959,2.3421052631578947,2.305263157894737,0.631578947368421
52.34948274336616,2.3421052631578947,2.305263157894737,0.6842105263157894
56.61832718835398,2.3421052631578947,2.305263157894737,0.7368421052631579
61.008973693752395,2.3421052631578947,2.305263157894737,0.7894736842105263
65.49385738397012,2.3421052631578947,2.305263157894737,0.8421052631578947
70.05088861212015,2.3421052631578947,2.305263157894737,0.894736842105263
74.66228425101303,2.3421052631578947,2.305263157894737,0.9473684210526315
79.31369055986212,2.3421052631578947,2.305263157894737,1.0
51.44066520792911,2.3421052631578947,2.3578947368421055,0.0
38.59112011888719,2.3421052631578947,2.3578947368421055,0.05263157894736842
31.46719853083698,2.3421052631578947,2.3578947368421055,0.10526315789473684
27.741128930910183,2.3421052631578947,2.3578947368421055,0.15789473684210525
26.246234390139556,2.3421052631578947,2.3578947368421055,0.21052631578947367
26.280536625022048,2.3421052631578947,2.3578947368421055,0.2631578947368421
27.420378923520904,2.3421052631578947,2.3578947368421055,0.3157894736842105
29.44052858002623,2.3421052631578947,2.3578947368421055,0.3684210526315789
32.12809380060369,2.3421052631578947,2.3578947368421055,0.42105263157894735
35.321031661751114,2.3421052631578947,2.3578947368421055,0.47368421052631576
38.901030849560925,2.3421052631578947,2.3578947368421055,0.5263157894736842
42.77987201617246,2.3421052631578947,2.3578947368421055,0.5789473684210527
46.89056921732371,2.3421052631578947,2.3578947368421055,0.631578947368421
51.18147207186,2.3421052631578947,2.3578947368421055,0.6842105263157894
55.6122442776745,2.3421052631578947,2.3578947368421055,0.7368421052631579
60.15105872013041,2.3421052631578947,2.3578947368421055,0.7894736842105263
64.77259924632752,2.3421052631578947,2.3578947368421055,0.8421052631578947
69.45660905158823,2.3421052631578947,2.3578947368421055,0.894736842105263
74.18681726793044,2.3421052631578947,2.3578947368421055,0.9473684210526315
78.95013245974197,2.3421052631578947,2.3578947368421055,1.0
46.95584864365186,2.3421052631578947,2.4105263157894736,0.0
34.834996677827974,2.3421052631578947,2.4105263157894736,0.05263157894736842
28.164323583592676,2.3421052631578947,2.4105263157894736,0.10526315789473684
24.79189710303726,2.3421052631578947,2.4105263157894736,0.15789473684210525
23.594682208079288,2.3421052631578947,2.4105263157894736,0.21052631578947367
23.897034199968054,2.3421052631578947,2.4105263157894736,0.2631578947368421
25.332083889187043,2.3421052631578947,2.4105263157894736,0.3157894736842105
27.61610275459717,2.3421052631578947,2.4105263157894736,0.3684210526315789
30.53380758758961,2.3421052631578947,2.4105263157894736,0.42105263157894735
33.930419411376526,2.3421052631578947,2.4105263157894736,0.47368421052631576
37.69247060823864,2.3421052631578947,2.4105263157894736,0.5263157894736842
41.73562711863665,2.3421052631578947,2.4105263157894736,0.5789473684210527
45.99601438027512,2.3421052631578947,2.4105263157894736,0.631578947368421
50.42448204231822,2.3421052631578947,2.4105263157894736,0.6842105263157894
54.9827157560919,2.3421052631578947,2.4105263157894736,0.7368421052631579
59.640537655249624,2.3421052631578947,2.4105263157894736,0.7894736842105263
64.37398992149282,2.3421052631578947,2.4105263157894736,0.8421052631578947
69.1639461445251,2.3421052631578947,2.4105263157894736,0.894736842105263
73.9950863088967,2.3421052631578947,2.4105263157894736,0.9473684210526315
78.85512757213054,2.3421052631578947,2.4105263157894736,1.0
47.227557583481655,2.3421052631578947,2.463157894736842,0.0
34.409429979382466,2.3421052631578947,2.463157894736842,0.05263157894736842
27.30903242828734,2.3421052631578947,2.463157894736842,0.10526315789473684
23.745466822096176,2.3421052631578947,2.463157894736842,0.15789473684210525
22.48533152645344,2.3421052631578947,2.463157894736842,0.21052631578947367
22.84756971927104,2.3421052631578947,2.463157894736842,0.2631578947368421
24.39309536802466,2.3421052631578947,2.463157894736842,0.3157894736842105
26.791156574126262,2.3421052631578947,2.463157894736842,0.3684210526315789
29.816725299804443,2.3421052631578947,2.463157894736842,0.42105263157894735
33.31390228541391,2.3421052631578947,2.463157894736842,0.47368421052631576
37.17372568787487,2.3421052631578947,2.463157894736842,0.5263157894736842
41.31167230805535,2.3421052631578947,2.463157894736842,0.5789473684210527
45.663788725034195,2.3421052631578947,2.463157894736842,0.631578947368421
50.18109876212628,2.3421052631578947,2.463157894736842,0.6842105263157894
54.82557301371308,2.3421052631578947,2.463157894736842,0.7368421052631579
59.567357876167286,2.3421052631578947,2.463157894736842,0.7894736842105263
64.38282446977536,2.3421052631578947,2.463157894736842,0.8421052631578947
69.25316433347469,2.3421052631578947,2.463157894736842,0.894736842105263
74.16335838994534,2.3421052631578947,2.463157894736842,0.9473684210526315
79.101353399205,2.3421052631578947,2.463157894736842,1.0
53.55359019896968,2.3421052631578947,2.515789473684211,0.0
38.1652923323769,2.3421052631578947,2.515789473684211,0.05263157894736842
29.544034642478977,2.3421052631578947,2.515789473684211,0.10526315789473684
25.08559353060263,2.3421052631578947,2.515789473684211,0.15789473684210525
23.33292807581315,2.3421052631578947,2.515789473684211,0.21052631578947367
23.445322210871247,2.3421052631578947,2.515789473684211,0.2631578947368421
24.847268759156854,2.3421052631578947,2.515789473684211,0.3157894736842105
27.16950822296482,2.3421052631578947,2.515789473684211,0.3684210526315789
30.161425831205122,2.3421052631578947,2.515789473684211,0.42105263157894735
33.65021869704412,2.3421052631578947,2.515789473684211,0.47368421052631576
37.5134733454977,2.3421052631578947,2.515789473684211,0.5263157894736842
41.66450754683598,2.3421052631578947,2.515789473684211,0.5789473684210527
46.0381300726405,2.3421052631578947,2.515789473684211,0.631578947368421
50.58447552909841,2.3421052631578947,2.515789473684211,0.6842105263157894
55.26444812676355,2.3421052631578947,2.515789473684211,0.7368421052631579
60.04690892920355,2.3421052631578947,2.515789473684211,0.7894736842105263
64.90731140133805,2.3421052631578947,2.515789473684211,0.8421052631578947
69.82609811599977,2.3421052631578947,2.515789473684211,0.894736842105263
74.78582318989822,2.3421052631578947,2.515789473684211,0.9473684210526315
79.77312298109057,2.3421052631578947,2.515789473684211,1.0
67.95359435231695,2.3421052631578947,2.568421052631579,0.0
47.460668093970874,2.3421052631578947,2.568421052631579,0.05263157894736842
35.817565060287855,2.3421052631578947,2.568421052631579,0.10526315789473684
29.538037715193926,2.3421052631578947,2.568421052631579,0.15789473684210525
26.701108712591843,2.3421052631578947,2.568421052631579,0.21052631578947367
26.1167009808913,2.3421052631578947,2.568421052631579,0.2631578947368421
27.054098123367208,2.3421052631578947,2.568421052631579,0.3157894736842105
29.054486011701734,2.3421052631578947,2.568421052631579,0.3684210526315789
31.821991209802707,2.3421052631578947,2.568421052631579,0.42105263157894735
35.15276902585382,2.3421052631578947,2.568421052631579,0.47368421052631576
38.904579130144825,2.3421052631578947,2.568421052631579,0.5263157894736842
42.97562400882281,2.3421052631578947,2.568421052631579,0.5789473684210527
47.29153100631865,2.3421052631578947,2.568421052631579,0.631578947368421
51.79906443591696,2.3421052631578947,2.568421052631579,0.6842105263157894
56.45511988524427,2.3421052631578947,2.568421052631579,0.7368421052631579
61.22538218618098,2.3421052631578947,2.568421052631579,0.7894736842105263
66.08161355521452,2.3421052631578947,2.568421052631579,0.8421052631578947
71.00345305166074,2.3421052631578947,2.568421052631579,0.894736842105263
75.9738239369497,2.3421052631578947,2.568421052631579,0.9473684210526315
80.9789511742228,2.3421052631578947,2.568421052631579,1.0
93.48928844609236,2.3421052631578947,2.6210526315789475,0.0
64.31511700525706,2.3421052631578947,2.6210526315789475,0.05263157894736842
47.518499711443205,2.3421052631578947,2.6210526315789475,0.10526315789473684
38.13832145677937,2.3421052631578947,2.6210526315789475,0.15789473684210525
33.33541175762171,2.3421052631578947,2.6210526315789475,0.21052631578947367
31.450114535430444,2.3421052631578947,2.6210526315789475,0.2631578947368421
31.49332889776284,2.3421052631578947,2.6210526315789475,0.3157894736842105
32.856370969050936,2.3421052631578947,2.6210526315789475,0.3684210526315789
35.15264001017246,2.3421052631578947,2.6210526315789475,0.42105263157894735
38.130501844204296,2.3421052631578947,2.6210526315789475,0.47368421052631576
41.614024371848544,2.3421052631578947,2.6210526315789475,0.5263157894736842
45.478918924724,2.3421052631578947,2.6210526315789475,0.5789473684210527
49.635345415771155,2.3421052631578947,2.6210526315789475,0.631578947368421
54.016002490530596,2.3421052631578947,2.6210526315789475,0.6842105263157894
58.570198668660055,2.3421052631578947,2.6210526315789475,0.7368421052631579
63.26124791339957,2.3421052631578947,2.6210526315789475,0.7894736842105263
68.05797450000864,2.3421052631578947,2.6210526315789475,0.8421052631578947
72.93569332406993,2.3421052631578947,2.6210526315789475,0.894736842105263
77.87481307984221,2.3421052631578947,2.6210526315789475,0.9473684210526315
82.85972022739844,2.3421052631578947,2.6210526315789475,1.0
134.87434006678498,2.3421052631578947,2.673684210526316,0.0
91.7129886786904,2.3421052631578947,2.673684210526316,0.05263157894736842
66.69103189952042,2.3421052631578947,2.673684210526316,0.10526315789473684
52.2831074584573,2.3421052631578947,2.673684210526316,0.15789473684210525
44.27031816278822,2.3421052631578947,2.673684210526316,0.21052631578947367
40.24912044431238,2.3421052631578947,2.673684210526316,0.2631578947368421
38.81249330630209,2.3421052631578947,2.673684210526316,0.3157894736842105
39.11143241670265,2.3421052631578947,2.673684210526316,0.3684210526315789
40.616505622447995,2.3421052631578947,2.673684210526316,0.42105263157894735
42.986737772524016,2.3421052631578947,2.673684210526316,0.47368421052631576
45.99744892394988,2.3421052631578947,2.673684210526316,0.5263157894736842
49.48784361457986,2.3421052631578947,2.673684210526316,0.5789473684210527
53.343293532890755,2.3421052631578947,2.673684210526316,0.631578947368421
57.48020301746001,2.3421052631578947,2.673684210526316,0.6842105263157894
61.836004832308866,2.3421052631578947,2.673684210526316,0.7368421052631579
66.36296225871133,2.3421052631578947,2.673684210526316,0.7894736842105263
71.02620956401064,2.3421052631578947,2.673684210526316,0.8421052631578947
75.79764174337694,2.3421052631578947,2.673684210526316,0.894736842105263
80.65342341260313,2.3421052631578947,2.673684210526316,0.9473684210526315
85.57457789647884,2.3421052631578947,2.673684210526316,1.0
199.20936854106193,2.3421052631578947,2.7263157894736842,0.0
134.10681001262097,2.3421052631578947,2.7263157894736842,0.05263157894736842
96.2118229390701,2.3421052631578947,2.7263157894736842,0.10526315789473684
73.94675890323724,2.3421052631578947,2.7263157894736842,0.15789473684210525
60.939826271895015,2.3421052631578947,2.7263157894736842,0.21052631578947367
53.606755301331816,2.3421052631578947,2.7263157894736842,0.2631578947368421
49.87990426188763,2.3421052631578947,2.7263157894736842,0.3157894736842105
48.53202794731657,2.3421052631578947,2.7263157894736842,0.3684210526315789
48.81032281274662,2.3421052631578947,2.7263157894736842,0.42105263157894735
50.23801642977099,2.3421052631578947,2.7263157894736842,0.47368421052631576
52.503162516620776,2.3421052631578947,2.7263157894736842,0.5263157894736842
55.39737927589095,2.3421052631578947,2.7263157894736842,0.5789473684210527
58.770414738403566,2.3421052631578947,2.7263157894736842,0.631578947368421
62.5129566455071,2.3421052631578947,2.7263157894736842,0.6842105263157894
66.544128461203,2.3421052631578947,2.7263157894736842,0.7368421052631579
70.80274733157758,2.3421052631578947,2.7263157894736842,0.7894736842105263
75.24170789898945,2.3421052631578947,2.7263157894736842,0.8421052631578947
79.8244920678632,2.3421052631578947,2.7263157894736842,0.894736842105263
84.52458599979249,2.3421052631578947,2.7263157894736842,0.9473684210526315
89.31875717424411,2.3421052631578947,2.7263157894736842,1.0
297.1628203621293,2.3421052631578947,2.778947368421053,0.0
197.97222964750088,2.3421052631578947,2.778947368421053,0.05263157894736842
140.1834769597466,2.3421052631578947,2.778947368421053,0.10526315789473684
105.87944863549544,2.3421052631578947,2.778947368421053,0.15789473684210525
85.28691349287413,2.3421052631578947,2.778947368421053,0.21052631578947367
72.96415650465718,2.3421052631578947,2.778947368421053,0.2631578947368421
65.81008196418992,2.3421052631578947,2.778947368421053,0.3157894736842105
62.009427084667955,2.3421052631578947,2.778947368421053,0.3684210526315789
60.46720522824909,2.3421052631578947,2.778947368421053,0.42105263157894735
60.500951331587004,2.3421052631578947,2.778947368421053,0.47368421052631576
61.67039922631229,2.3421052631578947,2.778947368421053,0.5263157894736842
63.68189804817526,2.3421052631578947,2.778947368421053,0.5789473684210527
66.33608098726131,2.3421052631578947,2.778947368421053,0.631578947368421
69.48699120842282,2.3421052631578947,2.778947368421053,0.6842105263157894
73.02671383725963,2.3421052631578947,2.778947368421053,0.7368421052631579
76.87440518442172,2.3421052631578947,2.778947368421053,0.7894736842105263
80.96827428199283,2.3421052631578947,2.778947368421053,0.8421052631578947
85.26031082299478,2.3421052631578947,2.778947368421053,0.894736842105263
89.71272113292162,2.3421052631578947,2.778947368421053,0.9473684210526315
94.29624531083165,2.3421052631578947,2.778947368421053,1.0
444.9162676741157,2.3421052631578947,2.8315789473684214,0.0
292.93079865286484,2.3421052631578947,2.8315789473684214,0.05263157894736842
204.61145253392607,2.3421052631578947,2.8315789473684214,0.10526315789473684
152.01917985134605,2.3421052631578947,2.8315789473684214,0.15789473684210525
120.02771353108251,2.3421052631578947,2.8315789473684214,0.21052631578947367
100.289795444167,2.3421052631578947,2.8315789473684214,0.2631578947368421
88.09668716387814,2.3421052631578947,2.8315789473684214,0.3157894736842105
80.72438334131412,2.3421052631578947,2.8315789473684214,0.3684210526315789
76.55150929896205,2.3421052631578947,2.8315789473684214,0.42105263157894735
74.58212117853692,2.3421052631578947,2.8315789473684214,0.47368421052631576
74.18345395417984,2.3421052631578947,2.8315789473684214,0.5263157894736842
74.939237455284,2.3421052631578947,2.8315789473684214,0.5789473684210527
76.56633206888453,2.3421052631578947,2.8315789473684214,0.631578947368421
78.86908458362802,2.3421052631578947,2.8315789473684214,0.6842105263157894
81.702177524778,2.3421052631578947,2.8315789473684214,0.7368421052631579
84.95639482771846,2.3421052631578947,2.8315789473684214,0.7894736842105263
88.54888961111243,2.3421052631578947,2.8315789473684214,0.8421052631578947
92.41565533337406,2.3421052631578947,2.8315789473684214,0.894736842105263
96.50649903382453,2.3421052631578947,2.8315789473684214,0.9473684210526315
100.78163686891958,2.3421052631578947,2.8315789473684214,1.0
666.9929828973291,2.3421052631578947,2.8842105263157896,0.0
433.39789268900853,2.3421052631578947,2.8842105263157896,0.05263157894736842
298.34560406108744,2.3421052631578947,2.8842105263157896,0.10526315789473684
218.07289899860274,2.3421052631578947,2.8842105263157896,0.15789473684210525
169.04138323501286,2.3421052631578947,2.8842105263157896,0.21052631578947367
138.36109324085228,2.3421052631578947,2.8842105263157896,0.2631578947368421
118.82572841002859,2.3421052631578947,2.8842105263157896,0.3157894736842105
106.30957531753548,2.3421052631578947,2.8842105263157896,0.3684210526315789
98.38581485863885,2.3421052631578947,2.8842105263157896,0.42105263157894735
93.58313923515504,2.3421052631578947,2.8842105263157896,0.47368421052631576
90.97974302267147,2.3421052631578947,2.8842105263157896,0.5263157894736842
89.97782776898151,2.3421052631578947,2.8842105263157896,0.5789473684210527
90.17599277809735,2.3421052631578947,2.8842105263157896,0.631578947368421
91.29568799653575,2.3421052631578947,2.8842105263157896,0.6842105263157894
93.14085254091016,2.3421052631578947,2.8842105263157896,0.7368421052631579
95.56395634042478,2.3421052631578947,2.8842105263157896,0.7894736842105263
98.4525586757628,2.3421052631578947,2.8842105263157896,0.8421052631578947
101.7201259781874,2.3421052631578947,2.8842105263157896,0.894736842105263
105.29900828720633,2.3421052631578947,2.8842105263157896,0.9473684210526315
109.13566682663779,2.3421052631578947,2.8842105263157896,1.0
1000.7708226338802,2.3421052631578947,2.936842105263158,0.0
641.0314321339685,2.3421052631578947,2.936842105263158,0.05263157894736842
434.45638976252883,2.3421052631578947,2.936842105263158,0.10526315789473684
312.3059569391261,2.3421052631578947,2.936842105263158,0.15789473684210525
237.82677949955206,2.3421052631578947,2.936842105263158,0.21052631578947367
191.03073367119575,2.3421052631578947,2.936842105263158,0.2631578947368421
160.83287532987484,2.3421052631578947,2.936842105263158,0.3157894736842105
140.94599446473748,2.3421052631578947,2.936842105263158,0.3684210526315789
127.7112461558491,2.3421052631578947,2.936842105263158,0.42105263157894735
118.9368231800167,2.3421052631578947,2.936842105263158,0.47368421052631576
113.267254658696,2.3421052631578947,2.936842105263158,0.5263157894736842
109.83534952513189,2.3421052631578947,2.936842105263158,0.5789473684210527
108.06665591667581,2.3421052631578947,2.936842105263158,0.631578947368421
107.56772027700075,2.3421052631578947,2.936842105263158,0.6842105263157894
108.05991268890132,2.3421052631578947,2.936842105263158,0.7368421052631579
109.34323235246201,2.3421052631578947,2.936842105263158,0.7894736842105263
111.26539232643178,2.3421052631578947,2.936842105263158,0.8421052631578947
113.70825647895572,2.3421052631578947,2.936842105263158,0.894736842105263
116.58005258164,2.3421052631578947,2.936842105263158,0.9473684210526315
119.8084116518047,2.3421052631578947,2.936842105263158,1.0
1503.4383285194826,2.3421052631578947,2.9894736842105267,0.0
948.5169663303507,2.3421052631578947,2.9894736842105267,0.05263157894736842
632.3441920530565,2.3421052631578947,2.9894736842105267,0.10526315789473684
446.7528882936666,2.3421052631578947,2.9894736842105267,0.15789473684210525
334.2248158797902,2.3421052631578947,2.9894736842105267,0.21052631578947367
263.6765987866612,2.3421052631578947,2.9894736842105267,0.2631578947368421
217.99677116469468,2.3421052631578947,2.9894736842105267,0.3157894736842105
187.56278181845653,2.3421052631578947,2.9894736842105267,0.3684210526315789
166.8297438686524,2.3421052631578947,2.9894736842105267,0.42105263157894735
152.51283726303367,2.3421052631578947,2.9894736842105267,0.47368421052631576
142.60549159543612,2.3421052631578947,2.9894736842105267,0.5263157894736842
135.84098027639084,2.3421052631578947,2.9894736842105267,0.5789473684210527
131.3907654484941,2.3421052631578947,2.9894736842105267,0.631578947368421
128.69401566681984,2.3421052631578947,2.9894736842105267,0.6842105263157894
127.35830806117656,2.3421052631578947,2.9894736842105267,0.7368421052631579
127.10053624127093,2.3421052631578947,2.9894736842105267,0.7894736842105263
127.71392104719115,2.3421052631578947,2.9894736842105267,0.8421052631578947
129.0394555189147,2.3421052631578947,2.9894736842105267,0.894736842105263
130.95199469723326,2.3421052631578947,2.9894736842105267,0.9473684210526315
133.35328108964885,2.3421052631578947,2.9894736842105267,1.0
2262.7837040717095,2.3421052631578947,3.042105263157895,0.0
1405.401565524565,2.3421052631578947,3.042105263157895,0.05263157894736842
920.9683419409188,2.3421052631578947,3.042105263157895,0.10526315789473684
639.0552594321277,2.3421052631578947,3.042105263157895,0.15789473684210525
469.4993396706357,2.3421052631578947,3.042105263157895,0.21052631578947367
363.8621902701252,2.3421052631578947,3.042105263157895,0.2631578947368421
295.6601695314055,2.3421052631578947,3.042105263157895,0.3157894736842105
250.11826172116997,2.3421052631578947,3.042105263157895,0.3684210526315789
218.80062502775965,2.3421052631578947,3.042105263157895,0.42105263157894735
196.76227702062485,2.3421052631578947,3.042105263157895,0.47368421052631576
181.01672556311203,2.3421052631578947,3.042105263157895,0.5263157894736842
169.70130852559737,2.3421052631578947,3.042105263157895,0.5789473684210527
161.61393968613737,2.3421052631578947,3.042105263157895,0.631578947368421
155.95140974312457,2.3421052631578947,3.042105263157895,0.6842105263157894
152.1585099190581,2.3421052631578947,3.042105263157895,0.7368421052631579
149.8390562151549,2.3421052631578947,3.042105263157895,0.7894736842105263
148.70210585815445,2.3421052631578947,3.042105263157895,0.8421052631578947
148.53136983445756,2.3421052631578947,3.042105263157895,0.894736842105263
149.15916964357527,2.3421052631578947,3.042105263157895,0.9473684210526315
150.45175717196145,2.3421052631578947,3.042105263157895,1.0
3413.998513085707,2.3421052631578947,3.094736842105263,0.0
2087.1127554041846,2.3421052631578947,3.094736842105263,0.05263157894736842
1343.7928316655095,2.3421052631578947,3.094736842105263,0.10526315789473684
915.2444341276376,2.3421052631578947,3.094736842105263,0.15789473684210525
659.951664705698,2.3421052631578947,3.094736842105263,0.21052631578947367
502.307617205993,2.3421052631578947,3.094736842105263,0.2631578947368421
401.23844134373513,2.3421052631578947,3.094736842105263,0.3157894736842105
333.9997688292308,2.3421052631578947,3.094736842105263,0.3684210526315789
287.7160407606146,2.3421052631578947,3.094736842105263,0.42105263157894735
254.91304118275525,2.3421052631578947,3.094736842105263,0.47368421052631576
231.12718298198035,2.3421052631578947,3.094736842105263,0.5263157894736842
213.6080413539878,2.3421052631578947,3.094736842105263,0.5789473684210527
200.60303732796157,2.3421052631578947,3.094736842105263,0.631578947368421
190.95607461352085,2.3421052631578947,3.094736842105263,0.6842105263157894
183.87787366686774,2.3421052631578947,3.094736842105263,0.7368421052631579
178.81166001352815,2.3421052631578947,3.094736842105263,0.7894736842105263
175.35271507093142,2.3421052631578947,3.094736842105263,0.8421052631578947
173.19892672324602,2.3421052631578947,3.094736842105263,0.894736842105263
172.12192129850314,2.3421052631578947,3.094736842105263,0.9473684210526315
171.9421048029942,2.3421052631578947,3.094736842105263,1.0
5165.875627579328,2.3421052631578947,3.1473684210526316,0.0
3108.9237219797224,2.3421052631578947,3.1473684210526316,0.05263157894736842
1966.3807030411995,2.3421052631578947,3.1473684210526316,0.10526315789473684
1313.9711197293932,2.3421052631578947,3.1473684210526316,0.15789473684210525
929.3443562621346,2.3421052631578947,3.1473684210526316,0.21052631578947367
694.3273298735832,2.3421052631578947,3.1473684210526316,0.2631578947368421
545.1067727049824,2.3421052631578947,3.1473684210526316,0.3157894736842105
446.5915562338082,2.3421052631578947,3.1473684210526316,0.3684210526315789
379.07789820708444,2.3421052631578947,3.1473684210526316,0.42105263157894735
331.2341998032572,2.3421052631578947,3.1473684210526316,0.47368421052631576
296.3644308884871,2.3421052631578947,3.1473684210526316,0.5263157894736842
270.39043698811486,2.3421052631578947,3.1473684210526316,0.5789473684210527
250.74579713053376,2.3421052631578947,3.1473684210526316,0.631578947368421
235.75909411436177,2.3421052631578947,3.1473684210526316,0.6842105263157894
224.30352289334232,2.3421052631578947,3.1473684210526316,0.7368421052631579
215.59360586223852,2.3421052631578947,3.1473684210526316,0.7894736842105263
209.06449922240034,2.3421052631578947,3.1473684210526316,0.8421052631578947
204.2985125823666,2.3421052631578947,3.1473684210526316,0.894736842105263
200.97567651244236,2.3421052631578947,3.1473684210526316,0.9473684210526315
198.84937318150315,2.3421052631578947,3.1473684210526316,1.0
7841.712797076111,2.3421052631578947,3.2,0.0
4647.620175851466,2.3421052631578947,3.2,0.05263157894736842
2888.0865907058574,2.3421052631578947,3.2,0.10526315789473684
1892.9575864433011,2.3421052631578947,3.2,0.15789473684210525
1312.5585466592834,2.3421052631578947,3.2,0.21052631578947367
961.9659396796732,2.3421052631578947,3.2,0.2631578947368421
741.8895593633822,2.3421052631578947,3.2,0.3157894736842105
598.0884707275826,2.3421052631578947,3.2,0.3684210526315789
500.33844487838724,2.3421052631578947,3.2,0.42105263157894735
431.41063360243606,2.3421052631578947,3.2,0.47368421052631576
381.2263795323847,2.3421052631578947,3.2,0.5263157894736842
343.71605037311684,2.3421052631578947,3.2,0.5789473684210527
315.10621545949954,2.3421052631578947,3.2,0.631578947368421
292.9704175269914,2.3421052631578947,3.2,0.6842105263157894
275.6935323686346,2.3421052631578947,3.2,0.7368421052631579
262.1633714742521,2.3421052631578947,3.2,0.7894736842105263
251.58879119632783,2.3421052631578947,3.2,0.8421052631578947
243.38530881332872,2.3421052631578947,3.2,0.894736842105263
237.11663250733733,2.3421052631578947,3.2,0.9473684210526315
232.44944942704248,2.3421052631578947,3.2,1.0
90.84768532912237,2.4473684210526314,2.2,0.0
67.7651342391955,2.4473684210526314,2.2,0.05263157894736842
53.82718459743497,2.4473684210526314,2.2,0.10526315789473684
45.638139768875334,2.4473684210526314,2.2,0.15789473684210525
40.961468485549474,2.4473684210526314,2.2,0.21052631578947367
38.56294926271672,2.4473684210526314,2.2,0.2631578947368421
37.759694277013274,2.4473684210526314,2.2,0.3157894736842105
38.10322248446909,2.4473684210526314,2.2,0.3684210526315789
39.30191567394621,2.4473684210526314,2.2,0.42105263157894735
41.174313346367974,2.4473684210526314,2.2,0.47368421052631576
43.624748153333194,2.4473684210526314,2.2,0.5263157894736842
46.52764805395354,2.4473684210526314,2.2,0.5789473684210527
49.78641774849595,2.4473684210526314,2.2,0.631578947368421
53.326880194477205,2.4473684210526314,2.2,0.6842105263157894
57.09126288032377,2.4473684210526314,2.2,0.7368421052631579
61.034030120413796,2.4473684210526314,2.2,0.7894736842105263
65.11893480359151,2.4473684210526314,2.2,0.8421052631578947
69.3168924143495,2.4473684210526314,2.2,0.894736842105263
73.6044206052118,2.4473684210526314,2.2,0.9473684210526315
77.96247519546107,2.4473684210526314,2.2,1.0
74.80611576281197,2.4473684210526314,2.2526315789473688,0.0
55.871557262243414,2.4473684210526314,2.2526315789473688,0.05263157894736842
44.65862991230442,2.4473684210526314,2.2526315789473688,0.10526315789473684
38.26477251147581,2.4473684210526314,2.2526315789473688,0.15789473684210525
34.792372585391654,2.4473684210526314,2.2526315789473688,0.21052631578947367
33.29618133522354,2.4473684210526314,2.2526315789473688,0.2631578947368421
33.18974391363083,2.4473684210526314,2.2526315789473688,0.3157894736842105
34.09550361495768,2.4473684210526314,2.2526315789473688,0.3684210526315789
35.771293177630525,2.4473684210526314,2.2526315789473688,0.42105263157894735
38.09920392172867,2.4473684210526314,2.2526315789473688,0.47368421052631576
40.93773028516922,2.4473684210526314,2.2526315789473688,0.5263157894736842
44.174188872138934,2.4473684210526314,2.2526315789473688,0.5789473684210527
47.723172118361234,2.4473684210526314,2.2526315789473688,0.631578947368421
51.51890861160175,2.4473684210526314,2.2526315789473688,0.6842105263157894
55.51006064085474,2.4473684210526314,2.2526315789473688,0.7368421052631579
59.656103452249,2.4473684210526314,2.2526315789473688,0.7894736842105263
63.924753158912594,2.4473684210526314,2.2526315789473688,0.8421052631578947
68.29010444279483,2.4473684210526314,2.2526315789473688,0.894736842105263
72.73125835721379,2.4473684210526314,2.2526315789473688,0.9473684210526315
77.23129503203778,2.4473684210526314,2.2526315789473688,1.0
62.51439576825914,2.4473684210526314,2.305263157894737,0.0
46.6016364387497,2.4473684210526314,2.305263157894737,0.05263157894736842
37.403665844660914,2.4473684210526314,2.305263157894737,0.10526315789473684
32.284947231706944,2.4473684210526314,2.305263157894737,0.15789473684210525
29.723362445575173,2.4473684210526314,2.305263157894737,0.21052631578947367
28.91882770205245,2.4473684210526314,2.305263157894737,0.2631578947368421
29.35971141819267,2.4473684210526314,2.305263157894737,0.3157894736842105
30.720331405750777,2.4473684210526314,2.305263157894737,0.3684210526315789
32.83503625560956,2.4473684210526314,2.305263157894737,0.42105263157894735
35.54168519817141,2.4473684210526314,2.305263157894737,0.47368421052631576
38.704677748584366,2.4473684210526314,2.305263157894737,0.5263157894736842
42.22286582433931,2.4473684210526314,2.305263157894737,0.5789473684210527
46.01941946500642,2.4473684210526314,2.305263157894737,0.631578947368421
50.035069152954726,2.4473684210526314,2.305263157894737,0.6842105263157894
54.223493797710425,2.4473684210526314,2.305263157894737,0.7368421052631579
58.54810291011445,2.4473684210526314,2.305263157894737,0.7894736842105263
62.97974459779411,2.4473684210526314,2.305263157894737,0.8421052631578947
67.49504145968854,2.4473684210526314,2.305263157894737,0.894736842105263
72.07516104143667,2.4473684210526314,2.305263157894737,0.9473684210526315
76.70489289512732,2.4473684210526314,2.305263157894737,1.0
54.102432029026396,2.4473684210526314,2.3578947368421055,0.0
40.0875191998649,2.4473684210526314,2.3578947368421055,0.05263157894736842
32.15192971965143,2.4473684210526314,2.3578947368421055,0.10526315789473684
27.83383729271067,2.4473684210526314,2.3578947368421055,0.15789473684210525
25.88148980421747,2.4473684210526314,2.3578947368421055,0.21052631578947367
25.55355757737505,2.4473684210526314,2.3578947368421055,0.2631578947368421
26.385473969792685,2.4473684210526314,2.3578947368421055,0.3157894736842105
28.127839645638403,2.4473684210526314,2.3578947368421055,0.3684210526315789
30.584907738776213,2.4473684210526314,2.3578947368421055,0.42105263157894735
33.5853285844468,2.4473684210526314,2.3578947368421055,0.47368421052631576
37.003950635110535,2.4473684210526314,2.3578947368421055,0.5263157894736842
40.74740895034726,2.4473684210526314,2.3578947368421055,0.5789473684210527
44.74476882908916,2.4473684210526314,2.3578947368421055,0.631578947368421
48.94129836838028,2.4473684210526314,2.3578947368421055,0.6842105263157894
53.294223109834,2.4473684210526314,2.3578947368421055,0.7368421052631579
57.76976535073593,2.4473684210526314,2.3578947368421055,0.7894736842105263
62.3410350007495,2.4473684210526314,2.3578947368421055,0.8421052631578947
66.98649733550936,2.4473684210526314,2.3578947368421055,0.894736842105263
71.68883985101408,2.4473684210526314,2.3578947368421055,0.9473684210526315
76.4339516989551,2.4473684210526314,2.3578947368421055,1.0
50.01308932118582,2.4473684210526314,2.4105263157894736,0.0
36.65305432150026,2.4473684210526314,2.4105263157894736,0.05263157894736842
29.13511220616057,2.4473684210526314,2.4105263157894736,0.10526315789473684
25.137355452790597,2.4473684210526314,2.4105263157894736,0.15789473684210525
23.461054578389078,2.4473684210526314,2.4105263157894736,0.21052631578947367
23.37868789825746,2.4473684210526314,2.4105263157894736,0.2631578947368421
24.47039322852925,2.4473684210526314,2.4105263157894736,0.3157894736842105
26.47014740357528,2.4473684210526314,2.4105263157894736,0.3684210526315789
29.150021221128053,2.4473684210526314,2.4105263157894736,0.42105263157894735
32.348318807016796,2.4473684210526314,2.4105263157894736,0.47368421052631576
35.94451005887818,2.4473684210526314,2.4105263157894736,0.5263157894736842
39.848892266876625,2.4473684210526314,2.4105263157894736,0.5789473684210527
43.99348321910989,2.4473684210526314,2.4105263157894736,0.631578947368421
48.325933196024856,2.4473684210526314,2.4105263157894736,0.6842105263157894
52.805399339882264,2.4473684210526314,2.4105263157894736,0.7368421052631579
57.399682134903536,2.4473684210526314,2.4105263157894736,0.7894736842105263
62.083192904654894,2.4473684210526314,2.4105263157894736,0.8421052631578947
66.83531375824117,2.4473684210526314,2.4105263157894736,0.894736842105263
71.63752162854065,2.4473684210526314,2.4105263157894736,0.9473684210526315
76.4757928180669,2.4473684210526314,2.4105263157894736,1.0
51.11525623000592,2.4473684210526314,2.463157894736842,0.0
36.886019506363866,2.4473684210526314,2.463157894736842,0.05263157894736842
28.816859774598516,2.4473684210526314,2.463157894736842,0.10526315789473684
24.54599272725041,2.4473684210526314,2.463157894736842,0.15789473684210525
22.747867395876728,2.4473684210526314,2.463157894736842,0.21052631578947367
22.65469724102184,2.4473684210526314,2.463157894736842,0.2631578947368421
23.829635403333523,2.4473684210526314,2.463157894736842,0.3157894736842105
25.92556872257293,2.4473684210526314,2.463157894736842,0.3684210526315789
28.70196598140533,2.4473684210526314,2.463157894736842,0.42105263157894735
31.99056089678787,2.4473684210526314,2.463157894736842,0.47368421052631576
35.67300773810916,2.4473684210526314,2.463157894736842,0.5263157894736842
39.66197810199152,2.4473684210526314,2.463157894736842,0.5789473684210527
43.890033499034324,2.4473684210526314,2.463157894736842,0.631578947368421
48.30469140981442,2.4473684210526314,2.463157894736842,0.6842105263157894
52.86516095873935,2.4473684210526314,2.463157894736842,0.7368421052631579
57.53907613453886,2.4473684210526314,2.463157894736842,0.7894736842105263
62.299039349822515,2.4473684210526314,2.463157894736842,0.8421052631578947
67.12423489357306,2.4473684210526314,2.463157894736842,0.894736842105263
71.99820070116125,2.4473684210526314,2.463157894736842,0.9473684210526315
76.90769095013317,2.4473684210526314,2.463157894736842,1.0
58.84394259274678,2.4473684210526314,2.515789473684211,0.0
41.71780809841829,2.4473684210526314,2.515789473684211,0.05263157894736842
31.90956674531402,2.4473684210526314,2.515789473684211,0.10526315789473684
26.59890842232526,2.4473684210526314,2.515789473684211,0.15789473684210525
24.181869633543542,2.4473684210526314,2.515789473684211,0.21052631578947367
23.766686700524264,2.4473684210526314,2.515789473684211,0.2631578947368421
24.747971485597223,2.4473684210526314,2.515789473684211,0.3157894736842105
26.72869367493895,2.4473684210526314,2.515789473684211,0.3684210526315789
29.440382420841807,2.4473684210526314,2.515789473684211,0.42105263157894735
32.697168925445425,2.4473684210526314,2.515789473684211,0.47368421052631576
36.367366329948425,2.4473684210526314,2.515789473684211,0.5263157894736842
40.35574549723622,2.4473684210526314,2.515789473684211,0.5789473684210527
44.593775238520124,2.4473684210526314,2.515789473684211,0.631578947368421
49.025996408695136,2.4473684210526314,2.515789473684211,0.6842105263157894
53.608450482500515,2.4473684210526314,2.515789473684211,0.7368421052631579
58.30892722140893,2.4473684210526314,2.515789473684211,0.7894736842105263
63.100810234126655,2.4473684210526314,2.515789473684211,0.8421052631578947
67.96271921777802,2.4473684210526314,2.515789473684211,0.894736842105263
72.87753111666713,2.4473684210526314,2.515789473684211,0.9473684210526315
77.8315001008106,2.4473684210526314,2.515789473684211,1.0
75.43163574488078,2.4473684210526314,2.568421052631579,0.0
52.642157374220794,2.4473684210526314,2.568421052631579,0.05263157894736842
39.45934169756212,2.4473684210526314,2.568421052631579,0.10526315789473684
32.07792465209742,2.4473684210526314,2.568421052631579,0.15789473684210525
28.40856084332035,2.4473684210526314,2.568421052631579,0.21052631578947367
27.187865143440096,2.4473684210526314,2.568421052631579,0.2631578947368421
27.624851777649855,2.4473684210526314,2.568421052631579,0.3157894736842105
29.222248998212105,2.4473684210526314,2.568421052631579,0.3684210526315789
31.660096828976876,2.4473684210526314,2.568421052631579,0.42105263157894735
34.71908905027667,2.4473684210526314,2.568421052631579,0.47368421052631576
38.24522685832629,2.4473684210526314,2.568421052631579,0.5263157894736842
42.12688146033323,2.4473684210526314,2.568421052631579,0.5789473684210527
46.282439962930304,2.4473684210526314,2.568421052631579,0.631578947368421
50.65240707115819,2.4473684210526314,2.568421052631579,0.6842105263157894
55.19194551039932,2.4473684210526314,2.568421052631579,0.7368421052631579
59.86381021291244,2.4473684210526314,2.568421052631579,0.7894736842105263
64.63867779505777,2.4473684210526314,2.568421052631579,0.8421052631578947
69.49329368676729,2.4473684210526314,2.568421052631579,0.894736842105263
74.40973810174602,2.4473684210526314,2.568421052631579,0.9473684210526315
79.37410837553276,2.4473684210526314,2.568421052631579,1.0
104.23878675394566,2.4473684210526314,2.6210526315789475,0.0
71.87727675528454,2.4473684210526314,2.6210526315789475,0.05263157894736842
52.98282634220821,2.4473684210526314,2.6210526315789475,0.10526315789473684
42.12598564423735,2.4473684210526314,2.6210526315789475,0.15789473684210525
36.25634636063391,2.4473684210526314,2.6210526315789475,0.21052631578947367
33.56972149266781,2.4473684210526314,2.6210526315789475,0.2631578947368421
32.99123432596481,2.4473684210526314,2.6210526315789475,0.3157894736842105
33.85958367734109,2.4473684210526314,2.6210526315789475,0.3684210526315789
35.7531045658566,2.4473684210526314,2.6210526315789475,0.42105263157894735
38.397385540408656,2.4473684210526314,2.6210526315789475,0.47368421052631576
41.60230125536997,2.4473684210526314,2.6210526315789475,0.5263157894736842
45.23246549145705,2.4473684210526314,2.6210526315789475,0.5789473684210527
49.189871844914755,2.4473684210526314,2.6210526315789475,0.631578947368421
53.40178231667724,2.4473684210526314,2.6210526315789475,0.6842105263157894
57.81313820258264,2.4473684210526314,2.6210526315789475,0.7368421052631579
62.3839088596716,2.4473684210526314,2.6210526315789475,0.7894736842105263
67.0813328674052,2.4473684210526314,2.6210526315789475,0.8421052631578947
71.87832222460452,2.4473684210526314,2.6210526315789475,0.894736842105263
76.75333189293477,2.4473684210526314,2.6210526315789475,0.9473684210526315
81.68914908149566,2.4473684210526314,2.6210526315789475,1.0
150.42095887368083,2.4473684210526314,2.673684210526316,0.0
102.69380394675896,2.4473684210526314,2.673684210526316,0.05263157894736842
74.70559357338614,2.4473684210526314,2.673684210526316,0.10526315789473684
58.293780887863946,2.4473684210526314,2.673684210526316,0.15789473684210525
48.86420144749795,2.4473684210526314,2.673684210526316,0.21052631578947367
43.79732564029552,2.4473684210526314,2.673684210526316,0.2631578947368421
41.559687850065735,2.4473684210526314,2.673684210526316,0.3157894736842105
41.22625655002582,2.4473684210526314,2.673684210526316,0.3684210526315789
42.220067707271866,2.4473684210526314,2.673684210526316,0.42105263157894735
44.16869266025233,2.4473684210526314,2.673684210526316,0.47368421052631576
46.82678498346041,2.4473684210526314,2.673684210526316,0.5263157894736842
50.02164065575799,2.4473684210526314,2.673684210526316,0.5789473684210527
53.62837449085507,2.4473684210526314,2.673684210526316,0.631578947368421
57.55556607020575,2.4473684210526314,2.673684210526316,0.6842105263157894
61.73470038419421,2.4473684210526314,2.673684210526316,0.7368421052631579
66.11341223134801,2.4473684210526314,2.673684210526316,0.7894736842105263
70.65152400354528,2.4473684210526314,2.673684210526316,0.8421052631578947
75.31962973182773,2.4473684210526314,2.673684210526316,0.894736842105263
80.09197436570084,2.4473684210526314,2.673684210526316,0.9473684210526315
84.94756339827237,2.4473684210526314,2.673684210526316,1.0
221.71369168355443,2.4473684210526314,2.7263157894736842,0.0
149.903019260685,2.4473684210526314,2.7263157894736842,0.05263157894736842
107.7766895108716,2.4473684210526314,2.7263157894736842,0.10526315789473684
82.71793912133462,2.4473684210526314,2.7263157894736842,0.15789473684210525
67.77566422493446,2.4473684210526314,2.7263157894736842,0.21052631578947367
59.03971887922483,2.4473684210526314,2.7263157894736842,0.2631578947368421
54.25431958640363,2.4473684210526314,2.7263157894736842,0.3157894736842105
52.080368045359975,2.4473684210526314,2.7263157894736842,0.3684210526315789
51.697391978685175,2.4473684210526314,2.7263157894736842,0.42105263157894735
52.58533078473101,2.4473684210526314,2.7263157894736842,0.47368421052631576
54.40286598728364,2.4473684210526314,2.7263157894736842,0.5263157894736842
56.92159018181646,2.4473684210526314,2.7263157894736842,0.5789473684210527
59.97854298425038,2.4473684210526314,2.7263157894736842,0.631578947368421
63.45391545803058,2.4473684210526314,2.7263157894736842,0.6842105263157894
67.25893551047808,2.4473684210526314,2.7263157894736842,0.7368421052631579
71.32636867754734,2.4473684210526314,2.7263157894736842,0.7894736842105263
75.60436095195153,2.4473684210526314,2.7263157894736842,0.8421052631578947
80.05233339063498,2.4473684210526314,2.7263157894736842,0.894736842105263
84.63931108359346,2.4473684210526314,2.7263157894736842,0.9473684210526315
89.34160297426708,2.4473684210526314,2.7263157894736842,1.0
329.7520743534229,2.4473684210526314,2.778947368421053,0.0
220.60291081037107,2.4473684210526314,2.778947368421053,0.05263157894736842
156.66709418007386,2.4473684210526314,2.778947368421053,0.10526315789473684
118.38787371787316,2.4473684210526314,2.778947368421053,0.15789473684210525
95.09753977203977,2.4473684210526314,2.778947368421053,0.21052631578947367
80.8569396821407,2.4473684210526314,2.778947368421053,0.2631578947368421
72.280777192424,2.4473684210526314,2.778947368421053,0.3157894736842105
67.38693481023184,2.4473684210526314,2.778947368421053,0.3684210526315789
64.97940617786757,2.4473684210526314,2.778947368421053,0.42105263157894735
64.31242516885071,2.4473684210526314,2.778947368421053,0.47368421052631576
64.90458950319325,2.4473684210526314,2.778947368421053,0.5263157894736842
66.43409563134185,2.4473684210526314,2.778947368421053,0.5789473684210527
68.68171389573178,2.4473684210526314,2.778947368421053,0.631578947368421
71.48895309432665,2.4473684210526314,2.778947368421053,0.6842105263157894
74.73727333059546,2.4473684210526314,2.778947368421053,0.7368421052631579
78.33773892702378,2.4473684210526314,2.778947368421053,0.7894736842105263
82.22226346225791,2.4473684210526314,2.778947368421053,0.8421052631578947
86.33785197099506,2.4473684210526314,2.778947368421053,0.894736842105263
90.64270726677434,2.4473684210526314,2.778947368421053,0.9473684210526315
95.10353278062094,2.4473684210526314,2.778947368421053,1.0
492.25148104558474,2.4473684210526314,2.8315789473684214,0.0
325.3469526081789,2.4473684210526314,2.8315789473684214,0.05263157894736842
227.98350685710213,2.4473684210526314,2.8315789473684214,0.10526315789473684
169.65789758545256,2.4473684210526314,2.8315789473684214,0.15789473684210525
133.85484046546236,2.4473684210526314,2.8315789473684214,0.21052631578947367
111.45980594471902,2.4473684210526314,2.8315789473684214,0.2631578947368421
97.33051439361888,2.4473684210526314,2.8315789473684214,0.3157894736842105
88.49150125678118,2.4473684210526314,2.8315789473684214,0.3684210526315789
83.17113787561726,2.4473684210526314,2.8315789473684214,0.42105263157894735
80.28068194305476,2.4473684210526314,2.8315789473684214,0.47368421052631576
79.12798145925976,2.4473684210526314,2.8315789473684214,0.5263157894736842
79.25733960359149,2.4473684210526314,2.8315789473684214,0.5789473684210527
80.35816642467279,2.4473684210526314,2.8315789473684214,0.631578947368421
82.21474158116108,2.4473684210526314,2.8315789473684214,0.6842105263157894
84.66915080122516,2.4473684210526314,2.8315789473684214,0.7368421052631579
87.60123754610636,2.4473684210526314,2.8315789473684214,0.7894736842105263
90.91971802764495,2.4473684210526314,2.8315789473684214,0.8421052631578947
94.55395326273569,2.4473684210526314,2.8315789473684214,0.894736842105263
98.4484534780517,2.4473684210526314,2.8315789473684214,0.9473684210526315
102.55910626804466,2.4473684210526314,2.8315789473684214,1.0
736.0313508717487,2.4473684210526314,2.8842105263157896,0.0
479.9040604431637,2.4473684210526314,2.8842105263157896,0.05263157894736842
331.4164871557241,2.4473684210526314,2.8842105263157896,0.10526315789473684
242.78342862346412,2.4473684210526314,2.8842105263157896,0.15789473684210525
188.30184824308213,2.4473684210526314,2.8842105263157896,0.21052631578947367
153.89513891632635,2.4473684210526314,2.8842105263157896,0.2631578947368421
131.69248135846922,2.4473684210526314,2.8842105263157896,0.3157894736842105
117.18675001307422,2.4473684210526314,2.8842105263157896,0.3684210526315789
107.72594567305389,2.4473684210526314,2.8842105263157896,0.42105263157894735
101.70154268214688,2.4473684210526314,2.8842105263157896,0.47368421052631576
98.10518423321007,2.4473684210526314,2.8842105263157896,0.5263157894736842
96.2824639768529,2.4473684210526314,2.8842105263157896,0.5789473684210527
95.79358119986011,2.4473684210526314,2.8842105263157896,0.631578947368421
96.33281028140983,2.4473684210526314,2.8842105263157896,0.6842105263157894
97.68351986286687,2.4473684210526314,2.8842105263157896,0.7368421052631579
99.68529775570022,2.4473684210526314,2.8842105263157896,0.7894736842105263
102.21404367501486,2.4473684210526314,2.8842105263157896,0.8421052631578947
105.17432539197387,2.4473684210526314,2.8842105263157896,0.894736842105263
108.49152213897527,2.4473684210526314,2.8842105263157896,0.9473684210526315
112.10649059564749,2.4473684210526314,2.8842105263157896,1.0
1101.9348525909884,2.4473684210526314,2.936842105263158,0.0
707.9465450603103,2.4473684210526314,2.936842105263158,0.05263157894736842
481.2569970265753,2.4473684210526314,2.936842105263158,0.10526315789473684
346.80556975586444,2.4473684210526314,2.936842105263158,0.15789473684210525
264.4571923226201,2.4473684210526314,2.936842105263158,0.21052631578947367
212.38279487479392,2.4473684210526314,2.936842105263158,0.2631578947368421
178.47492990030466,2.4473684210526314,2.936842105263158,0.3157894736842105
155.86511642307488,2.4473684210526314,2.936842105263158,0.3684210526315789
140.55512633780054,2.4473684210526314,2.936842105263158,0.42105263157894735
130.1489211072808,2.4473684210526314,2.936842105263158,0.47368421052631576
123.1639648345717,2.4473684210526314,2.936842105263158,0.5263157894736842
118.65115172913596,2.4473684210526314,2.936842105263158,0.5789473684210527
115.98125815831277,2.4473684210526314,2.936842105263158,0.631578947368421
114.72253130495798,2.4473684210526314,2.936842105263158,0.6842105263157894
114.56894096359318,2.4473684210526314,2.936842105263158,0.7368421052631579
115.29934581023652,2.4473684210526314,2.936842105263158,0.7894736842105263
116.74818491452959,2.4473684210526314,2.936842105263158,0.8421052631578947
118.7854403222409,2.4473684210526314,2.936842105263158,0.894736842105263
121.30995496359112,2.4473684210526314,2.936842105263158,0.9473684210526315
124.24185271150166,2.4473684210526314,2.936842105263158,1.0
1652.4318100443497,2.4473684210526314,2.9894736842105267,0.0
1045.1862521774856,2.4473684210526314,2.9894736842105267,0.05263157894736842
698.7082653287329,2.4473684210526314,2.9894736842105267,0.10526315789473684
494.88268846106945,2.4473684210526314,2.9894736842105267,0.15789473684210525
370.89847464338317,2.4473684210526314,2.9894736842105267,0.21052631578947367
292.80950717637637,2.4473684210526314,2.9894736842105267,0.2631578947368421
241.92630233243074,2.4473684210526314,2.9894736842105267,0.3157894736842105
207.7371814935575,2.4473684210526314,2.9894736842105267,0.3684210526315789
184.18346284646717,2.4473684210526314,2.9894736842105267,0.42105263157894735
167.67475776655797,2.4473684210526314,2.9894736842105267,0.47368421052631576
156.01672151428536,2.4473684210526314,2.9894736842105267,0.5263157894736842
147.82279279276096,2.4473684210526314,2.9894736842105267,0.5789473684210527
142.1858774214659,2.4473684210526314,2.9894736842105267,0.631578947368421
138.49156442435327,2.4473684210526314,2.9894736842105267,0.6842105263157894
136.30956958162432,2.4473684210526314,2.9894736842105267,0.7368421052631579
135.32914028884002,2.4473684210526314,2.9894736842105267,0.7894736842105263
135.32150475320927,2.4473684210526314,2.9894736842105267,0.8421052631578947
136.11357097439685,2.4473684210526314,2.9894736842105267,0.894736842105263
137.56762468802933,2.4473684210526314,2.9894736842105267,0.9473684210526315
139.5753285957586,2.4473684210526314,2.9894736842105267,1.0
2483.4071031418202,2.4473684210526314,3.042105263157895,0.0
1545.7489687940358,2.4473684210526314,3.042105263157895,0.05263157894736842
1015.4134305833899,2.4473684210526314,3.042105263157895,0.10526315789473684
706.2976731324267,2.4473684210526314,3.042105263157895,0.15789473684210525
519.9427579084552,2.4473684210526314,3.042105263157895,0.21052631578947367
403.45024025003903,2.4473684210526314,3.042105263157895,0.2631578947368421
327.89527958216087,2.4473684210526314,3.042105263157895,0.3157894736842105
277.13871600158416,2.4473684210526314,3.042105263157895,0.3684210526315789
241.9637334540725,2.4473684210526314,3.042105263157895,0.42105263157894735
216.96552507367517,2.4473684210526314,3.042105263157895,0.47368421052631576
198.8792150142963,2.4473684210526314,3.042105263157895,0.5263157894736842
185.66760566595485,2.4473684210526314,3.042105263157895,0.5789473684210527
176.01522074095675,2.4473684210526314,3.042105263157895,0.631578947368421
169.0424892586217,2.4473684210526314,3.042105263157895,0.6842105263157894
164.1409475558686,2.4473684210526314,3.042105263157895,0.7368421052631579
160.8760397204904,2.4473684210526314,3.042105263157895,0.7894736842105263
158.9284685056887,2.4473684210526314,3.042105263157895,0.8421052631578947
158.0591068192755,2.4473684210526314,3.042105263157895,0.894736842105263
158.08501779904387,2.4473684210526314,3.042105263157895,0.9473684210526315
158.85903848950366,2.4473684210526314,3.042105263157895,1.0
3742.5093408879293,2.4473684210526314,3.094736842105263,0.0
2292.022758731557,2.4473684210526314,3.094736842105263,0.05263157894736842
1478.856219757099,2.4473684210526314,3.094736842105263,0.10526315789473684
1009.4968134612293,2.4473684210526314,3.094736842105263,0.15789473684210525
729.4097946193305,2.4473684210526314,3.094736842105263,0.21052631578947367
556.028686548897,2.4473684210526314,3.094736842105263,0.2631578947368421
444.495145162774,2.4473684210526314,3.094736842105263,0.3157894736842105
369.9656929189521,2.4473684210526314,3.094736842105263,0.3684210526315789
318.3748040614976,2.4473684210526314,3.094736842105263,0.42105263157894735
281.55572930863946,2.4473684210526314,3.094736842105263,0.47368421052631576
254.62983444775887,2.4473684210526314,3.094736842105263,0.5263157894736842
234.58976241228714,2.4473684210526314,3.094736842105263,0.5789473684210527
219.51826939892027,2.4473684210526314,3.094736842105263,0.631578947368421
208.15011707849692,2.4473684210526314,3.094736842105263,0.6842105263157894
199.620940932504,2.4473684210526314,3.094736842105263,0.7368421052631579
193.32030015818444,2.4473684210526314,3.094736842105263,0.7894736842105263
188.80408351461466,2.4473684210526314,3.094736842105263,0.8421052631578947
185.7404725835684,2.4473684210526314,3.094736842105263,0.894736842105263
183.87698509937997,2.4473684210526314,3.094736842105263,0.9473684210526315
183.01876015901732,2.4473684210526314,3.094736842105263,1.0
5657.757270625885,2.4473684210526314,3.1473684210526316,0.0
3409.907240206108,2.4473684210526314,3.1473684210526316,0.05263157894736842
2160.6537976857267,2.4473684210526314,3.1473684210526316,0.10526315789473684
1446.7084841498406,2.4473684210526314,3.1473684210526316,0.15789473684210525
1025.2687330285612,2.4473684210526314,3.1473684210526316,0.21052631578947367
767.2857598396808,2.4473684210526314,3.1473684210526316,0.2631578947368421
603.0698773855615,2.4473684210526314,3.1473684210526316,0.3157894736842105
494.2952556040454,2.4473684210526314,3.1473684210526316,0.3684210526315789
419.4390657164068,2.4473684210526314,3.1473684210526316,0.42105263157894735
366.12133212665117,2.4473684210526314,3.1473684210526316,0.47368421052631576
327.0247940352453,2.4473684210526314,3.1473684210526316,0.5263157894736842
297.6918809606719,2.4473684210526314,3.1473684210526316,0.5789473684210527
275.31586663543106,2.4473684210526314,3.1473684210526316,0.631578947368421
258.0678034262813,2.4473684210526314,3.1473684210526316,0.6842105263157894
244.71391794302536,2.4473684210526314,3.1473684210526316,0.7368421052631579
234.39356519188786,2.4473684210526314,3.1473684210526316,0.7894736842105263
226.48737781800327,2.4473684210526314,3.1473684210526316,0.8421052631578947
220.53697870764339,2.4473684210526314,3.1473684210526316,0.894736842105263
216.19476234358208,2.4473684210526314,3.1473684210526316,0.9473684210526315
213.19032173975904,2.4473684210526314,3.1473684210526316,1.0
8582.203468683205,2.4473684210526314,3.2,0.0
5092.472450163782,2.4473684210526314,3.2,0.05263157894736842
3169.3244552986703,2.4473684210526314,3.2,0.10526315789473684
2080.987556660241,2.4473684210526314,3.2,0.15789473684210525
1445.6288851406387,2.4473684210526314,3.2,0.21052631578947367
1061.3123525090482,2.4473684210526314,3.2,0.2631578947368421
819.6082197186972,2.4473684210526314,3.2,0.3157894736842105
661.2786011816477,2.4473684210526314,3.2,0.3684210526315789
553.3117330284131,2.4473684210526314,3.2,0.42105263157894735
476.8873723759037,2.4473684210526314,3.2,0.47368421052631576
420.9932227116327,2.4473684210526314,3.2,0.5263157894736842
378.99550478948004,2.4473684210526314,3.2,0.5789473684210527
346.7685620732953,2.4473684210526314,3.2,0.631578947368421
321.65824781973214,2.4473684210526314,3.2,0.6842105263157894
301.8969374808684,2.4473684210526314,3.2,0.7368421052631579
286.266690241691,2.4473684210526314,3.2,0.7894736842105263
273.90092547611164,2.4473684210526314,3.2,0.8421052631578947
264.1647153071586,2.4473684210526314,3.2,0.894736842105263
256.5762024437514,2.4473684210526314,3.2,0.9473684210526315
250.7661781397798,2.4473684210526314,3.2,1.0
94.55918983119919,2.552631578947368,2.2,0.0
70.06268281432217,2.552631578947368,2.2,0.05263157894736842
55.13229709630116,2.552631578947368,2.2,0.10526315789473684
46.22649052078761,2.552631578947368,2.2,0.15789473684210525
41.03431249598873,2.552631578947368,2.2,0.21052631578947367
38.233385731083736,2.552631578947368,2.2,0.2631578947368421
37.109382961871695,2.552631578947368,2.2,0.3157894736842105
37.19150222960956,2.552631578947368,2.2,0.3684210526315789
38.17322450119129,2.552631578947368,2.2,0.42105263157894735
39.843363737230426,2.552631578947368,2.2,0.47368421052631576
42.11106114339904,2.552631578947368,2.2,0.5263157894736842
44.85983255526408,2.552631578947368,2.2,0.5789473684210527
47.988473941684305,2.552631578947368,2.2,0.631578947368421
51.419237726870136,2.552631578947368,2.2,0.6842105263157894
55.09154537462031,2.552631578947368,2.2,0.7368421052631579
58.957629667165904,2.552631578947368,2.2,0.7894736842105263
62.979451736428075,2.552631578947368,2.2,0.8421052631578947
67.12647769123295,2.552631578947368,2.2,0.894736842105263
71.3740465033124,2.552631578947368,2.2,0.9473684210526315
75.7021523741033,2.552631578947368,2.2,1.0
78.07658091664065,2.552631578947368,2.2526315789473688,0.0
57.86960776041256,2.552631578947368,2.2526315789473688,0.05263157894736842
45.756042353556005,2.552631578947368,2.2526315789473688,0.10526315789473684
38.71881272139569,2.552631578947368,2.2526315789473688,0.15789473684210525
34.76579462471617,2.552631578947368,2.2526315789473688,0.21052631578947367
32.89247401516066,2.552631578947368,2.2526315789473688,0.2631578947368421
32.48417459996605,2.552631578947368,2.2526315789473688,0.3157894736842105
33.14090400331438,2.552631578947368,2.2526315789473688,0.3684210526315789
34.596878691654105,2.552631578947368,2.2526315789473688,0.42105263157894735
36.7209858983288,2.552631578947368,2.2526315789473688,0.47368421052631576
39.388405088972924,2.552631578947368,2.2526315789473688,0.5263157894736842
42.48090141897405,2.552631578947368,2.2526315789473688,0.5789473684210527
45.908819681873084,2.552631578947368,2.2526315789473688,0.631578947368421
49.60308459317532,2.552631578947368,2.2526315789473688,0.6842105263157894
53.50975301806064,2.552631578947368,2.2526315789473688,0.7368421052631579
57.58622226035336,2.552631578947368,2.2526315789473688,0.7894736842105263
61.798536274856026,2.552631578947368,2.2526315789473688,0.8421052631578947
66.11943502693185,2.552631578947368,2.2526315789473688,0.894736842105263
70.52691700604701,2.552631578947368,2.2526315789473688,0.9473684210526315
75.00297702935521,2.552631578947368,2.2526315789473688,1.0
65.60380065756203,2.552631578947368,2.305263157894737,0.0
48.498289422723666,2.552631578947368,2.305263157894737,0.05263157894736842
38.449279162219035,2.552631578947368,2.305263157894737,0.10526315789473684
32.72942036640986,2.552631578947368,2.305263157894737,0.15789473684210525
29.706110225160554,2.552631578947368,2.305263157894737,0.21052631578947367
28.536225978159194,2.552631578947368,2.305263157894737,0.2631578947368421
28.68110515758157,2.552631578947368,2.305263157894737,0.3157894736842105
29.792237290989842,2.552631578947368,2.305263157894737,0.3684210526315789
31.67216780263815,2.552631578947368,2.305263157894737,0.42105263157894735
34.18277210703421,2.552631578947368,2.305263157894737,0.47368421052631576
37.18144714583182,2.552631578947368,2.305263157894737,0.5263157894736842
40.56177475770105,2.552631578947368,2.305263157894737,0.5789473684210527
44.24288149517568,2.552631578947368,2.305263157894737,0.631578947368421
48.162344392911244,2.552631578947368,2.305263157894737,0.6842105263157894
52.27134952261509,2.552631578947368,2.305263157894737,0.7368421052631579
56.53131408787869,2.552631578947368,2.305263157894737,0.7894736842105263
60.91148027205616,2.552631578947368,2.305263157894737,0.8421052631578947
65.38703415775711,2.552631578947368,2.305263157894737,0.894736842105263
69.93593811481969,2.552631578947368,2.305263157894737,0.9473684210526315
74.5411536636561,2.552631578947368,2.305263157894737,1.0
57.29869998927924,2.552631578947368,2.3578947368421055,0.0
42.09726225954942,2.552631578947368,2.3578947368421055,0.05263157894736842
33.33168398079425,2.552631578947368,2.3578947368421055,0.10526315789473684
28.4126301559664,2.552631578947368,2.3578947368421055,0.15789473684210525
25.997107288535922,2.552631578947368,2.3578947368421055,0.21052631578947367
25.301388643953082,2.552631578947368,2.3578947368421055,0.2631578947368421
25.8329631760749,2.552631578947368,2.3578947368421055,0.3157894736842105
27.295559590707096,2.552631578947368,2.3578947368421055,0.3684210526315789
29.518704037987778,2.552631578947368,2.3578947368421055,0.42105263157894735
32.32404735210552,2.552631578947368,2.3578947368421055,0.47368421052631576
35.57948118750101,2.552631578947368,2.3578947368421055,0.5263157894736842
39.18640722105396,2.552631578947368,2.3578947368421055,0.5789473684210527
43.06987443327803,2.552631578947368,2.3578947368421055,0.631578947368421
47.17201654432817,2.552631578947368,2.3578947368421055,0.6842105263157894
51.44757911012341,2.552631578947368,2.3578947368421055,0.7368421052631579
55.86059905167241,2.552631578947368,2.3578947368421055,0.7894736842105263
60.38056391395831,2.552631578947368,2.3578947368421055,0.8421052631578947
64.98390986576595,2.552631578947368,2.3578947368421055,0.894736842105263
69.65199073252792,2.552631578947368,2.3578947368421055,0.9473684210526315
74.36970790951331,2.552631578947368,2.3578947368421055,1.0
53.67456541482038,2.552631578947368,2.4105263157894736,0.0
39.04486566264106,2.552631578947368,2.4105263157894736,0.05263157894736842
30.65490075850392,2.552631578947368,2.4105263157894736,0.10526315789473684
26.015951279257056,2.552631578947368,2.4105263157894736,0.15789473684210525
23.849116561108612,2.552631578947368,2.4105263157894736,0.21052631578947367
23.377749268402543,2.552631578947368,2.4105263157894736,0.2631578947368421
24.12973434857347,2.552631578947368,2.4105263157894736,0.3157894736842105
25.842704854727774,2.552631578947368,2.4105263157894736,0.3684210526315789
28.281979095303743,2.552631578947368,2.4105263157894736,0.42105263157894735
31.27798595749043,2.552631578947368,2.4105263157894736,0.47368421052631576
34.705291379486304,2.552631578947368,2.4105263157894736,0.5263157894736842
38.4687018268551,2.552631578947368,2.4105263157894736,0.5789473684210527
42.496034009110986,2.552631578947368,2.4105263157894736,0.631578947368421
46.7312017388913,2.552631578947368,2.4105263157894736,0.6842105263157894
51.12894278761159,2.552631578947368,2.4105263157894736,0.7368421052631579
55.65459256243007,2.552631578947368,2.4105263157894736,0.7894736842105263
60.28064009804096,2.552631578947368,2.4105263157894736,0.8421052631578947
64.98500985678672,2.552631578947368,2.4105263157894736,0.894736842105263
69.74991030614396,2.552631578947368,2.4105263157894736,0.9473684210526315
74.5609693631552,2.552631578947368,2.4105263157894736,1.0
55.695916364800965,2.552631578947368,2.463157894736842,0.0
40.00836699423121,2.552631578947368,2.463157894736842,0.05263157894736842
30.939781579309056,2.552631578947368,2.463157894736842,0.10526315789473684
25.939303395622648,2.552631578947368,2.463157894736842,0.15789473684210525
23.58742454613176,2.552631578947368,2.463157894736842,0.21052631578947367
23.040383746046643,2.552631578947368,2.463157894736842,0.2631578947368421
23.834325645169464,2.552631578947368,2.463157894736842,0.3157894736842105
25.619847117488174,2.552631578947368,2.463157894736842,0.3684210526315789
28.14046560863089,2.552631578947368,2.463157894736842,0.42105263157894735
31.21671420117519,2.552631578947368,2.463157894736842,0.47368421052631576
34.720438508198704,2.552631578947368,2.463157894736842,0.5263157894736842
38.55799477701979,2.552631578947368,2.463157894736842,0.5789473684210527
42.65618239953627,2.552631578947368,2.463157894736842,0.631578947368421
46.9605204749623,2.552631578947368,2.463157894736842,0.6842105263157894
51.42735666190224,2.552631578947368,2.463157894736842,0.7368421052631579
56.022118084628914,2.552631578947368,2.463157894736842,0.7894736842105263
60.71730940378934,2.552631578947368,2.463157894736842,0.8421052631578947
65.49091789816893,2.552631578947368,2.463157894736842,0.894736842105263
70.32524232566902,2.552631578947368,2.463157894736842,0.9473684210526315
75.20601737524649,2.552631578947368,2.463157894736842,1.0
64.94176025137065,2.552631578947368,2.515789473684211,0.0
46.01081044835559,2.552631578947368,2.515789473684211,0.05263157894736842
34.97189166456026,2.552631578947368,2.515789473684211,0.10526315789473684
28.778545746327595,2.552631578947368,2.515789473684211,0.15789473684210525
25.68805618655318,2.552631578947368,2.515789473684211,0.21052631578947367
24.727261426976675,2.552631578947368,2.515789473684211,0.2631578947368421
25.274096794169832,2.552631578947368,2.515789473684211,0.3157894736842105
26.901786131918872,2.552631578947368,2.515789473684211,0.3684210526315789
29.32356314083389,2.552631578947368,2.515789473684211,0.42105263157894735
32.3386839283839,2.552631578947368,2.515789473684211,0.47368421052631576
35.80560313426885,2.552631578947368,2.515789473684211,0.5263157894736842
39.62129248095158,2.552631578947368,2.515789473684211,0.5789473684210527
43.710983153281006,2.552631578947368,2.515789473684211,0.631578947368421
48.017535559125555,2.552631578947368,2.515789473684211,0.6842105263157894
52.49479467604655,2.552631578947368,2.515789473684211,0.7368421052631579
57.10659360670988,2.552631578947368,2.515789473684211,0.7894736842105263
61.825092220743166,2.552631578947368,2.515789473684211,0.8421052631578947
66.62834510139115,2.552631578947368,2.515789473684211,0.894736842105263
71.49781808997909,2.552631578947368,2.515789473684211,0.9473684210526315
76.41860024876807,2.552631578947368,2.515789473684211,1.0
83.86392542463011,2.552631578947368,2.568421052631579,0.0
58.68498521995368,2.552631578947368,2.568421052631579,0.05263157894736842
43.89996679683354,2.552631578947368,2.568421052631579,0.10526315789473684
35.38716665729021,2.552631578947368,2.568421052631579,0.15789473684210525
30.853441953316608,2.552631578947368,2.568421052631579,0.21052631578947367
28.971370887073025,2.552631578947368,2.568421052631579,0.2631578947368421
28.886771969557877,2.552631578947368,2.568421052631579,0.3157894736842105
30.062620638039807,2.552631578947368,2.568421052631579,0.3684210526315789
32.152750324191395,2.552631578947368,2.568421052631579,0.42105263157894735
34.922191322685286,2.552631578947368,2.568421052631579,0.47368421052631576
38.204726261405106,2.552631578947368,2.568421052631579,0.5263157894736842
41.88123959428673,2.552631578947368,2.568421052631579,0.5789473684210527
45.86409546301995,2.552631578947368,2.568421052631579,0.631578947368421
50.08758035143353,2.552631578947368,2.568421052631579,0.6842105263157894
54.50385458143632,2.552631578947368,2.568421052631579,0.7368421052631579
59.07355786163556,2.552631578947368,2.568421052631579,0.7894736842105263
63.76486407893076,2.552631578947368,2.568421052631579,0.8421052631578947
68.5524933161919,2.552631578947368,2.568421052631579,0.894736842105263
73.41624614488876,2.552631578947368,2.568421052631579,0.9473684210526315
78.33993370317907,2.552631578947368,2.568421052631579,1.0
116.14199350975096,2.552631578947368,2.6210526315789475,0.0
80.45703088291097,2.552631578947368,2.6210526315789475,0.05263157894736842
59.38314679782224,2.552631578947368,2.6210526315789475,0.10526315789473684
46.99220423172951,2.552631578947368,2.6210526315789475,0.15789473684210525
40.00749101721968,2.552631578947368,2.6210526315789475,0.21052631578947367
36.480681856316984,2.552631578947368,2.6210526315789475,0.2631578947368421
35.24742180210043,2.552631578947368,2.6210526315789475,0.3157894736842105
35.5914641448429,2.552631578947368,2.6210526315789475,0.3684210526315789
37.05683246032665,2.552631578947368,2.6210526315789475,0.42105263157894735
39.34598189932384,2.552631578947368,2.6210526315789475,0.47368421052631576
42.254761628891615,2.552631578947368,2.6210526315789475,0.5263157894736842
45.636419173746646,2.552631578947368,2.6210526315789475,0.5789473684210527
49.38464461383616,2.552631578947368,2.6210526315789475,0.631578947368421
53.42046488435524,2.552631578947368,2.6210526315789475,0.6842105263157894
57.683954985060296,2.552631578947368,2.6210526315789475,0.7368421052631579
62.129666777361145,2.552631578947368,2.6210526315789475,0.7894736842105263
66.7237857687266,2.552631578947368,2.6210526315789475,0.8421052631578947
71.43699565011647,2.552631578947368,2.6210526315789475,0.894736842105263
76.24571460331236,2.552631578947368,2.6210526315789475,0.9473684210526315
81.13106224058032,2.552631578947368,2.6210526315789475,1.0
167.37450117009655,2.552631578947368,2.673684210526316,0.0
114.88069398343981,2.552631578947368,2.673684210526316,0.05263157894736842
83.8070037403552,2.552631578947368,2.673684210526316,0.10526315789473684
65.29797938248436,2.552631578947368,2.673684210526316,0.15789473684210525
54.381718262792106,2.552631578947368,2.673684210526316,0.21052631578947367
48.21503539786641,2.552631578947368,2.673684210526316,0.2631578947368421
45.13383945159692,2.552631578947368,2.673684210526316,0.3157894736842105
44.134003539473014,2.552631578947368,2.673684210526316,0.3684210526315789
44.589183061529,2.552631578947368,2.673684210526316,0.42105263157894735
46.094813662446136,2.552631578947368,2.673684210526316,0.47368421052631576
48.38299167722481,2.552631578947368,2.673684210526316,0.5263157894736842
51.26783151714122,2.552631578947368,2.673684210526316,0.5789473684210527
54.61342812314276,2.552631578947368,2.673684210526316,0.631578947368421
58.32017828001436,2.552631578947368,2.673684210526316,0.6842105263157894
62.31333439399648,2.552631578947368,2.673684210526316,0.7368421052631579
66.53567769023289,2.552631578947368,2.673684210526316,0.7894736842105263
70.94269576369993,2.552631578947368,2.673684210526316,0.8421052631578947
75.50096084835961,2.552631578947368,2.673684210526316,0.894736842105263
80.18401752642175,2.552631578947368,2.673684210526316,0.9473684210526315
84.96870929212001,2.552631578947368,2.673684210526316,1.0
245.94315689122436,2.552631578947368,2.7263157894736842,0.0
167.13505426472128,2.552631578947368,2.7263157894736842,0.05263157894736842
120.58205742102503,2.552631578947368,2.7263157894736842,0.10526315789473684
92.59797348780651,2.552631578947368,2.7263157894736842,0.15789473684210525
75.62733895316957,2.552631578947368,2.7263157894736842,0.21052631578947367
65.42011713349578,2.552631578947368,2.7263157894736842,0.2631578947368421
59.52436731428386,2.552631578947368,2.7263157894736842,0.3157894736842105
56.484393945278846,2.552631578947368,2.7263157894736842,0.3684210526315789
55.40809598914625,2.552631578947368,2.7263157894736842,0.42105263157894735
55.72981273919128,2.552631578947368,2.7263157894736842,0.47368421052631576
57.07801640394052,2.552631578947368,2.7263157894736842,0.5263157894736842
59.202452056572945,2.552631578947368,2.7263157894736842,0.5789473684210527
61.92735893327446,2.552631578947368,2.7263157894736842,0.631578947368421
65.12201279540957,2.552631578947368,2.7263157894736842,0.6842105263157894
68.6894077538842,2.552631578947368,2.7263157894736842,0.7368421052631579
72.55597276518547,2.552631578947368,2.7263157894736842,0.7894736842105263
76.66488121222577,2.552631578947368,2.7263157894736842,0.8421052631578947
80.97158931358688,2.552631578947368,2.7263157894736842,0.894736842105263
85.44087151133927,2.552631578947368,2.7263157894736842,0.9473684210526315
90.04678779817921,2.552631578947368,2.7263157894736842,1.0
364.56694394864036,2.552631578947368,2.778947368421053,0.0
245.01172364937926,2.552631578947368,2.778947368421053,0.05263157894736842
174.64959852607356,2.552631578947368,2.778947368421053,0.10526315789473684
132.21259303719663,2.552631578947368,2.778947368421053,0.15789473684210525
106.09936582066165,2.552631578947368,2.778947368421053,0.21052631578947367
89.85066182511548,2.552631578947368,2.778947368421053,0.2631578947368421
79.78435922855219,2.552631578947368,2.778947368421053,0.3157894736842105
73.74416583686023,2.552631578947368,2.778947368421053,0.3684210526315789
70.4286134080071,2.552631578947368,2.778947368421053,0.42105263157894735
69.02584165932923,2.552631578947368,2.778947368421053,0.47368421052631576
69.01148874552352,2.552631578947368,2.778947368421053,0.5263157894736842
70.03474428238798,2.552631578947368,2.778947368421053,0.5789473684210527
71.8548448774044,2.552631578947368,2.778947368421053,0.631578947368421
74.30049223883685,2.552631578947368,2.778947368421053,0.6842105263157894
77.24213037138503,2.552631578947368,2.778947368421053,0.7368421052631579
80.58235830142432,2.552631578947368,2.778947368421053,0.7894736842105263
84.24650125654955,2.552631578947368,2.778947368421053,0.8421052631578947
88.17634575023324,2.552631578947368,2.778947368421053,0.894736842105263
92.32590170253877,2.552631578947368,2.778947368421053,0.9473684210526315
96.65845799792197,2.552631578947368,2.778947368421053,1.0
542.5220743193529,2.552631578947368,2.8315789473684214,0.0
360.03161963339375,2.552631578947368,2.8315789473684214,0.05263157894736842
253.21592231543022,2.552631578947368,2.8315789473684214,0.10526315789473684
188.89499736257395,2.552631578947368,2.8315789473684214,0.15789473684210525
149.10355513206565,2.552631578947368,2.8315789473684214,0.21052631578947367
123.9260807698251,2.552631578947368,2.8315789473684214,0.2631578947368421
107.76767978085076,2.552631578947368,2.8315789473684214,0.3157894736842105
97.39034373155114,2.552631578947368,2.8315789473684214,0.3684210526315789
90.86554751309104,2.552631578947368,2.8315789473684214,0.42105263157894735
87.00763163713569,2.552631578947368,2.8315789473684214,0.47368421052631576
85.06240776088163,2.552631578947368,2.8315789473684214,0.5263157894736842
84.53298245175505,2.552631578947368,2.8315789473684214,0.5789473684210527
85.08039116929757,2.552631578947368,2.8315789473684214,0.631578947368421
86.46741030789237,2.552631578947368,2.8315789473684214,0.6842105263157894
88.52298016421886,2.552631578947368,2.8315789473684214,0.7368421052631579
91.11567903518957,2.552631578947368,2.8315789473684214,0.7894736842105263
94.14539038567962,2.552631578947368,2.8315789473684214,0.8421052631578947
97.53452889648574,2.552631578947368,2.8315789473684214,0.894736842105263
101.22205516103614,2.552631578947368,2.8315789473684214,0.9473684210526315
105.15936609480009,2.552631578947368,2.8315789473684214,1.0
809.0332168716709,2.552631578947368,2.8842105263157896,0.0
529.3673224474782,2.552631578947368,2.8842105263157896,0.05263157894736842
366.83910075935216,2.552631578947368,2.8842105263157896,0.10526315789473684
269.46460009070324,2.552631578947368,2.8842105263157896,0.15789473684210525
209.28095522758304,2.552631578947368,2.8842105263157896,0.21052631578947367
170.97268911795032,2.552631578947368,2.8842105263157896,0.2631578947368421
145.97517682396852,2.552631578947368,2.8842105263157896,0.3157894736842105
129.3830362415609,2.552631578947368,2.8842105263157896,0.3684210526315789
118.30911410514801,2.552631578947368,2.8842105263157896,0.42105263157894735
111.00156478419295,2.552631578947368,2.8842105263157896,0.47368421052631576
106.36161129150105,2.552631578947368,2.8842105263157896,0.5263157894736842
103.6756931070512,2.552631578947368,2.8842105263157896,0.5789473684210527
102.46386962255609,2.552631578947368,2.8842105263157896,0.631578947368421
102.39220173926105,2.552631578947368,2.8842105263157896,0.6842105263157894
103.22236564583997,2.552631578947368,2.8842105263157896,0.7368421052631579
104.78016660957078,2.552631578947368,2.8842105263157896,0.7894736842105263
106.92986680850893,2.552631578947368,2.8842105263157896,0.8421052631578947
109.56671286290228,2.552631578947368,2.8842105263157896,0.894736842105263
112.60868326265101,2.552631578947368,2.8842105263157896,0.9473684210526315
115.99067519829082,2.552631578947368,2.8842105263157896,1.0
1208.5551691518333,2.552631578947368,2.936842105263158,0.0
778.7911868767219,2.552631578947368,2.936842105263158,0.05263157894736842
531.0835797547813,2.552631578947368,2.936842105263158,0.10526315789473684
383.7728501509471,2.552631578947368,2.936842105263158,0.15789473684210525
293.19342015319637,2.552631578947368,2.936842105263158,0.21052631578947367
235.59420560731772,2.552631578947368,2.936842105263158,0.2631578947368421
197.80016942026387,2.552631578947368,2.936842105263158,0.3157894736842105
172.33587952380435,2.552631578947368,2.936842105263158,0.3684210526315789
154.84868974268255,2.552631578947368,2.936842105263158,0.42105263157894735
142.72924887966,2.552631578947368,2.936842105263158,0.47368421052631576
134.36227861423862,2.552631578947368,2.936842105263158,0.5263157894736842
128.71307656912265,2.552631578947368,2.936842105263158,0.5789473684210527
125.09517469260611,2.552631578947368,2.936842105263158,0.631578947368421
123.03714337241311,2.552631578947368,2.936842105263158,0.6842105263157894
122.2045126854507,2.552631578947368,2.936842105263158,0.7368421052631579
122.35401707871549,2.552631578947368,2.936842105263158,0.7894736842105263
123.30545779993572,2.552631578947368,2.936842105263158,0.8421052631578947
124.91667703007367,2.552631578947368,2.936842105263158,0.894736842105263
127.07659476208204,2.552631578947368,2.936842105263158,0.9473684210526315
129.69738772647474,2.552631578947368,2.936842105263158,1.0
1809.0722426815746,2.552631578947368,2.9894736842105267,0.0
1147.175315087216,2.552631578947368,2.9894736842105267,0.05263157894736842
769.0355139170595,2.552631578947368,2.9894736842105267,0.10526315789473684
546.1520947759819,2.552631578947368,2.9894736842105267,0.15789473684210525
410.1882974763227,2.552631578947368,2.9894736842105267,0.21052631578947367
324.2091956584613,2.552631578947368,2.9894736842105267,0.2631578947368421
267.8777144832083,2.552631578947368,2.9894736842105267,0.3157894736842105
229.75378019640837,2.552631578947368,2.9894736842105267,0.3684210526315789
203.2421695131964,2.552631578947368,2.9894736842105267,0.42105263157894735
184.43335226372568,2.552631578947368,2.9894736842105267,0.47368421052631576
170.93696296457532,2.552631578947368,2.9894736842105267,0.5263157894736842
161.24179226132586,2.552631578947368,2.9894736842105267,0.5789473684210527
154.35856914042105,2.552631578947368,2.9894736842105267,0.631578947368421
149.61671815112604,2.552631578947368,2.9894736842105267,0.6842105263157894
146.54622401270788,2.552631578947368,2.9894736842105267,0.7368421052631579
144.80732601863136,2.552631578947368,2.9894736842105267,0.7894736842105263
144.14846392868722,2.552631578947368,2.9894736842105267,0.8421052631578947
144.38085739462457,2.552631578947368,2.9894736842105267,0.894736842105263
145.3540224291299,2.552631578947368,2.9894736842105267,0.9473684210526315
146.9489862459844,2.552631578947368,2.9894736842105267,1.0
2714.9230812603996,2.552631578947368,3.042105263157895,0.0
1693.4265235256776,2.552631578947368,3.042105263157895,0.05263157894736842
1115.1407540036612,2.552631578947368,3.042105263157895,0.10526315789473684
777.599528934189,2.552631578947368,3.042105263157895,0.15789473684210525
573.6829171587249,2.552631578947368,3.042105263157895,0.21052631578947367
445.83604624582176,2.552631578947368,3.042105263157895,0.2631578947368421
362.5852852853673,2.552631578947368,3.042105263157895,0.3157894736842105
306.3671207689835,2.552631578947368,3.042105263157895,0.3684210526315789
267.14948567630194,2.552631578947368,3.042105263157895,0.42105263157894735
239.0480040934407,2.552631578947368,3.042105263157895,0.47368421052631576
218.50688384710432,2.552631578947368,3.042105263157895,0.5263157894736842
203.30641361416096,2.552631578947368,3.042105263157895,0.5789473684210527
192.01246994098497,2.552631578947368,3.042105263157895,0.631578947368421
183.66552059068638,2.552631578947368,3.042105263157895,0.6842105263157894
177.60128998436267,2.552631578947368,3.042105263157895,0.7368421052631579
173.34497170839694,2.552631578947368,3.042105263157895,0.7894736842105263
170.54725660683434,2.552631578947368,3.042105263157895,0.8421052631578947
168.94522824491727,2.552631578947368,3.042105263157895,0.894736842105263
168.33909995546082,2.552631578947368,3.042105263157895,0.9473684210526315
168.5682549689889,2.552631578947368,3.042105263157895,1.0
4086.762244296662,2.552631578947368,3.094736842105263,0.0
2507.2005573672795,2.552631578947368,3.094736842105263,0.05263157894736842
1621.080507922554,2.552631578947368,3.094736842105263,0.10526315789473684
1109.0834632682047,2.552631578947368,3.094736842105263,0.15789473684210525
803.0830658990322,2.552631578947368,3.094736842105263,0.21052631578947367
613.2469177751482,2.552631578947368,3.094736842105263,0.2631578947368421
490.76574808065146,2.552631578947368,3.094736842105263,0.3157894736842105
408.60520319944305,2.552631578947368,3.094736842105263,0.3684210526315789
351.4570761198642,2.552631578947368,3.094736842105263,0.42105263157894735
310.4312192460455,2.552631578947368,3.094736842105263,0.47368421052631576
280.21533283575394,2.552631578947368,3.094736842105263,0.5263157894736842
257.53350248013163,2.552631578947368,3.094736842105263,0.5789473684210527
240.29628822031367,2.552631578947368,3.094736842105263,0.631578947368421
227.1237806064973,2.552631578947368,3.094736842105263,0.6842105263157894
217.0726385006681,2.552631578947368,3.094736842105263,0.7368421052631579
209.4764192752063,2.552631578947368,3.094736842105263,0.7894736842105263
203.84991092314928,2.552631578947368,3.094736842105263,0.8421052631578947
199.83030482361912,2.552631578947368,3.094736842105263,0.894736842105263
197.1404257439432,2.552631578947368,3.094736842105263,0.9473684210526315
195.56711361384544,2.552631578947368,3.094736842105263,1.0
6172.680972011762,2.552631578947368,3.1473684210526316,0.0
3725.49190727567,2.552631578947368,3.1473684210526316,0.05263157894736842
2364.7933729786405,2.552631578947368,3.1473684210526316,0.10526315789473684
1586.568267548494,2.552631578947368,3.1473684210526316,0.15789473684210525
1126.662615934879,2.552631578947368,3.1473684210526316,0.21052631578947367
844.6743695635853,2.552631578947368,3.1473684210526316,0.2631578947368421
664.7786138973081,2.552631578947368,3.1473684210526316,0.3157894736842105
545.2720176307578,2.552631578947368,3.1473684210526316,0.3684210526315789
462.73221046005267,2.552631578947368,3.1473684210526316,0.42105263157894735
403.68428770102435,2.552631578947368,3.1473684210526316,0.47368421052631576
360.16183716113096,2.552631578947368,3.1473684210526316,0.5263157894736842
327.3098667459415,2.552631578947368,3.1473684210526316,0.5789473684210527
302.0705820965872,2.552631578947368,3.1473684210526316,0.631578947368421
282.45056491392637,2.552631578947368,3.1473684210526316,0.6842105263157894
267.1043633513164,2.552631578947368,3.1473684210526316,0.7368421052631579
255.09285776478166,2.552631578947368,3.1473684210526316,0.7894736842105263
245.7397603115494,2.552631578947368,3.1473684210526316,0.8421052631578947
238.5442196580009,2.552631578947368,3.1473684210526316,0.894736842105263
233.1261454787012,2.552631578947368,3.1473684210526316,0.9473684210526315
229.19126572928567,2.552631578947368,3.1473684210526316,1.0
9356.796310024507,2.552631578947368,3.2,0.0
5558.372261627929,2.552631578947368,3.2,0.05263157894736842
3464.3654906653883,2.552631578947368,3.2,0.10526315789473684
2278.6782567064733,2.552631578947368,3.2,0.15789473684210525
1585.9053738010086,2.552631578947368,3.2,0.21052631578947367
1166.3494519764913,2.552631578947368,3.2,0.2631578947368421
902.0386722946839,2.552631578947368,3.2,0.3157894736842105
728.5178539321716,2.552631578947368,3.2,0.3684210526315789
609.8640170168367,2.552631578947368,3.2,0.42105263157894735
525.5939864373272,2.552631578947368,3.2,0.47368421052631576
463.7206120232444,2.552631578947368,3.2,0.5263157894736842
417.02107490919474,2.552631578947368,3.2,0.5789473684210527
381.0019376771077,2.552631578947368,3.2,0.631578947368421
352.7713003711224,2.552631578947368,3.2,0.6842105263157894
330.4022922607747,2.552631578947368,3.2,0.7368421052631579
312.5665386669092,2.552631578947368,3.2,0.7894736842105263
298.3183902744059,2.552631578947368,3.2,0.8421052631578947
286.96470444860756,2.552631578947368,3.2,0.894736842105263
277.9839205179423,2.552631578947368,3.2,0.9473684210526315
270.97138816289845,2.552631578947368,3.2,1.0
98.66081978717794,2.6578947368421053,2.2,0.0
72.7431754576295,2.6578947368421053,2.2,0.05263157894736842
56.815988222122975,2.6578947368421053,2.2,0.10526315789473684
47.186406273904296,2.6578947368421053,2.2,0.15789473684210525
41.475708823186466,2.6578947368421053,2.2,0.21052631578947367
38.27019046919664,2.6578947368421053,2.2,0.2631578947368421
36.82392820685543,2.6578947368421053,2.2,0.3157894736842105
36.644516222613575,2.6578947368421053,2.2,0.3684210526315789
37.40880898285056,2.6578947368421053,2.2,0.42105263157894735
38.88981084534769,2.6578947368421053,2.2,0.47368421052631576
40.975134487441636,2.6578947368421053,2.2,0.5263157894736842
43.57049887952433,2.6578947368421053,2.2,0.5789473684210527
46.570066335419355,2.6578947368421053,2.2,0.631578947368421
49.892499353679106,2.6578947368421053,2.2,0.6842105263157894
53.47439829817654,2.6578947368421053,2.2,0.7368421052631579
57.265752799212635,2.6578947368421053,2.2,0.7894736842105263
61.226723440643056,2.6578947368421053,2.2,0.8421052631578947
65.3252882072123,2.6578947368421053,2.2,0.894736842105263
69.53366619514607,2.6578947368421053,2.2,0.9473684210526315
73.8295441209384,2.6578947368421053,2.2,1.0
81.77419174467704,2.6578947368421053,2.2526315789473688,0.0
60.28478041834717,2.6578947368421053,2.2526315789473688,0.05263157894736842
47.2628432955294,2.6578947368421053,2.2526315789473688,0.10526315789473684
39.57442774456793,2.6578947368421053,2.2526315789473688,0.15789473684210525
35.13654428292306,2.6578947368421053,2.2526315789473688,0.21052631578947367
32.88267402216783,2.6578947368421053,2.2526315789473688,0.2631578947368421
32.17002722949474,2.6578947368421053,2.2526315789473688,0.3157894736842105
32.57668896252931,2.6578947368421053,2.2526315789473688,0.3684210526315789
33.82403974511788,2.6578947368421053,2.2526315789473688,0.42105263157894735
35.74445602681798,2.6578947368421053,2.2526315789473688,0.47368421052631576
38.240595411605725,2.6578947368421053,2.2526315789473688,0.5263157894736842
41.1893914756499,2.6578947368421053,2.2526315789473688,0.5789473684210527
44.49690638362162,2.6578947368421053,2.2526315789473688,0.631578947368421
48.09073360896561,2.6578947368421053,2.2526315789473688,0.6842105263157894
51.914303088103374,2.6578947368421053,2.2526315789473688,0.7368421052631579
55.922877912714206,2.6578947368421053,2.2526315789473688,0.7894736842105263
60.07901171029276,2.6578947368421053,2.2526315789473688,0.8421052631578947
64.35290808439944,2.6578947368421053,2.2526315789473688,0.894736842105263
68.7211762033601,2.6578947368421053,2.2526315789473688,0.9473684210526315
73.16479432226365,2.6578947368421053,2.2526315789473688,1.0
69.16054306884956,2.6578947368421053,2.305263157894737,0.0
50.84891437200921,2.6578947368421053,2.305263157894737,0.05263157894736842
39.941264739339886,2.6578947368421053,2.305263157894737,0.10526315789473684
33.61010841453523,2.6578947368421053,2.305263157894737,0.15789473684210525
30.118746563104633,2.6578947368421053,2.305263157894737,0.21052631578947367
28.57974419789299,2.6578947368421053,2.305263157894737,0.2631578947368421
28.42554594800246,2.6578947368421053,2.305263157894737,0.3157894736842105
29.291314755462153,2.6578947368421053,2.305263157894737,0.3684210526315789
30.940387038155528,2.6578947368421053,2.305263157894737,0.42105263157894735
33.25346895562553,2.6578947368421053,2.305263157894737,0.47368421052631576
36.08694532250944,2.6578947368421053,2.305263157894737,0.5263157894736842
39.32906485224305,2.6578947368421053,2.305263157894737,0.5789473684210527
42.89486187682631,2.6578947368421053,2.305263157894737,0.631578947368421
46.718588518725035,2.6578947368421053,2.305263157894737,0.6842105263157894
50.74706802683418,2.6578947368421053,2.305263157894737,0.7368421052631579
54.93892437567202,2.6578947368421053,2.305263157894737,0.7894736842105263
59.26151682727974,2.6578947368421053,2.305263157894737,0.8421052631578947
63.68857284066352,2.6578947368421053,2.305263157894737,0.894736842105263
68.19883375832941,2.6578947368421053,2.305263157894737,0.9473684210526315
72.77503758365927,2.6578947368421053,2.305263157894737,1.0
61.01785304111505,2.6578947368421053,2.3578947368421055,0.0
44.60873325036806,2.6578947368421053,2.3578947368421055,0.05263157894736842
34.995081844625226,2.6578947368421053,2.3578947368421055,0.10526315789473684
29.464255819948985,2.6578947368421053,2.3578947368421055,0.15789473684210525
26.577704918957487,2.6578947368421053,2.3578947368421055,0.21052631578947367
25.51124991431614,2.6578947368421053,2.3578947368421055,0.2631578947368421
25.739904431734836,2.6578947368421053,2.3578947368421055,0.3157894736842105
26.931101755131213,2.6578947368421053,2.3578947368421055,0.3684210526315789
28.916896038137356,2.6578947368421053,2.3578947368421055,0.42105263157894735
31.524601304626206,2.6578947368421053,2.3578947368421055,0.47368421052631576
34.61503584663125,2.6578947368421053,2.3578947368421055,0.5263157894736842
38.08381582042807,2.6578947368421053,2.3578947368421055,0.5789473684210527
41.85021218439504,2.6578947368421053,2.3578947368421055,0.631578947368421
45.85281788494024,2.6578947368421053,2.3578947368421055,0.6842105263157894
50.04361801694557,2.6578947368421053,2.3578947368421055,0.7368421052631579
54.384579269880106,2.6578947368421053,2.3578947368421055,0.7894736842105263
58.845312637534306,2.6578947368421053,2.3578947368421055,0.8421052631578947
63.40137500813061,2.6578947368421053,2.3578947368421055,0.894736842105263
68.0330125940358,2.6578947368421053,2.3578947368421055,0.9473684210526315
72.72421610066635,2.6578947368421053,2.3578947368421055,1.0
57.92866087698295,2.6578947368421053,2.4105263157894736,0.0
41.99881465367776,2.6578947368421053,2.4105263157894736,0.05263157894736842
32.712331461655936,2.6578947368421053,2.4105263157894736,0.10526315789473684
27.416326803469804,2.6578947368421053,2.4105263157894736,0.15789473684210525
24.747335168365492,2.6578947368421053,2.4105263157894736,0.21052631578947367
23.87833950653445,2.6578947368421053,2.4105263157894736,0.2631578947368421
24.29633123261142,2.6578947368421053,2.4105263157894736,0.3157894736842105
25.716981902660997,2.6578947368421053,2.4105263157894736,0.3684210526315789
27.914553716944923,2.6578947368421053,2.4105263157894736,0.42105263157894735
30.70533686000627,2.6578947368421053,2.4105263157894736,0.47368421052631576
33.95751679507509,2.6578947368421053,2.4105263157894736,0.5263157894736842
37.57206965636987,2.6578947368421053,2.4105263157894736,0.5789473684210527
41.47247176574782,2.6578947368421053,2.4105263157894736,0.631578947368421
45.59952074739631,2.6578947368421053,2.4105263157894736,0.6842105263157894
49.90689303226528,2.6578947368421053,2.4105263157894736,0.7368421052631579
54.35794048603328,2.6578947368421053,2.4105263157894736,0.7894736842105263
58.92341714518495,2.6578947368421053,2.4105263157894736,0.8421052631578947
63.57983204708822,2.6578947368421053,2.4105263157894736,0.894736842105263
68.30823299449004,2.6578947368421053,2.4105263157894736,0.9473684210526315
73.09329325266195,2.6578947368421053,2.4105263157894736,1.0
60.9579219402942,2.6578947368421053,2.463157894736842,0.0
43.765114664017744,2.6578947368421053,2.463157894736842,0.05263157894736842
33.66644006345211,2.6578947368421053,2.463157894736842,0.10526315789473684
27.91404104824611,2.6578947368421053,2.463157894736842,0.15789473684210525
24.992410098790135,2.6578947368421053,2.463157894736842,0.21052631578947367
23.992011525054497,2.6578947368421053,2.463157894736842,0.2631578947368421
24.393874578408568,2.6578947368421053,2.463157894736842,0.3157894736842105
25.858259295163325,2.6578947368421053,2.463157894736842,0.3684210526315789
28.112131186153114,2.6578947368421053,2.463157894736842,0.42105263157894735
30.964388743063914,2.6578947368421053,2.463157894736842,0.47368421052631576
34.2775442231953,2.6578947368421053,2.463157894736842,0.5263157894736842
37.95272372130963,2.6578947368421053,2.463157894736842,0.5789473684210527
41.91402228967428,2.6578947368421053,2.463157894736842,0.631578947368421
46.10178991862018,2.6578947368421053,2.463157894736842,0.6842105263157894
50.47060936788943,2.6578947368421053,2.463157894736842,0.7368421052631579
54.98454242848331,2.6578947368421053,2.463157894736842,0.7894736842105263
59.61418679219179,2.6578947368421053,2.463157894736842,0.8421052631578947
64.33597542520486,2.6578947368421053,2.463157894736842,0.894736842105263
69.1309329725435,2.6578947368421053,2.463157894736842,0.9473684210526315
73.98374601444381,2.6578947368421053,2.463157894736842,1.0
71.83542712726862,2.6578947368421053,2.515789473684211,0.0
51.03294160322199,2.6578947368421053,2.515789473684211,0.05263157894736842
38.719651606527734,2.6578947368421053,2.515789473684211,0.10526315789473684
31.611849625102582,2.6578947368421053,2.515789473684211,0.15789473684210525
27.833684839132474,2.6578947368421053,2.515789473684211,0.21052631578947367
26.307926466517838,2.6578947368421053,2.515789473684211,0.2631578947368421
26.40095960246282,2.6578947368421053,2.515789473684211,0.3157894736842105
27.6567304142893,2.6578947368421053,2.515789473684211,0.3684210526315789
29.770545480492608,2.6578947368421053,2.515789473684211,0.42105263157894735
32.52894837247281,2.6578947368421053,2.515789473684211,0.47368421052631576
35.78057772724207,2.6578947368421053,2.515789473684211,0.5263157894736842
39.41516024436479,2.6578947368421053,2.515789473684211,0.5789473684210527
43.35093948932154,2.6578947368421053,2.515789473684211,0.631578947368421
47.52803953063038,2.6578947368421053,2.515789473684211,0.6842105263157894
51.897532192382286,2.6578947368421053,2.515789473684211,0.7368421052631579
56.42056573398825,2.6578947368421053,2.515789473684211,0.7894736842105263
61.066354407625084,2.6578947368421053,2.515789473684211,0.8421052631578947
65.8103891067381,2.6578947368421053,2.515789473684211,0.894736842105263
70.63409744973305,2.6578947368421053,2.515789473684211,0.9473684210526315
75.52183676486187,2.6578947368421053,2.515789473684211,1.0
93.23788335414291,2.6578947368421053,2.568421052631579,0.0
65.57427873799992,2.6578947368421053,2.568421052631579,0.05263157894736842
49.12093656234428,2.6578947368421053,2.568421052631579,0.10526315789473684
39.43175897440131,2.6578947368421053,2.568421052631579,0.15789473684210525
34.004157921252485,2.6578947368421053,2.568421052631579,0.21052631578947367
31.427825799959862,2.6578947368421053,2.568421052631579,0.2631578947368421
30.794947763893806,2.6578947368421053,2.568421052631579,0.3157894736842105
31.528009832105994,2.6578947368421053,2.568421052631579,0.3684210526315789
33.25323751476099,2.6578947368421053,2.568421052631579,0.42105263157894735
35.71976430202951,2.6578947368421053,2.568421052631579,0.47368421052631576
38.748929241518404,2.6578947368421053,2.568421052631579,0.5263157894736842
42.21256621163331,2.6578947368421053,2.568421052631579,0.5789473684210527
46.01633066497151,2.6578947368421053,2.568421052631579,0.631578947368421
50.089178360700416,2.6578947368421053,2.568421052631579,0.6842105263157894
54.37790790630958,2.6578947368421053,2.568421052631579,0.7368421052631579
58.84203847224926,2.6578947368421053,2.568421052631579,0.7894736842105263
63.447223931217664,2.6578947368421053,2.568421052631579,0.8421052631578947
68.16608350416577,2.6578947368421053,2.568421052631579,0.894736842105263
72.97670408934094,2.6578947368421053,2.568421052631579,0.9473684210526315
77.86148615232058,2.6578947368421053,2.568421052631579,1.0
129.1717359101757,2.6578947368421053,2.6210526315789475,0.0
90.02104145099777,2.6578947368421053,2.6210526315789475,0.05263157894736842
66.67180254593798,2.6578947368421053,2.6210526315789475,0.10526315789473684
52.69145456677551,2.6578947368421053,2.6210526315789475,0.15789473684210525
44.541230220485815,2.6578947368421053,2.6210526315789475,0.21052631578947367
40.13596352031882,2.6578947368421053,2.6210526315789475,0.2631578947368421
38.21844175135345,2.6578947368421053,2.6210526315789475,0.3157894736842105
38.01547618364224,2.6578947368421053,2.6210526315789475,0.3684210526315789
39.03489762029688,2.6578947368421053,2.6210526315789475,0.42105263157894735
40.95402210120352,2.6578947368421053,2.6210526315789475,0.47368421052631576
43.55403592341456,2.6578947368421053,2.6210526315789475,0.5263157894736842
46.676571860143255,2.6578947368421053,2.6210526315789475,0.5789473684210527
50.20667090273255,2.6578947368421053,2.6210526315789475,0.631578947368421
54.05885384699847,2.6578947368421053,2.6210526315789475,0.6842105263157894
58.16818205484539,2.6578947368421053,2.6210526315789475,0.7368421052631579
62.4844709758216,2.6578947368421053,2.6210526315789475,0.7894736842105263
66.97057991872339,2.6578947368421053,2.6210526315789475,0.8421052631578947
71.59600915215388,2.6578947368421053,2.6210526315789475,0.894736842105263
76.33500021637091,2.6578947368421053,2.6210526315789475,0.9473684210526315
81.16687327789035,2.6578947368421053,2.6210526315789475,1.0
185.66275062969015,2.6578947368421053,2.673684210526316,0.0
128.1980280829293,2.6578947368421053,2.673684210526316,0.05263157894736842
93.92028359422608,2.6578947368421053,2.673684210526316,0.10526315789473684
73.22401542324998,2.6578947368421053,2.673684210526316,0.15789473684210525
60.75742708221845,2.6578947368421053,2.673684210526316,0.21052631578947367
53.44376346892773,2.6578947368421053,2.673684210526316,0.2631578947368421
49.482407941570244,2.6578947368421053,2.673684210526316,0.3157894736842105
47.78689286125488,2.6578947368421053,2.673684210526316,0.3684210526315789
47.67946923514723,2.6578947368421053,2.673684210526316,0.42105263157894735
48.72228375249114,2.6578947368421053,2.673684210526316,0.47368421052631576
50.62386606218035,2.6578947368421053,2.673684210526316,0.5263157894736842
53.18425337529293,2.6578947368421053,2.673684210526316,0.5789473684210527
56.256383283592584,2.6578947368421053,2.673684210526316,0.631578947368421
59.73214911082685,2.6578947368421053,2.673684210526316,0.6842105263157894
63.5303352997221,2.6578947368421053,2.673684210526316,0.7368421052631579
67.58869635636022,2.6578947368421053,2.673684210526316,0.7894736842105263
71.85874359483182,2.6578947368421053,2.673684210526316,0.8421052631578947
76.30252882162239,2.6578947368421053,2.673684210526316,0.894736842105263
80.89205992465145,2.6578947368421053,2.673684210526316,0.9473684210526315
85.60270828984756,2.6578947368421053,2.673684210526316,1.0
271.85949157833767,2.6578947368421053,2.7263157894736842,0.0
185.7691586785883,2.6578947368421053,2.7263157894736842,0.05263157894736842
134.60090786441341,2.6578947368421053,2.7263157894736842,0.10526315789473684
103.5649711219978,2.6578947368421053,2.7263157894736842,0.15789473684210525
84.47709776018054,2.6578947368421053,2.7263157894736842,0.21052631578947367
72.73321385165417,2.6578947368421053,2.7263157894736842,0.2631578947368421
65.67706009876426,2.6578947368421053,2.7263157894736842,0.3157894736842105
61.73149156948465,2.6578947368421053,2.7263157894736842,0.3684210526315789
59.929794710492395,2.6578947368421053,2.7263157894736842,0.42105263157894735
59.65880537461154,2.6578947368421053,2.7263157894736842,0.47368421052631576
60.51560919645541,2.6578947368421053,2.7263157894736842,0.5263157894736842
62.227321878208826,2.6578947368421053,2.7263157894736842,0.5789473684210527
64.60424495247472,2.6578947368421053,2.7263157894736842,0.631578947368421
67.5046551324281,2.6578947368421053,2.7263157894736842,0.6842105263157894
70.82295853132028,2.6578947368421053,2.7263157894736842,0.7368421052631579
74.47897293439087,2.6578947368421053,2.7263157894736842,0.7894736842105263
78.4106820197111,2.6578947368421053,2.7263157894736842,0.8421052631578947
82.56940277897763,2.6578947368421053,2.7263157894736842,0.894736842105263
86.91647220384716,2.6578947368421053,2.7263157894736842,0.9473684210526315
91.42172498587942,2.6578947368421053,2.7263157894736842,1.0
401.58054003200743,2.6578947368421053,2.778947368421053,0.0
271.1825077197626,2.6578947368421053,2.778947368421053,0.05263157894736842
194.11704774886311,2.6578947368421053,2.778947368421053,0.10526315789473684
147.34085230809933,2.6578947368421053,2.778947368421053,0.15789473684210525
118.27980497863871,2.6578947368421053,2.778947368421053,0.21052631578947367
99.93273627348039,2.6578947368421053,2.778947368421053,0.2631578947368421
88.30824141247338,2.6578947368421053,2.778947368421053,0.3157894736842105
81.06853350445215,2.6578947368421053,2.778947368421053,0.3684210526315789
76.80224025856666,2.6578947368421053,2.778947368421053,0.42105263157894735
74.62861414292148,2.6578947368421053,2.778947368421053,0.47368421052631576
73.97851029320209,2.6578947368421053,2.778947368421053,0.5263157894736842
74.47090742086817,2.6578947368421053,2.778947368421053,0.5789473684210527
75.8428872721782,2.6578947368421053,2.778947368421053,0.631578947368421
77.90902198185239,2.6578947368421053,2.778947368421053,0.6842105263157894
80.52869829952729,2.6578947368421053,2.778947368421053,0.7368421052631579
83.59567664752225,2.6578947368421053,2.778947368421053,0.7894736842105263
87.02840100476679,2.6578947368421053,2.778947368421053,0.8421052631578947
90.76320550060825,2.6578947368421053,2.778947368421053,0.894736842105263
94.74971778011378,2.6578947368421053,2.778947368421053,0.9473684210526315
98.94766425358463,2.6578947368421053,2.778947368421053,1.0
595.7154608353194,2.6578947368421053,2.8315789473684214,0.0
396.9722130684084,2.6578947368421053,2.8315789473684214,0.05263157894736842
280.2961122488093,2.6578947368421053,2.8315789473684214,0.10526315789473684
209.71789252260905,2.6578947368421053,2.8315789473684214,0.15789473684210525
165.76127087079155,2.6578947368421053,2.8315789473684214,0.21052631578947367
137.67603325938435,2.6578947368421053,2.8315789473684214,0.2631578947368421
119.39559666547272,2.6578947368421053,2.8315789473684214,0.3157894736842105
107.40832410552284,2.6578947368421053,2.8315789473684214,0.3684210526315789
99.62215155128246,2.6578947368421053,2.8315789473684214,0.42105263157894735
94.75038360067856,2.6578947368421053,2.8315789473684214,0.47368421052631576
91.97414619894431,2.6578947368421053,2.8315789473684214,0.5263157894736842
90.7535793396737,2.6578947368421053,2.8315789473684214,0.5789473684210527
90.72012067019831,2.6578947368421053,2.8315789473684214,0.631578947368421
91.61450410372082,2.6578947368421053,2.8315789473684214,0.6842105263157894
93.2510789536581,2.6578947368421053,2.8315789473684214,0.7368421052631579
95.48713263486707,2.6578947368421053,2.8315789473684214,0.7894736842105263
98.21332002511542,2.6578947368421053,2.8315789473684214,0.8421052631578947
101.34479557452326,2.6578947368421053,2.8315789473684214,0.894736842105263
104.81471742267678,2.6578947368421053,2.8315789473684214,0.9473684210526315
108.5697856047,2.6578947368421053,2.8315789473684214,1.0
885.9859942369948,2.6578947368421053,2.8842105263157896,0.0
581.7750920418506,2.6578947368421053,2.8842105263157896,0.05263157894736842
404.60085821187124,2.6578947368421053,2.8842105263157896,0.10526315789473684
298.1038267402195,2.6578947368421053,2.8842105263157896,0.15789473684210525
231.96611752841466,2.6578947368421053,2.8842105263157896,0.21052631578947367
189.58115718562289,2.6578947368421053,2.8842105263157896,0.2631578947368421
161.66122814642537,2.6578947368421053,2.8842105263157896,0.3157894736842105
142.88584734289446,2.6578947368421053,2.8842105263157896,0.3684210526315789
130.12273349482035,2.6578947368421053,2.8842105263157896,0.42105263157894735
121.47061888119221,2.6578947368421053,2.8842105263157896,0.47368421052631576
115.73643753744338,2.6578947368421053,2.8842105263157896,0.5263157894736842
112.14492849947533,2.6578947368421053,2.8842105263157896,0.5789473684210527
110.17427138608443,2.6578947368421053,2.8842105263157896,0.631578947368421
109.46108126529589,2.6578947368421053,2.8842105263157896,0.6842105263157894
109.7448032297284,2.6578947368421053,2.8842105263157896,0.7368421052631579
110.83595662890203,2.6578947368421053,2.8842105263157896,0.7894736842105263
112.58712763413277,2.6578947368421053,2.8842105263157896,0.8421052631578947
114.88381978920206,2.6578947368421053,2.8842105263157896,0.894736842105263
117.63627310184529,2.6578947368421053,2.8842105263157896,0.9473684210526315
120.77315114382893,2.6578947368421053,2.8842105263157896,1.0
1320.6191856563144,2.6578947368421053,2.936842105263158,0.0
853.5527709231026,2.6578947368421053,2.936842105263158,0.05263157894736842
583.9235512870459,2.6578947368421053,2.936842105263158,0.10526315789473684
423.19521146427314,2.6578947368421053,2.936842105263158,0.15789473684210525
324.02287633117965,2.6578947368421053,2.936842105263158,0.21052631578947367
260.65237920866616,2.6578947368421053,2.936842105263158,0.2631578947368421
218.79600722965154,2.6578947368421053,2.936842105263158,0.3157894736842105
190.34569710682493,2.6578947368421053,2.936842105263158,0.3684210526315789
170.5793497103941,2.6578947368421053,2.936842105263158,0.42105263157894735
156.66521983705314,2.6578947368421053,2.936842105263158,0.47368421052631576
146.84960933759558,2.6578947368421053,2.936842105263158,0.5263157894736842
140.00853738499114,2.6578947368421053,2.936842105263158,0.5789473684210527
135.39581273760115,2.6578947368421053,2.936842105263158,0.631578947368421
132.4985981177261,2.6578947368421053,2.936842105263158,0.6842105263157894
130.95273334605292,2.6578947368421053,2.936842105263158,0.7368421052631579
130.492269811971,2.6578947368421053,2.936842105263158,0.7894736842105263
130.92081475088648,2.6578947368421053,2.936842105263158,0.8421052631578947
132.0840110581689,2.6578947368421053,2.936842105263158,0.894736842105263
133.8604040534023,2.6578947368421053,2.936842105263158,0.9473684210526315
136.15385870288654,2.6578947368421053,2.936842105263158,1.0
1973.347039771058,2.6578947368421053,2.9894736842105267,0.0
1254.4715683994418,2.6578947368421053,2.9894736842105267,0.05263157894736842
843.3133511579363,2.6578947368421053,2.9894736842105267,0.10526315789473684
600.5485205783032,2.6578947368421053,2.9894736842105267,0.15789473684210525
452.0816977185081,2.6578947368421053,2.9894736842105267,0.21052631578947367
357.8630775728152,2.6578947368421053,2.9894736842105267,0.2631578947368421
295.8384209569269,2.6578947368421053,2.9894736842105267,0.3157894736842105
253.5999912669083,2.6578947368421053,2.9894736842105267,0.3684210526315789
223.99327720873907,2.6578947368421053,2.9894736842105267,0.42105263157894735
202.77603409443614,2.6578947368421053,2.9894736842105267,0.47368421052631576
187.35350428747157,2.6578947368421053,2.9894736842105267,0.5263157894736842
176.08447939805237,2.6578947368421053,2.9894736842105267,0.5789473684210527
167.8939620660836,2.6578947368421053,2.9894736842105267,0.631578947368421
162.0527694875054,2.6578947368421053,2.9894736842105267,0.6842105263157894
158.0494141678038,2.6578947368421053,2.9894736842105267,0.7368421052631579
155.51384606858338,2.6578947368421053,2.9894736842105267,0.7894736842105263
154.17112942457948,2.6578947368421053,2.9894736842105267,0.8421052631578947
153.81517891578355,2.6578947368421053,2.9894736842105267,0.894736842105263
154.28265628521606,2.6578947368421053,2.9894736842105267,0.9473684210526315
155.44346777164742,2.6578947368421053,2.9894736842105267,1.0
2957.319051767352,2.6578947368421053,3.042105263157895,0.0
1848.4216430593892,2.6578947368421053,3.042105263157895,0.05263157894736842
1220.1377255416328,2.6578947368421053,3.042105263157895,0.10526315789473684
852.9482401773141,2.6578947368421053,3.042105263157895,0.15789473684210525
630.7072307613441,2.6578947368421053,3.042105263157895,0.21052631578947367
491.00702159737284,2.6578947368421053,3.042105263157895,0.2631578947368421
399.71759998092415,2.6578947368421053,3.042105263157895,0.3157894736842105
337.7908893632673,2.6578947368421053,3.042105263157895,0.3684210526315789
294.34504148340403,2.6578947368421053,3.042105263157895,0.42105263157894735
262.99574335646406,2.6578947368421053,3.042105263157895,0.47368421052631576
239.88388594824556,2.6578947368421053,3.042105263157895,0.5263157894736842
222.59942865732359,2.6578947368421053,3.042105263157895,0.5789473684210527
209.58449198920266,2.6578947368421053,3.042105263157895,0.631578947368421
199.79611740958612,2.6578947368421053,3.042105263157895,0.6842105263157894
192.51178193520937,2.6578947368421053,3.042105263157895,0.7368421052631579
187.2146592520396,2.6578947368421053,3.042105263157895,0.7894736842105263
183.5242235983509,2.6578947368421053,3.042105263157895,0.8421052631578947
181.1532629484951,2.6578947368421053,3.042105263157895,0.894736842105263
179.88337523052218,2.6578947368421053,3.042105263157895,0.9473684210526315
179.540304391016,2.6578947368421053,3.042105263157895,1.0
4446.744636651802,2.6578947368421053,3.094736842105263,0.0
2732.6335646512553,2.6578947368421053,3.094736842105263,0.05263157894736842
1770.4531095017726,2.6578947368421053,3.094736842105263,0.10526315789473684
1213.9917968884624,2.6578947368421053,3.094736842105263,0.15789473684210525
880.9588918847026,2.6578947368421053,3.094736842105263,0.21052631578947367
673.9497242246473,2.6578947368421053,3.094736842105263,0.2631578947368421
540.0373851866941,2.6578947368421053,3.094736842105263,0.3157894736842105
449.90409376343115,2.6578947368421053,3.094736842105263,0.3684210526315789
386.94637898645317,2.6578947368421053,3.094736842105263,0.42105263157894735
341.52001450986575,2.6578947368421053,3.094736842105263,0.47368421052631576
307.8605856929925,2.6578947368421053,3.094736842105263,0.5263157894736842
282.4121501145133,2.6578947368421053,3.094736842105263,0.5789473684210527
262.90568086782514,2.6578947368421053,3.094736842105263,0.631578947368421
247.84188836823816,2.6578947368421053,3.094736842105263,0.6842105263157894
236.19520852916244,2.6578947368421053,3.094736842105263,0.7368421052631579
227.24063183059764,2.6578947368421053,3.094736842105263,0.7894736842105263
220.44993173089838,2.6578947368421053,3.094736842105263,0.8421052631578947
215.4278431400019,2.6578947368421053,3.094736842105263,0.894736842105263
211.8717533819141,2.6578947368421053,3.094736842105263,0.9473684210526315
209.5483754089045,2.6578947368421053,3.094736842105263,1.0
6710.6341450768505,2.6578947368421053,3.1473684210526316,0.0
4055.665136528305,2.6578947368421053,3.1473684210526316,0.05263157894736842
2578.786842259841,2.6578947368421053,3.1473684210526316,0.10526315789473684
1733.5378832652561,2.6578947368421053,3.1473684210526316,0.15789473684210525
1233.513238047878,2.6578947368421053,3.1473684210526316,0.21052631578947367
926.4790281536309,2.6578947368421053,3.1473684210526316,0.2631578947368421
730.2163355379952,2.6578947368421053,3.1473684210526316,0.3157894736842105
599.5017358294116,2.6578947368421053,3.1473684210526316,0.3684210526315789
508.93301341925655,2.6578947368421053,3.1473684210526316,0.42105263157894735
443.8939577126496,2.6578947368421053,3.1473684210526316,0.47368421052631576
395.74154132291756,2.6578947368421053,3.1473684210526316,0.5263157894736842
359.2069093224732,2.6578947368421053,3.1473684210526316,0.5789473684210527
330.97039568355245,2.6578947368421053,3.1473684210526316,0.631578947368421
308.86690340051683,2.6578947368421053,3.1473684210526316,0.6842105263157894
291.4343501853485,2.6578947368421053,3.1473684210526316,0.7368421052631579
277.65161730139135,2.6578947368421053,3.1473684210526316,0.7894736842105263
266.7829058497097,2.6578947368421053,3.1473684210526316,0.8421052631578947
258.28293162752703,2.6578947368421053,3.1473684210526316,0.894736842105263
251.73760283763204,2.6578947368421053,3.1473684210526316,0.9473684210526315
246.8258467735959,2.6578947368421053,3.1473684210526316,1.0
10165.478734439928,2.6578947368421053,3.2,0.0
6045.307023583811,2.6578947368421053,3.2,0.05263157894736842
3773.1970725695423,2.6578947368421053,3.2,0.10526315789473684
2486.0159202769905,2.6578947368421053,3.2,0.15789473684210525
1733.3716950079336,2.6578947368421053,3.2,0.21052631578947367
1277.057192698698,2.6578947368421053,3.2,0.2631578947368421
989.1561824003903,2.6578947368421053,3.2,0.3157894736842105
799.7760413584907,2.6578947368421053,3.2,0.3684210526315789
669.9598779391944,2.6578947368421053,3.2,0.42105263157894735
577.4917713577973,2.6578947368421053,3.2,0.47368421052631576
509.3682420403786,2.6578947368421053,3.2,0.5263157894736842
457.7522312517948,2.6578947368421053,3.2,0.5789473684210527
417.7666857383311,2.6578947368421053,3.2,0.631578947368421
386.2716349136072,2.6578947368421053,3.2,0.6842105263157894
361.1739873219547,2.6578947368421053,3.2,0.7368421052631579
341.03004796506167,2.6578947368421053,3.2,0.7894736842105263
324.81144115351117,2.6578947368421053,3.2,0.8421052631578947
311.76385382303295,2.6578947368421053,3.2,0.894736842105263
301.3195250019813,2.6578947368421053,3.2,0.9473684210526315
293.0415157462874,2.6578947368421053,3.2,1.0
103.14224518380226,2.763157894736842,2.2,0.0
75.79623505436344,2.763157894736842,2.2,0.05263157894736842
58.86792678372894,2.763157894736842,2.2,0.10526315789473684
48.50864840648596,2.763157894736842,2.2,0.15789473684210525
42.275623632707656,2.763157894736842,2.2,0.21052631578947367
38.66332964262047,2.763157894736842,2.2,0.2631578947368421
36.89329617752945,2.763157894736842,2.2,0.3157894736842105
36.45200780278908,2.763157894736842,2.2,0.3684210526315789
36.99857121473617,2.763157894736842,2.2,0.42105263157894735
38.29942097933374,2.763157894736842,2.2,0.47368421052631576
40.20584871712892,2.763157894736842,2.2,0.5263157894736842
42.6485275584022,2.763157894736842,2.2,0.5789473684210527
45.520075461369004,2.763157894736842,2.2,0.631578947368421
48.73554560657199,2.763157894736842,2.2,0.6842105263157894
52.22755805351569,2.763157894736842,2.2,0.7368421052631579
55.942208180146395,2.763157894736842,2.2,0.7894736842105263
59.83758049470923,2.763157894736842,2.2,0.8421052631578947
63.87994498859207,2.763157894736842,2.2,0.894736842105263
68.04197362313892,2.763157894736842,2.2,0.9473684210526315
72.3014135072154,2.763157894736842,2.2,1.0
85.88799880028812,2.763157894736842,2.2526315789473688,0.0
63.10670651598373,2.763157894736842,2.2526315789473688,0.05263157894736842
49.16877074083295,2.763157894736842,2.2526315789473688,0.10526315789473684
40.820749481029814,2.763157894736842,2.2526315789473688,0.15789473684210525
35.894587725577274,2.763157894736842,2.2526315789473688,0.21052631578947367
33.25674752181002,2.763157894736842,2.2526315789473688,0.2631578947368421
32.23721587942835,2.763157894736842,2.2526315789473688,0.3157894736842105
32.392760588414625,2.763157894736842,2.2526315789473688,0.3684210526315789
33.43295817389826,2.763157894736842,2.2526315789473688,0.42105263157894735
35.158494838864094,2.763157894736842,2.2526315789473688,0.47368421052631576
37.48318178473552,2.763157894736842,2.2526315789473688,0.5263157894736842
40.28851005473582,2.763157894736842,2.2526315789473688,0.5789473684210527
43.474718164923836,2.763157894736842,2.2526315789473688,0.631578947368421
46.96503135376646,2.763157894736842,2.2526315789473688,0.6842105263157894
50.69999012205453,2.763157894736842,2.2526315789473688,0.7368421052631579
54.632528302239656,2.763157894736842,2.2526315789473688,0.7894736842105263
58.72503225142267,2.763157894736842,2.2526315789473688,0.8421052631578947
62.94721053995403,2.763157894736842,2.2526315789473688,0.894736842105263
67.27452332292333,2.763157894736842,2.2526315789473688,0.9473684210526315
71.68700564592147,2.763157894736842,2.2526315789473688,1.0
73.17436100473,2.763157894736842,2.305263157894737,0.0
53.64193540027328,2.763157894736842,2.305263157894737,0.05263157894736842
41.86589032171088,2.763157894736842,2.305263157894737,0.10526315789473684
34.91574712874939,2.763157894736842,2.305263157894737,0.15789473684210525
30.95123631717887,2.763157894736842,2.305263157894737,0.21052631578947367
29.038952404278742,2.763157894736842,2.305263157894737,0.2631578947368421
28.582935885267474,2.763157894736842,2.305263157894737,0.3157894736842105
29.200395961354896,2.763157894736842,2.305263157894737,0.3684210526315789
30.628574493829646,2.763157894736842,2.305263157894737,0.42105263157894735
32.7423310871723,2.763157894736842,2.305263157894737,0.47368421052631576
35.40747199398688,2.763157894736842,2.305263157894737,0.5263157894736842
38.50645329301167,2.763157894736842,2.305263157894737,0.5789473684210527
41.9499455124835,2.763157894736842,2.305263157894737,0.631578947368421
45.66886660417888,2.763157894736842,2.305263157894737,0.6842105263157894
49.60907314789086,2.763157894736842,2.305263157894737,0.7368421052631579
53.727656063217815,2.763157894736842,2.305263157894737,0.7894736842105263
57.990301390532686,2.763157894736842,2.305263157894737,0.8421052631578947
62.369373234520495,2.763157894736842,2.305263157894737,0.894736842105263
66.84249645646473,2.763157894736842,2.305263157894737,0.9473684210526315
71.39149197362161,2.763157894736842,2.305263157894737,1.0
65.24962918714206,2.763157894736842,2.3578947368421055,0.0
47.61167017492918,2.763157894736842,2.3578947368421055,0.05263157894736842
37.13208947670933,2.763157894736842,2.3578947368421055,0.10526315789473684
30.978457425327726,2.763157894736842,2.3578947368421055,0.15789473684210525
27.612440763654533,2.763157894736842,2.3578947368421055,0.21052631578947367
26.16891547827986,2.763157894736842,2.3578947368421055,0.2631578947368421
26.092401636761256,2.763157894736842,2.3578947368421055,0.3157894736842105
27.021983545298493,2.763157894736842,2.3578947368421055,0.3684210526315789
28.763940469009306,2.763157894736842,2.3578947368421055,0.42105263157894735
31.16614730312133,2.763157894736842,2.3578947368421055,0.47368421052631576
34.08213263871148,2.763157894736842,2.3578947368421055,0.5263157894736842
37.40234809660071,2.763157894736842,2.3578947368421055,0.5789473684210527
41.04337287383955,2.763157894736842,2.3578947368421055,0.631578947368421
44.94066350325578,2.763157894736842,2.3578947368421055,0.6842105263157894
49.04361388852119,2.763157894736842,2.3578947368421055,0.7368421052631579
53.31211107506142,2.763157894736842,2.3578947368421055,0.7894736842105263
57.71408159340624,2.763157894736842,2.3578947368421055,0.8421052631578947
62.22370843521426,2.763157894736842,2.3578947368421055,0.894736842105263
66.82011176572415,2.763157894736842,2.3578947368421055,0.9473684210526315
71.48635680408218,2.763157894736842,2.3578947368421055,1.0
62.765113710281774,2.763157894736842,2.4105263157894736,0.0
45.504639297218624,2.763157894736842,2.4105263157894736,0.05263157894736842
35.29737048118155,2.763157894736842,2.4105263157894736,0.10526315789473684
29.328444329733376,2.763157894736842,2.4105263157894736,0.15789473684210525
26.1445317000723,2.763157894736842,2.4105263157894736,0.21052631578947367
24.867021528848145,2.763157894736842,2.4105263157894736,0.2631578947368421
24.95104737142694,2.763157894736842,2.4105263157894736,0.3157894736842105
26.067738937891473,2.763157894736842,2.4105263157894736,0.3684210526315789
28.01092967899439,2.763157894736842,2.4105263157894736,0.42105263157894735
30.586908380338464,2.763157894736842,2.4105263157894736,0.47368421052631576
33.65725263214369,2.763157894736842,2.4105263157894736,0.5263157894736842
37.11676101253382,2.763157894736842,2.4105263157894736,0.5789473684210527
40.88603434248853,2.763157894736842,2.4105263157894736,0.631578947368421
44.90316221168375,2.763157894736842,2.4105263157894736,0.6842105263157894
49.119091159765425,2.763157894736842,2.4105263157894736,0.7368421052631579
53.494983262970926,2.763157894736842,2.4105263157894736,0.7894736842105263
57.99981907218977,2.763157894736842,2.4105263157894736,0.8421052631578947
62.60866086081363,2.763157894736842,2.4105263157894736,0.894736842105263
67.30137022524687,2.763157894736842,2.4105263157894736,0.9473684210526315
72.06164501825512,2.763157894736842,2.4105263157894736,1.0
66.89095131671878,2.763157894736842,2.463157894736842,0.0
48.14516490760196,2.763157894736842,2.463157894736842,0.05263157894736842
36.98338845337725,2.763157894736842,2.463157894736842,0.10526315789473684
30.452919726257576,2.763157894736842,2.463157894736842,0.15789473684210525
26.93998494792127,2.763157894736842,2.463157894736842,0.21052631578947367
25.47285120679072,2.763157894736842,2.463157894736842,0.2631578947368421
25.469964044809515,2.763157894736842,2.463157894736842,0.3157894736842105
26.598351780038517,2.763157894736842,2.463157894736842,0.3684210526315789
28.573755466399714,2.763157894736842,2.463157894736842,0.42105263157894735
31.193300017794986,2.763157894736842,2.463157894736842,0.47368421052631576
34.31095979246953,2.763157894736842,2.463157894736842,0.5263157894736842
37.81994550244635,2.763157894736842,2.463157894736842,0.5789473684210527
41.641499998821004,2.763157894736842,2.463157894736842,0.631578947368421
45.71242414059973,2.763157894736842,2.463157894736842,0.6842105263157894
49.98325779377794,2.763157894736842,2.463157894736842,0.7368421052631579
54.41522969776995,2.763157894736842,2.463157894736842,0.7894736842105263
58.978552046697786,2.763157894736842,2.463157894736842,0.8421052631578947
63.64828800634886,2.763157894736842,2.463157894736842,0.894736842105263
68.40415317345256,2.763157894736842,2.463157894736842,0.9473684210526315
73.22975739939308,2.763157894736842,2.463157894736842,1.0
79.50610336345852,2.763157894736842,2.515789473684211,0.0
56.760312024824664,2.763157894736842,2.515789473684211,0.05263157894736842
43.12215253335851,2.763157894736842,2.515789473684211,0.10526315789473684
35.06142329284813,2.763157894736842,2.515789473684211,0.15789473684210525
30.567791946744144,2.763157894736842,2.515789473684211,0.21052631578947367
28.465342023985023,2.763157894736842,2.515789473684211,0.2631578947368421
28.08682739299779,2.763157894736842,2.515789473684211,0.3157894736842105
28.95748446680321,2.763157894736842,2.515789473684211,0.3684210526315789
30.753232041624432,2.763157894736842,2.515789473684211,0.42105263157894735
33.246666164133,2.763157894736842,2.515789473684211,0.47368421052631576
36.27620613052937,2.763157894736842,2.515789473684211,0.5263157894736842
39.72410746966253,2.763157894736842,2.515789473684211,0.5789473684210527
43.5024822482657,2.763157894736842,2.515789473684211,0.631578947368421
47.5463888548775,2.763157894736842,2.515789473684211,0.6842105263157894
51.80522147081844,2.763157894736842,2.515789473684211,0.7368421052631579
56.237358240961754,2.763157894736842,2.515789473684211,0.7894736842105263
60.80978407759535,2.763157894736842,2.515789473684211,0.8421052631578947
65.4961106040591,2.763157894736842,2.515789473684211,0.894736842105263
70.2751369599805,2.763157894736842,2.515789473684211,0.9473684210526315
75.13009018075998,2.763157894736842,2.515789473684211,1.0
103.51521399501299,2.763157894736842,2.568421052631579,0.0
73.26842308917094,2.763157894736842,2.568421052631579,0.05263157894736842
55.08006639181588,2.763157894736842,2.568421052631579,0.10526315789473684
44.16804328447312,2.763157894736842,2.568421052631579,0.15789473684210525
37.82427811093982,2.763157894736842,2.568421052631579,0.21052631578947367
34.528055313338406,2.763157894736842,2.568421052631579,0.2631578947368421
33.32669569171627,2.763157894736842,2.568421052631579,0.3157894736842105
33.60063401107961,2.763157894736842,2.568421052631579,0.3684210526315789
34.94783851734736,2.763157894736842,2.568421052631579,0.42105263157894735
37.10023740153489,2.763157894736842,2.568421052631579,0.47368421052631576
39.86671633033413,2.763157894736842,2.568421052631579,0.5263157894736842
43.109741844040954,2.763157894736842,2.568421052631579,0.5789473684210527
46.72802610045292,2.763157894736842,2.568421052631579,0.631578947368421
50.64524649545087,2.763157894736842,2.568421052631579,0.6842105263157894
54.802986016687015,2.763157894736842,2.568421052631579,0.7368421052631579
59.1581325764215,2.763157894736842,2.568421052631579,0.7894736842105263
63.674637883586385,2.763157894736842,2.568421052631579,0.8421052631578947
68.32294478235686,2.763157894736842,2.568421052631579,0.894736842105263
73.07934876402442,2.763157894736842,2.568421052631579,0.9473684210526315
77.92457959935844,2.763157894736842,2.568421052631579,1.0
143.2649805260003,2.763157894736842,2.6210526315789475,0.0
100.51259043419401,2.763157894736842,2.6210526315789475,0.05263157894736842
74.79925785126842,2.763157894736842,2.6210526315789475,0.10526315789473684
59.18017755800974,2.763157894736842,2.6210526315789475,0.15789473684210525
49.81945828942829,2.763157894736842,2.6210526315789475,0.21052631578947367
44.50155527581961,2.763157894736842,2.6210526315789475,0.2631578947368421
41.87284509871787,2.763157894736842,2.6210526315789475,0.3157894736842105
41.1010303014059,2.763157894736842,2.6210526315789475,0.3684210526315789
41.65638093056929,2.763157894736842,2.6210526315789475,0.42105263157894735
43.190502884707634,2.763157894736842,2.6210526315789475,0.47368421052631576
45.46857513274845,2.763157894736842,2.6210526315789475,0.5263157894736842
48.32063413823046,2.763157894736842,2.6210526315789475,0.5789473684210527
51.62276352992581,2.763157894736842,2.6210526315789475,0.631578947368421
55.28275540035393,2.763157894736842,2.6210526315789475,0.6842105263157894
59.23049627185147,2.763157894736842,2.6210526315789475,0.7368421052631579
63.41171492544944,2.763157894736842,2.6210526315789475,0.7894736842105263
67.78450506261498,2.763157894736842,2.6210526315789475,0.8421052631578947
72.31742556891679,2.763157894736842,2.6210526315789475,0.894736842105263
76.98283287132308,2.763157894736842,2.6210526315789475,0.9473684210526315
81.75823597036833,2.763157894736842,2.6210526315789475,1.0
205.26606609236606,2.763157894736842,2.673684210526316,0.0
142.62938877355853,2.763157894736842,2.673684210526316,0.05263157894736842
105.02794970769695,2.763157894736842,2.673684210526316,0.10526315789473684
82.05780364926851,2.763157894736842,2.673684210526316,0.15789473684210525
67.97726023609313,2.763157894736842,2.673684210526316,0.21052631578947367
59.46901699713359,2.763157894736842,2.673684210526316,0.2631578947368421
54.590567188608176,2.763157894736842,2.673684210526316,0.3157894736842105
52.16987319747198,2.763157894736842,2.673684210526316,0.3684210526315789
51.47576826553665,2.763157894736842,2.673684210526316,0.42105263157894735
52.03580665523689,2.763157894736842,2.673684210526316,0.47368421052631576
53.53440599438025,2.763157894736842,2.673684210526316,0.5263157894736842
55.756159203728636,2.763157894736842,2.673684210526316,0.5789473684210527
58.542851921789655,2.763157894736842,2.673684210526316,0.631578947368421
61.77753557307436,2.763157894736842,2.673684210526316,0.6842105263157894
65.37226778481177,2.763157894736842,2.673684210526316,0.7368421052631579
69.25957396468756,2.763157894736842,2.673684210526316,0.7894736842105263
73.38682805922495,2.763157894736842,2.673684210526316,0.8421052631578947
77.71244870863114,2.763157894736842,2.673684210526316,0.894736842105263
82.20465011223705,2.763157894736842,2.673684210526316,0.9473684210526315
86.83837267010071,2.763157894736842,2.673684210526316,1.0
299.45257584397064,2.763157894736842,2.7263157894736842,0.0
205.78553330485045,2.763157894736842,2.7263157894736842,0.05263157894736842
149.82212137270443,2.763157894736842,2.7263157894736842,0.10526315789473684
115.60781255557622,2.763157894736842,2.7263157894736842,0.15789473684210525
94.3138211776352,2.763157894736842,2.7263157894736842,0.21052631578947367
80.96788956536788,2.763157894736842,2.7263157894736842,0.2631578947368421
72.70127847151265,2.763157894736842,2.7263157894736842,0.3157894736842105
67.81054144964516,2.763157894736842,2.7263157894736842,0.3684210526315789
65.25136867439147,2.763157894736842,2.7263157894736842,0.42105263157894735
64.36118922265959,2.763157894736842,2.7263157894736842,0.47368421052631576
64.70444075205614,2.763157894736842,2.7263157894736842,0.5263157894736842
65.98508017839201,2.763157894736842,2.7263157894736842,0.5789473684210527
67.99808157351903,2.763157894736842,2.7263157894736842,0.631578947368421
70.59072300075397,2.763157894736842,2.7263157894736842,0.6842105263157894
73.6484683744542,2.763157894736842,2.7263157894736842,0.7368421052631579
77.08424971683147,2.763157894736842,2.7263157894736842,0.7894736842105263
80.83064390607547,2.763157894736842,2.7263157894736842,0.8421052631578947
84.83465431847516,2.763157894736842,2.7263157894736842,0.894736842105263
89.05413238214118,2.763157894736842,2.7263157894736842,0.9473684210526315
93.4552950690356,2.763157894736842,2.7263157894736842,1.0
440.77649947343787,2.763157894736842,2.778947368421053,0.0
299.1041435531891,2.763157894736842,2.778947368421053,0.05263157894736842
215.0583223801102,2.763157894736842,2.778947368421053,0.10526315789473684
163.761532062249,2.763157894736842,2.778947368421053,0.15789473684210525
131.6277377776389,2.763157894736842,2.778947368421053,0.21052631578947367
111.09204355890327,2.763157894736842,2.778947368421053,0.2631578947368421
97.84130427585552,2.763157894736842,2.778947368421053,0.3157894736842105
89.34891834467545,2.763157894736842,2.778947368421053,0.3684210526315789
84.08916726121413,2.763157894736842,2.778947368421053,0.42105263157894735
81.10962315129535,2.763157894736842,2.778947368421053,0.47368421052631576
79.7945346778968,2.763157894736842,2.778947368421053,0.5263157894736842
79.73143302698689,2.763157894736842,2.778947368421053,0.5789473684210527
80.63472161172108,2.763157894736842,2.778947368421053,0.631578947368421
82.30342285504116,2.763157894736842,2.778947368421053,0.6842105263157894
84.58585764669023,2.763157894736842,2.778947368421053,0.7368421052631579
87.36657449698545,2.763157894736842,2.778947368421053,0.7894736842105263
90.5568432385774,2.763157894736842,2.778947368421053,0.8421052631578947
94.087311753788,2.763157894736842,2.778947368421053,0.894736842105263
97.90303603116737,2.763157894736842,2.778947368421053,0.9473684210526315
101.96002491733478,2.763157894736842,2.778947368421053,1.0
651.8205211251518,2.763157894736842,2.8315789473684214,0.0
436.1576134448908,2.763157894736842,2.8315789473684214,0.05263157894736842
309.2129571889073,2.763157894736842,2.8315789473684214,0.10526315789473684
232.11546359722573,2.763157894736842,2.8315789473684214,0.15789473684210525
183.81686821330763,2.763157894736842,2.8315789473684214,0.21052631578947367
152.69854394506436,2.763157894736842,2.8315789473684214,0.2631578947368421
132.20314557915256,2.763157894736842,2.8315789473684214,0.3157894736842105
118.53432291036424,2.763157894736842,2.8315789473684214,0.3684210526315789
109.42983052185929,2.763157894736842,2.8315789473684214,0.42105263157894735
103.49781836535126,2.763157894736842,2.8315789473684214,0.47368421052631576
99.85207730511577,2.763157894736842,2.8315789473684214,0.5263157894736842
97.90801079901526,2.763157894736842,2.8315789473684214,0.5789473684210527
97.26623129792809,2.763157894736842,2.8315789473684214,0.631578947368421
97.64490350031436,2.763157894736842,2.8315789473684214,0.6842105263157894
98.84232770121068,2.763157894736842,2.8315789473684214,0.7368421052631579
100.70447887680665,2.763157894736842,2.8315789473684214,0.7894736842105263
103.11238747762016,2.763157894736842,2.8315789473684214,0.8421052631578947
105.97363382851603,2.763157894736842,2.8315789473684214,0.894736842105263
109.21532079464154,2.763157894736842,2.8315789473684214,0.9473684210526315
112.77924532941226,2.763157894736842,2.8315789473684214,1.0
966.8785634993881,2.763157894736842,2.8842105263157896,0.0
637.1162497579489,2.763157894736842,2.8842105263157896,0.05263157894736842
444.6906400449486,2.763157894736842,2.8842105263157896,0.10526315789473684
328.6899891036803,2.763157894736842,2.8842105263157896,0.15789473684210525
256.3462156772445,2.763157894736842,2.8842105263157896,0.21052631578947367
209.70942365101192,2.763157894736842,2.8842105263157896,0.2631578947368421
178.73951585750743,2.763157894736842,2.8842105263157896,0.3157894736842105
157.6840638487428,2.763157894736842,2.8842105263157896,0.3684210526315789
143.1556843737387,2.763157894736842,2.8842105263157896,0.42105263157894735
133.09758550481254,2.763157894736842,2.8842105263157896,0.47368421052631576
126.21854350270506,2.763157894736842,2.8842105263157896,0.5263157894736842
121.67905068579306,2.763157894736842,2.8842105263157896,0.5789473684210527
118.9136670221128,2.763157894736842,2.8842105263157896,0.631578947368421
117.52832939118201,2.763157894736842,2.8842105263157896,0.6842105263157894
117.23971314619996,2.763157894736842,2.8842105263157896,0.7368421052631579
117.84154834536186,2.763157894736842,2.8842105263157896,0.7894736842105263
119.17470668355416,2.763157894736842,2.8842105263157896,0.8421052631578947
121.11452670254117,2.763157894736842,2.8842105263157896,0.894736842105263
123.56317218822599,2.763157894736842,2.8842105263157896,0.9473684210526315
126.44279896392983,2.763157894736842,2.8842105263157896,1.0
1438.1157826360989,2.763157894736842,2.936842105263158,0.0
932.2201777311199,2.763157894736842,2.936842105263158,0.05263157894736842
639.765792155037,2.763157894736842,2.936842105263158,0.10526315789473684
465.06153422751015,2.763157894736842,2.936842105263158,0.15789473684210525
356.93444138823764,2.763157894736842,2.936842105263158,0.21052631578947367
287.546196210507,2.763157894736842,2.936842105263158,0.2631578947368421
241.45132386013546,2.763157894736842,2.936842105263158,0.3157894736842105
209.88344970380436,2.763157894736842,2.936842105263158,0.3684210526315789
187.73598677260304,2.763157894736842,2.936842105263158,0.42105263157894735
171.9457145111282,2.763157894736842,2.936842105263158,0.47368421052631576
160.6148375363104,2.763157894736842,2.936842105263158,0.5263157894736842
152.52641470840896,2.763157894736842,2.936842105263158,0.5789473684210527
146.8720528249658,2.763157894736842,2.936842105263158,0.631578947368421
143.0957760725647,2.763157894736842,2.936842105263158,0.6842105263157894
140.80248347706777,2.763157894736842,2.936842105263158,0.7368421052631579
139.70298454167084,2.763157894736842,2.936842105263158,0.7894736842105263
139.58313629904978,2.763157894736842,2.936842105263158,0.8421052631578947
140.27632293819468,2.763157894736842,2.936842105263158,0.894736842105263
141.65026336921983,2.763157894736842,2.936842105263158,0.9473684210526315
143.60014617240483,2.763157894736842,2.936842105263158,1.0
2145.2450818444654,2.763157894736842,2.9894736842105267,0.0
1367.06389264583,2.763157894736842,2.9894736842105267,0.05263157894736842
921.5306575830308,2.763157894736842,2.9894736842105267,0.10526315789473684
658.0608463997008,2.763157894736842,2.9894736842105267,0.15789473684210525
496.5675559016068,2.763157894736842,2.9894736842105267,0.21052631578947367
393.76003345110564,2.763157894736842,2.9894736842105267,0.2631578947368421
325.7973022852535,2.763157894736842,2.9894736842105267,0.3157894736842105
279.26469523672506,2.763157894736842,2.9894736842105267,0.3684210526315789
246.42566646476305,2.763157894736842,2.9894736842105267,0.42105263157894735
222.69168379035696,2.763157894736842,2.9894736842105267,0.47368421052631576
205.25522601464183,2.763157894736842,2.9894736842105267,0.5263157894736842
192.3397347346088,2.763157894736842,2.9894736842105267,0.5789473684210527
182.7809367301213,2.763157894736842,2.9894736842105267,0.631578947368421
175.7885989651593,2.763157894736842,2.9894736842105267,0.6842105263157894
170.80802057857997,2.763157894736842,2.9894736842105267,0.7368421052631579
167.43758097036383,2.763157894736842,2.9894736842105267,0.7894736842105263
165.37838177255404,2.763157894736842,2.9894736842105267,0.8421052631578947
164.40541606954176,2.763157894736842,2.9894736842105267,0.894736842105263
164.3424067879556,2.763157894736842,2.9894736842105267,0.9473684210526315
165.04765370441532,2.763157894736842,2.9894736842105267,1.0
3210.5838951943397,2.763157894736842,3.042105263157895,0.0
2010.7232079268385,2.763157894736842,3.042105263157895,0.05263157894736842
1330.3932257289714,2.763157894736842,3.042105263157895,0.10526315789473684
932.332687393469,2.763157894736842,3.042105263157895,0.15789473684210525
691.0045792479807,2.763157894736842,3.042105263157895,0.21052631578947367
538.9520468363593,2.763157894736842,3.042105263157895,0.2631578947368421
439.28110420049865,2.763157894736842,3.042105263157895,0.3157894736842105
371.398902316103,2.763157894736842,3.042105263157895,0.3684210526315789
323.5392814070468,2.763157894736842,3.042105263157895,0.42105263157894735
288.7976233944133,2.763157894736842,3.042105263157895,0.47368421052631576
262.99910184938824,2.763157894736842,3.042105263157895,0.5263157894736842
243.5355313271104,2.763157894736842,3.042105263157895,0.5789473684210527
228.72016741727728,2.763157894736842,3.042105263157895,0.631578947368421
217.4231602469885,2.763157894736842,3.042105263157895,0.6842105263157894
208.86130394007643,2.763157894736842,3.042105263157895,0.7368421052631579
202.47398288308602,2.763157894736842,3.042105263157895,0.7894736842105263
197.8481307327334,2.763157894736842,3.042105263157895,0.8421052631578947
194.67160743654603,2.763157894736842,3.042105263157895,0.894736842105263
192.70573795338703,2.763157894736842,3.042105263157895,0.9473684210526315
191.76248556201597,2.763157894736842,3.042105263157895,1.0
4822.445398485019,2.763157894736842,3.094736842105263,0.0
2968.310661115145,2.763157894736842,3.094736842105263,0.05263157894736842
1926.9629050264252,2.763157894736842,3.094736842105263,0.10526315789473684
1324.210694853671,2.763157894736842,3.094736842105263,0.15789473684210525
963.0261531080076,2.763157894736842,3.094736842105263,0.21052631578947367
738.1259864290599,2.763157894736842,3.094736842105263,0.2631578947368421
592.2989370125706,2.763157894736842,3.094736842105263,0.3157894736842105
493.8512451425836,2.763157894736842,3.094736842105263,0.3684210526315789
424.8315931929329,2.763157894736842,3.094736842105263,0.42105263157894735
374.81099563176775,2.763157894736842,3.094736842105263,0.47368421052631576
337.55447355114177,2.763157894736842,3.094736842105263,0.5263157894736842
309.2145858470996,2.763157894736842,3.094736842105263,0.5789473684210527
287.3353278731226,2.763157894736842,3.094736842105263,0.631578947368421
270.29308999465786,2.763157894736842,3.094736842105263,0.6842105263157894
256.97666202840367,2.763157894736842,3.094736842105263,0.7368421052631579
246.6000133379537,2.763157894736842,3.094736842105263,0.7894736842105263
238.59008817254934,2.763157894736842,3.094736842105263,0.8421052631578947
232.51778642907294,2.763157894736842,3.094736842105263,0.894736842105263
228.05432359629307,2.763157894736842,3.094736842105263,0.9473684210526315
224.94472459821844,2.763157894736842,3.094736842105263,1.0
7271.605670352825,2.763157894736842,3.1473684210526316,0.0
4400.415808495681,2.763157894736842,3.1473684210526316,0.05263157894736842
2802.623086060994,2.763157894736842,3.1473684210526316,0.10526315789473684
1887.6062118317911,2.763157894736842,3.1473684210526316,0.15789473684210525
1345.8094798992247,2.763157894736842,3.1473684210526316,0.21052631578947367
1012.688616141485,2.763157894736842,3.1473684210526316,0.2631578947368421
799.3719228392899,2.763157894736842,3.1473684210526316,0.3157894736842105
656.9732907316744,2.763157894736842,3.1473684210526316,0.3684210526315789
558.0303551256864,2.763157894736842,3.1473684210526316,0.42105263157894735
486.73922269319405,2.763157894736842,3.1473684210526316,0.47368421052631576
433.752688284322,2.763157894736842,3.1473684210526316,0.5263157894736842
393.3711203051081,2.763157894736842,3.1473684210526316,0.5789473684210527
362.00223547661994,2.763157894736842,3.1473684210526316,0.631578947368421
337.3021794938102,2.763157894736842,3.1473684210526316,0.6842105263157894
317.6874044309252,2.763157894736842,3.1473684210526316,0.7368421052631579
302.0513727518101,2.763157894736842,3.1473684210526316,0.7894736842105263
289.5962771755734,2.763157894736842,3.1473684210526316,0.8421052631578947
279.73052424700694,2.763157894736842,3.1473684210526316,0.894736842105263
272.00457580000864,2.763157894736842,3.1473684210526316,0.9473684210526315
266.0696542290924,2.763157894736842,3.1473684210526316,1.0
11008.239622461133,2.763157894736842,3.2,0.0
6553.265616563093,2.763157894736842,3.2,0.05263157894736842
4095.8080815428043,2.763157894736842,3.2,0.10526315789473684
2702.989427903465,2.763157894736842,3.2,0.15789473684210525
1888.0167292930807,2.763157894736842,3.2,0.21052631578947367
1393.424455207334,2.763157894736842,3.2,0.2631578947368421
1080.9496305674832,2.763157894736842,3.2,0.3157894736842105
875.0420439922722,2.763157894736842,3.2,0.3684210526315789
733.5879285576019,2.763157894736842,3.2,0.42105263157894735
632.5682852779379,2.763157894736842,3.2,0.47368421052631576
557.9219673703093,2.763157894736842,3.2,0.5263157894736842
501.1726248600861,2.763157894736842,3.2,0.5789473684210527
457.04388909389206,2.763157894736842,3.2,0.631578947368421
422.13752400926097,2.763157894736842,3.2,0.6842105263157894
394.18735326002655,2.763157894736842,3.2,0.7368421052631579
371.629573830598,2.763157894736842,3.2,0.7894736842105263
353.34969131363346,2.763157894736842,3.2,0.8421052631578947
338.5297870565452,2.763157894736842,3.2,0.894736842105263
326.55388405201523,2.763157894736842,3.2,0.9473684210526315
316.94766953622775,2.763157894736842,3.2,1.0
107.99405491027399,2.8684210526315788,2.2,0.0
79.21275105463566,2.8684210526315788,2.2,0.05263157894736842
61.278231019158994,2.8684210526315788,2.2,0.10526315789473684
50.185955350445454,2.8684210526315788,2.2,0.15789473684210525
43.42514893659414,2.8684210526315788,2.2,0.21052631578947367
39.403895263397075,2.8684210526315788,2.2,0.2631578947368421
37.30857888593561,2.8684210526315788,2.2,0.3157894736842105
36.60451020758568,2.8684210526315788,2.2,0.3684210526315789
36.9335463280844,2.8684210526315788,2.2,0.42105263157894735
38.05464830097518,2.8684210526315788,2.2,0.47368421052631576
39.79246374432048,2.8684210526315788,2.2,0.5263157894736842
42.079982873216004,2.8684210526315788,2.2,0.5789473684210527
44.81880436023758,2.8684210526315788,2.2,0.631578947368421
47.92011357261022,2.8684210526315788,2.2,0.6842105263157894
51.31456852935804,2.8684210526315788,2.2,0.7368421052631579
54.94736601179653,2.8684210526315788,2.2,0.7894736842105263
58.77474967280508,2.8684210526315788,2.2,0.8421052631578947
62.761490614141245,2.8684210526315788,2.2,0.894736842105263
66.87903695835445,2.8684210526315788,2.2,0.9473684210526315
71.10413248550988,2.8684210526315788,2.2,1.0
90.40544118376214,2.8684210526315788,2.2526315789473688,0.0
66.32491144084396,2.8684210526315788,2.2526315789473688,0.05263157894736842
51.46471413957822,2.8684210526315788,2.2526315789473688,0.10526315789473684
42.448815962915354,2.8684210526315788,2.2526315789473688,0.15789473684210525
37.0309115752719,2.8684210526315788,2.2526315789473688,0.21052631578947367
34.005786526129086,2.8684210526315788,2.2526315789473688,0.2631578947368421
32.67683256180873,2.8684210526315788,2.2526315789473688,0.3157894736842105
32.58002454044857,2.8684210526315788,2.2526315789473688,0.3684210526315789
33.41016612902984,2.8684210526315788,2.2526315789473688,0.42105263157894735
34.94753590760055,2.8684210526315788,2.2526315789473688,0.47368421052631576
37.094394209870025,2.8684210526315788,2.2526315789473688,0.5263157894736842
39.747801265247716,2.8684210526315788,2.2526315789473688,0.5789473684210527
42.80491324954094,2.8684210526315788,2.2526315789473688,0.631578947368421
46.18632774288046,2.8684210526315788,2.2526315789473688,0.6842105263157894
49.82988855267898,2.8684210526315788,2.2526315789473688,0.7368421052631579
53.68637273398594,2.8684210526315788,2.2526315789473688,0.7894736842105263
57.71642533980194,2.8684210526315788,2.2526315789473688,0.8421052631578947
61.888338714555616,2.8684210526315788,2.2526315789473688,0.894736842105263
66.17641500407035,2.8684210526315788,2.2526315789473688,0.9473684210526315
70.55973919203406,2.8684210526315788,2.2526315789473688,1.0
77.63614391531503,2.8684210526315788,2.305263157894737,0.0
56.86824195762752,2.8684210526315788,2.305263157894737,0.05263157894736842
44.21320554849068,2.8684210526315788,2.305263157894737,0.10526315789473684
36.63415702918155,2.8684210526315788,2.305263157894737,0.15789473684210525
32.19276239748564,2.8684210526315788,2.305263157894737,0.21052631578947367
29.90323892852436,2.8684210526315788,2.305263157894737,0.2631578947368421
29.14053670747639,2.8684210526315788,2.305263157894737,0.3157894736842105
29.50204113356369,2.8684210526315788,2.305263157894737,0.3684210526315789
30.711501676058766,2.8684210526315788,2.305263157894737,0.42105263157894735
32.615857306015506,2.8684210526315788,2.305263157894737,0.47368421052631576
35.10446386876877,2.8684210526315788,2.305263157894737,0.5263157894736842
38.05448208004039,2.8684210526315788,2.305263157894737,0.5789473684210527
41.372367767102034,2.8684210526315788,2.305263157894737,0.631578947368421
44.985744516015465,2.8684210526315788,2.305263157894737,0.6842105263157894
48.83785776350092,2.8684210526315788,2.305263157894737,0.7368421052631579
52.88370506329702,2.8684210526315788,2.305263157894737,0.7894736842105263
57.08727885910864,2.8684210526315788,2.305263157894737,0.8421052631578947
61.41956353103335,2.8684210526315788,2.305263157894737,0.894736842105263
65.85705440093096,2.8684210526315788,2.305263157894737,0.9473684210526315
70.3806450252485,2.8684210526315788,2.305263157894737,1.0
69.98491787747197,2.8684210526315788,2.3578947368421055,0.0
51.09695557623023,2.8684210526315788,2.3578947368421055,0.05263157894736842
39.73296086089882,2.8684210526315788,2.3578947368421055,0.10526315789473684
32.94297322406701,2.8684210526315788,2.3578947368421055,0.15789473684210525
29.085283971384925,2.8684210526315788,2.3578947368421055,0.21052631578947367
27.25223393950139,2.8684210526315788,2.3578947368421055,0.2631578947368421
26.85837468822332,2.8684210526315788,2.3578947368421055,0.3157894736842105
27.526001414748347,2.8684210526315788,2.3578947368421055,0.3684210526315789
29.019853327802956,2.8684210526315788,2.3578947368421055,0.42105263157894735
31.210141943472248,2.8684210526315788,2.3578947368421055,0.47368421052631576
33.94740282525797,2.8684210526315788,2.3578947368421055,0.5263157894736842
37.11702407743895,2.8684210526315788,2.3578947368421055,0.5789473684210527
40.63133987757558,2.8684210526315788,2.3578947368421055,0.631578947368421
44.422486385287044,2.8684210526315788,2.3578947368421055,0.6842105263157894
48.437223104926154,2.8684210526315788,2.3578947368421055,0.7368421052631579
52.63332265892173,2.8684210526315788,2.3578947368421055,0.7894736842105263
56.976998973279464,2.8684210526315788,2.3578947368421055,0.8421052631578947
61.441038338722315,2.8684210526315788,2.3578947368421055,0.894736842105263
66.00341643929835,2.8684210526315788,2.3578947368421055,0.9473684210526315
70.64625821146609,2.8684210526315788,2.3578947368421055,1.0
68.1711542101567,2.8684210526315788,2.4105263157894736,0.0
49.54581233458668,2.8684210526315788,2.4105263157894736,0.05263157894736842
38.388414028935955,2.8684210526315788,2.4105263157894736,0.10526315789473684
31.72375714120231,2.8684210526315788,2.4105263157894736,0.15789473684210525
28.005810783794598,2.8684210526315788,2.4105263157894736,0.21052631578947367
26.3055938165741,2.8684210526315788,2.4105263157894736,0.2631578947368421
26.046827061732664,2.8684210526315788,2.4105263157894736,0.3157894736842105
26.858868778240918,2.8684210526315788,2.4105263157894736,0.3684210526315789
28.541792544796586,2.8684210526315788,2.4105263157894736,0.42105263157894735
30.899671841597016,2.8684210526315788,2.4105263157894736,0.47368421052631576
33.78514537827303,2.8684210526315788,2.4105263157894736,0.5263157894736842
37.08919700038007,2.8684210526315788,2.4105263157894736,0.5789473684210527
40.726640577744924,2.8684210526315788,2.4105263157894736,0.631578947368421
44.63225432345895,2.8684210526315788,2.4105263157894736,0.6842105263157894
48.7556653618174,2.8684210526315788,2.4105263157894736,0.7368421052631579
53.055849084948335,2.8684210526315788,2.4105263157894736,0.7894736842105263
57.49997407076082,2.8684210526315788,2.4105263157894736,0.8421052631578947
62.061624489668276,2.8684210526315788,2.4105263157894736,0.894736842105263
66.71945019011974,2.8684210526315788,2.4105263157894736,0.9473684210526315
71.45615285164006,2.8684210526315788,2.4105263157894736,1.0
73.46471107347487,2.8684210526315788,2.463157894736842,0.0
53.1132178331234,2.8684210526315788,2.463157894736842,0.05263157894736842
40.85244185977207,2.8684210526315788,2.463157894736842,0.10526315789473684
33.51746595714825,2.8684210526315788,2.463157894736842,0.15789473684210525
29.393801931740867,2.8684210526315788,2.463157894736842,0.21052631578947367
27.44584176930818,2.8684210526315788,2.463157894736842,0.2631578947368421
27.03877157190161,2.8684210526315788,2.463157894736842,0.3157894736842105
27.82219870510771,2.8684210526315788,2.463157894736842,0.3684210526315789
29.51181815144941,2.8684210526315788,2.463157894736842,0.42105263157894735
31.89267236736279,2.8684210526315788,2.463157894736842,0.47368421052631576
34.81003531842933,2.8684210526315788,2.463157894736842,0.5263157894736842
38.14978831213536,2.8684210526315788,2.463157894736842,0.5789473684210527
41.82839675704115,2.8684210526315788,2.463157894736842,0.631578947368421
45.78003801462203,2.8684210526315788,2.463157894736842,0.6842105263157894
49.95218337883442,2.8684210526315788,2.463157894736842,0.7368421052631579
54.3033633488284,2.8684210526315788,2.463157894736842,0.7894736842105263
58.80053318509754,2.8684210526315788,2.463157894736842,0.8421052631578947
63.41798383330624,2.8684210526315788,2.463157894736842,0.894736842105263
68.13503112010162,2.8684210526315788,2.463157894736842,0.9473684210526315
72.93417972179968,2.8684210526315788,2.463157894736842,1.0
87.91552266913398,2.8684210526315788,2.515789473684211,0.0
63.15780696162929,2.8684210526315788,2.515789473684211,0.05263157894736842
48.14989591395092,2.8684210526315788,2.515789473684211,0.10526315789473684
39.10430038768429,2.8684210526315788,2.515789473684211,0.15789473684210525
33.871885259842344,2.8684210526315788,2.515789473684211,0.21052631578947367
31.185282519956065,2.8684210526315788,2.515789473684211,0.2631578947368421
30.32032184743973,2.8684210526315788,2.515789473684211,0.3157894736842105
30.79408418911071,2.8684210526315788,2.515789473684211,0.3684210526315789
32.26175101593472,2.8684210526315788,2.515789473684211,0.42105263157894735
34.48196549506989,2.8684210526315788,2.515789473684211,0.47368421052631576
37.28261653583609,2.8684210526315788,2.515789473684211,0.5263157894736842
40.53826234855013,2.8684210526315788,2.515789473684211,0.5789473684210527
44.15523471188454,2.8684210526315788,2.515789473684211,0.631578947368421
48.0627117235723,2.8684210526315788,2.515789473684211,0.6842105263157894
52.20799070306038,2.8684210526315788,2.515789473684211,0.7368421052631579
56.54709931933572,2.8684210526315788,2.515789473684211,0.7894736842105263
61.044724345832265,2.8684210526315788,2.515789473684211,0.8421052631578947
65.67261104004555,2.8684210526315788,2.515789473684211,0.894736842105263
70.40803293990793,2.8684210526315788,2.515789473684211,0.9473684210526315
75.23265747665288,2.8684210526315788,2.515789473684211,1.0
114.67111472014818,2.8684210526315788,2.568421052631579,0.0
81.74614433518418,2.8684210526315788,2.568421052631579,0.05263157894736842
61.76027748912792,2.8684210526315788,2.568421052631579,0.10526315789473684
49.58181276174353,2.8684210526315788,2.568421052631579,0.15789473684210525
42.30009209160576,2.8684210526315788,2.568421052631579,0.21052631578947367
38.25877563136711,2.8684210526315788,2.568421052631579,0.2631578947368421
36.46877277773461,2.8684210526315788,2.568421052631579,0.3157894736842105
36.267163524254485,2.8684210526315788,2.568421052631579,0.3684210526315789
37.22304357796004,2.8684210526315788,2.568421052631579,0.42105263157894735
39.049779750195405,2.8684210526315788,2.568421052631579,0.47368421052631576
41.5437915027118,2.8684210526315788,2.568421052631579,0.5263157894736842
44.557839639080605,2.8684210526315788,2.568421052631579,0.5789473684210527
47.98343072330803,2.8684210526315788,2.568421052631579,0.631578947368421
51.73875143394944,2.8684210526315788,2.568421052631579,0.6842105263157894
55.760905315220214,2.8684210526315788,2.568421052631579,0.7368421052631579
60.00208655945408,2.8684210526315788,2.568421052631579,0.7894736842105263
64.42535307082797,2.8684210526315788,2.568421052631579,0.8421052631578947
68.99889855030979,2.8684210526315788,2.568421052631579,0.894736842105263
73.69713050803644,2.8684210526315788,2.568421052631579,0.9473684210526315
78.4994123645627,2.8684210526315788,2.568421052631579,1.0
158.40196631688949,2.8684210526315788,2.6210526315789475,0.0
111.91132684971853,2.8684210526315788,2.6210526315789475,0.05263157894736842
83.74359733082508,2.8684210526315788,2.6210526315789475,0.10526315789473684
66.4305657990111,2.8684210526315788,2.6210526315789475,0.15789473684210525
55.81788256955414,2.8684210526315788,2.6210526315789475,0.21052631578947367
49.55256053862858,2.8684210526315788,2.6210526315789475,0.2631578947368421
46.185354956231606,2.8684210526315788,2.6210526315789475,0.3157894736842105
44.82270136102978,2.8684210526315788,2.6210526315789475,0.3684210526315789
44.895943993370786,2.8684210526315788,2.6210526315789475,0.42105263157894735
46.030406357829065,2.8684210526315788,2.6210526315789475,0.47368421052631576
47.973907619299126,2.8684210526315788,2.6210526315789475,0.5263157894736842
50.54489418553376,2.8684210526315788,2.6210526315789475,0.5789473684210527
53.61016633710796,2.8684210526315788,2.6210526315789475,0.631578947368421
57.070541877667765,2.8684210526315788,2.6210526315789475,0.6842105263157894
60.85054288845879,2.8684210526315788,2.6210526315789475,0.7368421052631579
64.8916906238976,2.8684210526315788,2.6210526315789475,0.7894736842105263
69.1480445482332,2.8684210526315788,2.6210526315789475,0.8421052631578947
73.58520886599453,2.8684210526315788,2.6210526315789475,0.894736842105263
78.17463219588154,2.8684210526315788,2.6210526315789475,0.9473684210526315
82.89194369420946,2.8684210526315788,2.6210526315789475,1.0
226.1755395701661,2.8684210526315788,2.673684210526316,0.0
158.16586806736933,2.8684210526315788,2.673684210526316,0.05263157894736842
117.11199246840152,2.8684210526315788,2.673684210526316,0.10526315789473684
91.7894722522454,2.8684210526315788,2.673684210526316,0.15789473684210525
76.03134591612151,2.8684210526315788,2.673684210526316,0.21052631578947367
66.2809241741894,2.8684210526315788,2.673684210526316,0.2631578947368421
60.44844538441607,2.8684210526315788,2.673684210526316,0.3157894736842105
57.27307273982965,2.8684210526315788,2.673684210526316,0.3684210526315789
55.96820834440254,2.8684210526315788,2.673684210526316,0.42105263157894735
56.025510562388796,2.8684210526315788,2.673684210526316,0.47368421052631576
57.10473966552993,2.8684210526315788,2.673684210526316,0.5263157894736842
58.97367719415371,2.8684210526315788,2.673684210526316,0.5789473684210527
61.46296222943929,2.8684210526315788,2.673684210526316,0.631578947368421
64.44646585846222,2.8684210526315788,2.673684210526316,0.6842105263157894
67.8292600409708,2.8684210526315788,2.673684210526316,0.7368421052631579
71.53843870692032,2.8684210526315788,2.673684210526316,0.7894736842105263
75.51707734858466,2.8684210526315788,2.673684210526316,0.8421052631578947
79.720144074608,2.8684210526315788,2.673684210526316,0.894736842105263
84.11191628088399,2.8684210526315788,2.673684210526316,0.9473684210526315
88.6658306245848,2.8684210526315788,2.673684210526316,1.0
328.71350170016524,2.8684210526315788,2.7263157894736842,0.0
227.172359148492,2.8684210526315788,2.7263157894736842,0.05263157894736842
166.23582613760374,2.8684210526315788,2.7263157894736842,0.10526315789473684
128.71662598024727,2.8684210526315788,2.7263157894736842,0.15789473684210525
105.12763739723897,2.8684210526315788,2.7263157894736842,0.21052631578947367
90.11427246634241,2.8684210526315788,2.7263157894736842,0.2631578947368421
80.58715062423435,2.8684210526315788,2.7263157894736842,0.3157894736842105
74.71167177746592,2.8684210526315788,2.7263157894736842,0.3684210526315789
71.3629460725489,2.8684210526315788,2.7263157894736842,0.42105263157894735
69.82709247504098,2.8684210526315788,2.7263157894736842,0.47368421052631576
69.63463926244803,2.8684210526315788,2.7263157894736842,0.5263157894736842
70.46585514882786,2.8684210526315788,2.7263157894736842,0.5789473684210527
72.09899698811275,2.8684210526315788,2.7263157894736842,0.631578947368421
74.37034459209265,2.8684210526315788,2.7263157894736842,0.6842105263157894
77.15606547499138,2.8684210526315788,2.7263157894736842,0.7368421052631579
80.36193130421266,2.8684210526315788,2.7263157894736842,0.7894736842105263
83.91489506302429,2.8684210526315788,2.7263157894736842,0.8421052631578947
87.75747212378484,2.8684210526315788,2.7263157894736842,0.894736842105263
91.84388648553181,2.8684210526315788,2.7263157894736842,0.9473684210526315
96.1373575433166,2.8684210526315788,2.7263157894736842,1.0
482.14590911499255,2.8684210526315788,2.778947368421053,0.0
328.76675934136387,2.8684210526315788,2.778947368421053,0.05263157894736842
237.46355061152028,2.8684210526315788,2.778947368421053,0.10526315789473684
181.4647604913511,2.8684210526315788,2.778947368421053,0.15789473684210525
146.13329240936747,2.8684210526315788,2.778947368421053,0.21052631578947367
123.3187118730896,2.8684210526315788,2.778947368421053,0.2631578947368421
108.37367601040393,2.8684210526315788,2.778947368421053,0.3157894736842105
98.57544854923546,2.8684210526315788,2.778947368421053,0.3684210526315789
92.27952260765485,2.8684210526315788,2.778947368421053,0.42105263157894735
88.45899687615625,2.8684210526315788,2.778947368421053,0.47368421052631576
86.44969009131306,2.8684210526315788,2.778947368421053,0.5263157894736842
85.8064492924495,2.8684210526315788,2.778947368421053,0.5789473684210527
86.22047608773829,2.8684210526315788,2.778947368421053,0.631578947368421
87.47382305010852,2.8684210526315788,2.778947368421053,0.6842105263157894
89.40373660457908,2.8684210526315788,2.778947368421053,0.7368421052631579
91.88518004151928,2.8684210526315788,2.778947368421053,0.7894736842105263
94.82195614968686,2.8684210526315788,2.778947368421053,0.8421052631578947
98.1387927014779,2.8684210526315788,2.778947368421053,0.894736842105263
101.77598464740481,2.8684210526315788,2.778947368421053,0.9473684210526315
105.6856681808777,2.8684210526315788,2.778947368421053,1.0
710.8254534301306,2.8684210526315788,2.8315789473684214,0.0
477.577948954546,2.8684210526315788,2.8315789473684214,0.05263157894736842
339.9565853274296,2.8684210526315788,2.8315789473684214,0.10526315789473684
256.07783877812943,2.8684210526315788,2.8315789473684214,0.15789473684210525
203.2604753513195,2.8684210526315788,2.8315789473684214,0.21052631578947367
168.98374101857084,2.8684210526315788,2.8315789473684214,0.2631578947368421
146.18045471359565,2.8684210526315788,2.8315789473684214,0.3157894736842105
130.75846833778073,2.8684210526315788,2.8315789473684214,0.3684210526315789
120.27871261652695,2.8684210526315788,2.8315789473684214,0.42105263157894735
113.24006412285927,2.8684210526315788,2.8315789473684214,0.47368421052631576
108.68632927110131,2.8684210526315788,2.8315789473684214,0.5263157894736842
105.9864050214852,2.8684210526315788,2.8315789473684214,0.5789473684210527
104.70885124419245,2.8684210526315788,2.8315789473684214,0.631578947368421
104.54873668937846,2.8684210526315788,2.8315789473684214,0.6842105263157894
105.28685459858207,2.8684210526315788,2.8315789473684214,0.7368421052631579
106.75784595271382,2.8684210526315788,2.8315789473684214,0.7894736842105263
108.83272093489931,2.8684210526315788,2.8315789473684214,0.8421052631578947
111.41117185016952,2.8684210526315788,2.8315789473684214,0.894736842105263
114.41399346863578,2.8684210526315788,2.8315789473684214,0.9473684210526315
117.77787346064228,2.8684210526315788,2.8315789473684214,1.0
1051.7010528505564,2.8684210526315788,2.8842105263157896,0.0
695.3809237874782,2.8684210526315788,2.8842105263157896,0.05263157894736842
487.09857445028973,2.8684210526315788,2.8842105263157896,0.10526315789473684
361.21321537279135,2.8684210526315788,2.8842105263157896,0.15789473684210525
282.4113778657784,2.8684210526315788,2.8842105263157896,0.21052631578947367
231.3476167058232,2.8684210526315788,2.8842105263157896,0.2631578947368421
197.20016814892048,2.8684210526315788,2.8842105263157896,0.3157894736842105
173.76781395081122,2.8684210526315788,2.8842105263157896,0.3684210526315789
157.3980949336084,2.8684210526315788,2.8842105263157896,0.42105263157894735
145.8725928467592,2.8684210526315788,2.8842105263157896,0.47368421052631576
137.7980573789914,2.8684210526315788,2.8842105263157896,0.5263157894736842
132.26818785771002,2.8684210526315788,2.8842105263157896,0.5789473684210527
128.67218472234669,2.8684210526315788,2.8842105263157896,0.631578947368421
126.58407430862495,2.8684210526315788,2.8842105263157896,0.6842105263157894
125.69721770559538,2.8684210526315788,2.8842105263157896,0.7368421052631579
125.78706995065562,2.8684210526315788,2.8842105263157896,0.7894736842105263
126.68273214847856,2.8684210526315788,2.8842105263157896,0.8421052631578947
128.2489617946249,2.8684210526315788,2.8842105263157896,0.894736842105263
130.37950871349847,2.8684210526315788,2.8842105263157896,0.9473684210526315
132.9897468502988,2.8684210526315788,2.8842105263157896,1.0
1561.0350882828914,2.8684210526315788,2.936842105263158,0.0
1014.7835354924791,2.8684210526315788,2.936842105263158,0.05263157894736842
698.6004305504596,2.8684210526315788,2.936842105263158,0.10526315789473684
509.36194663236387,2.8684210526315788,2.936842105263158,0.15789473684210525
391.91824351607573,2.8684210526315788,2.936842105263158,0.21052631578947367
316.2657848045453,2.8684210526315788,2.936842105263158,0.2631578947368421
265.7562475034209,2.8684210526315788,2.936842105263158,0.3157894736842105
230.93926550644804,2.8684210526315788,2.936842105263158,0.3684210526315789
206.30872912101466,2.8684210526315788,2.936842105263158,0.42105263157894735
188.56086109359043,2.8684210526315788,2.936842105263158,0.47368421052631576
175.64809140208848,2.8684210526315788,2.936842105263158,0.5263157894736842
166.25683673108176,2.8684210526315788,2.936842105263158,0.5789473684210527
159.5140231464056,2.8684210526315788,2.936842105263158,0.631578947368421
154.81880542863422,2.8684210526315788,2.936842105263158,0.6842105263157894
151.7438912702006,2.8684210526315788,2.936842105263158,0.7368421052631579
149.97623955229648,2.8684210526315788,2.936842105263158,0.7894736842105263
149.282550636131,2.8684210526315788,2.936842105263158,0.8421052631578947
149.48374086185615,2.8684210526315788,2.936842105263158,0.894736842105263
150.43630090123986,2.8684210526315788,2.936842105263158,0.9473684210526315
152.02637832673514,2.8684210526315788,2.936842105263158,1.0
2324.7564970935027,2.8684210526315788,2.9894736842105267,0.0
1484.9424160180859,2.8684210526315788,2.9894736842105267,0.05263157894736842
1003.6775613840471,2.8684210526315788,2.9894736842105267,0.10526315789473684
718.6792004318809,2.8684210526315788,2.9894736842105267,0.15789473684210525
543.6360002173242,2.8684210526315788,2.9894736842105267,0.21052631578947367
431.89019148503786,2.8684210526315788,2.9894736842105267,0.2631578947368421
357.74448665989405,2.8684210526315788,2.9894736842105267,0.3157894736842105
306.738020297564,2.8684210526315788,2.9894736842105267,0.3684210526315789
270.5294654729734,2.8684210526315788,2.9894736842105267,0.42105263157894735
244.1704295431936,2.8684210526315788,2.9894736842105267,0.47368421052631576
224.63225633779192,2.8684210526315788,2.9894736842105267,0.5263157894736842
209.99768646270002,2.8684210526315788,2.9894736842105267,0.5789473684210527
199.00962132423956,2.8684210526315788,2.9894736842105267,0.631578947368421
190.81433477579318,2.8684210526315788,2.9894736842105267,0.6842105263157894
184.81217143674175,2.8684210526315788,2.9894736842105267,0.7368421052631579
180.56865891567813,2.8684210526315788,2.9894736842105267,0.7894736842105263
177.76020678864714,2.8684210526315788,2.9894736842105267,0.8421052631578947
176.14169704760437,2.8684210526315788,2.9894736842105267,0.894736842105263
175.52340212905378,2.8684210526315788,2.9894736842105267,0.9473684210526315
175.75167223599377,2.8684210526315788,2.9894736842105267,1.0
3474.7077397330727,2.8684210526315788,3.042105263157895,0.0
2180.3213463197303,2.8684210526315788,3.042105263157895,0.05263157894736842
1445.8973827573823,2.8684210526315788,3.042105263157895,0.10526315789473684
1015.7429987743601,2.8684210526315788,3.042105263157895,0.15789473684210525
754.5650908103394,2.8684210526315788,3.042105263157895,0.21052631578947367
589.6612501544868,2.8684210526315788,3.042105263157895,0.2631578947368421
481.2659261357967,2.8684210526315788,3.042105263157895,0.3157894736842105
407.1812878191961,2.8684210526315788,3.042105263157895,0.3684210526315789
354.72233363893486,2.8684210526315788,3.042105263157895,0.42105263157894735
316.44377239899364,2.8684210526315788,3.042105263157895,0.47368421052631576
287.8426597422374,2.8684210526315788,3.042105263157895,0.5263157894736842
266.1048498152273,2.8684210526315788,3.042105263157895,0.5789473684210527
249.4096244169142,2.8684210526315788,3.042105263157895,0.631578947368421
236.53677729459918,2.8684210526315788,3.042105263157895,0.6842105263157894
226.6399841906693,2.8684210526315788,3.042105263157895,0.7368421052631579
219.11307079324166,2.8684210526315788,3.042105263157895,0.7894736842105263
213.50910620168742,2.8684210526315788,3.042105263157895,0.8421052631578947
209.4901270144552,2.8684210526315788,3.042105263157895,0.894736842105263
206.79631631576092,2.8684210526315788,3.042105263157895,0.9473684210526315
205.224926673694,2.8684210526315788,3.042105263157895,1.0
5213.85465798801,2.8684210526315788,3.094736842105263,0.0
3214.2219749506603,2.8684210526315788,3.094736842105263,0.05263157894736842
2090.600022688215,2.8684210526315788,3.094736842105263,0.10526315789473684
1439.7302853555361,2.8684210526315788,3.094736842105263,0.15789473684210525
1049.2749777606543,2.8684210526315788,3.094736842105263,0.21052631578947367
805.7658325800932,2.8684210526315788,3.094736842105263,0.2631578947368421
647.540531749985,2.8684210526315788,3.094736842105263,0.3157894736842105
540.4367855286058,2.8684210526315788,3.094736842105263,0.3684210526315789
465.1028469310087,2.8684210526315788,3.094736842105263,0.42105263157894735
410.29429080345705,2.8684210526315788,3.094736842105263,0.47368421052631576
369.28712460190735,2.8684210526315788,3.094736842105263,0.5263157894736842
337.9309378695961,2.8684210526315788,3.094736842105263,0.5789473684210527
313.57535742791174,2.8684210526315788,3.094736842105263,0.631578947368421
294.46751367746197,2.8684210526315788,3.094736842105263,0.6842105263157894
279.4071271900975,2.8684210526315788,3.094736842105263,0.7368421052631579
267.5446919889802,2.8684210526315788,3.094736842105263,0.7894736842105263
258.2605084398078,2.8684210526315788,3.094736842105263,0.8421052631578947
251.09026288253733,2.8684210526315788,3.094736842105263,0.894736842105263
245.6779638130655,2.8684210526315788,3.094736842105263,0.9473684210526315
241.74628937349289,2.8684210526315788,3.094736842105263,1.0
7855.585676031382,2.8684210526315788,3.1473684210526316,0.0
4759.734051369501,2.8684210526315788,3.1473684210526316,0.05263157894736842
3036.2922325738064,2.8684210526315788,3.1473684210526316,0.10526315789473684
2048.763381439807,2.8684210526315788,3.1473684210526316,0.15789473684210525
1463.5414696806254,2.8684210526315788,3.1473684210526316,0.21052631578947367
1103.293261718854,2.8684210526315788,3.1473684210526316,0.2631578947368421
872.2355039928988,2.8684210526315788,3.1473684210526316,0.3157894736842105
717.6768105292522,2.8684210526315788,3.1473684210526316,0.3684210526315789
610.014363771048,2.8684210526315788,3.1473684210526316,0.42105263157894735
532.2102108343638,2.8684210526315788,3.1473684210526316,0.47368421052631576
474.18540623704956,2.8684210526315788,3.1473684210526316,0.5263157894736842
429.79262788555144,2.8684210526315788,3.1473684210526316,0.5789473684210527
395.1562296674959,2.8684210526315788,3.1473684210526316,0.631578947368421
367.7465213855118,2.8684210526315788,3.1473684210526316,0.6842105263157894
345.8536542797526,2.8684210526315788,3.1473684210526316,0.7368421052631579
328.28225230774336,2.8684210526315788,3.1473684210526316,0.7894736842105263
314.1700024808459,2.8684210526315788,3.1473684210526316,0.8421052631578947
302.8771257081456,2.8684210526315788,3.1473684210526316,0.894736842105263
293.9171925575369,2.8684210526315788,3.1473684210526316,0.9473684210526315
286.9125852764473,2.8684210526315788,3.1473684210526316,1.0
11885.069102279818,2.8684210526315788,3.2,0.0
7082.238168757478,2.8684210526315788,3.2,0.05263157894736842
4432.188645776874,2.8684210526315788,3.2,0.10526315789473684
2929.5889077775987,2.8684210526315788,3.2,0.15789473684210525
2049.830604848158,2.8684210526315788,3.2,0.21052631578947367
1515.4413676941056,2.8684210526315788,3.2,0.2631578947368421
1177.4091449876694,2.8684210526315788,3.2,0.3157894736842105
954.3059900252217,2.8684210526315788,3.2,0.3684210526315789
800.738297063766,2.8684210526315788,3.2,0.42105263157894735
690.8136563894552,2.8684210526315788,3.2,0.47368421052631576
609.3719162047422,2.8684210526315788,3.2,0.5263157894736842
547.2723839257742,2.8684210526315788,3.2,0.5789473684210527
498.8236759354967,2.8684210526315788,3.2,0.631578947368421
460.35909584978856,2.8684210526315788,3.2,0.6842105263157894
429.43251826669547,2.8684210526315788,3.2,0.7368421052631579
404.35524445522293,2.8684210526315788,3.2,0.7894736842105263
383.9232097215932,2.8684210526315788,3.2,0.8421052631578947
367.25232626410474,2.8684210526315788,3.2,0.894736842105263
353.67644681374514,2.8684210526315788,3.2,0.9473684210526315
342.68236161086196,2.8684210526315788,3.2,1.0
113.20808816198216,2.973684210526316,2.2,0.0
82.98459828454462,2.973684210526316,2.2,0.05263157894736842
64.03856115795577,2.973684210526316,2.2,0.10526315789473684
52.21026601890011,2.973684210526316,2.2,0.15789473684210525
44.91634021424506,2.973684210526316,2.2,0.21052631578947367
40.483939123970494,2.973684210526316,2.2,0.2631578947368421
38.060794079924115,2.973684210526316,2.2,0.3157894736842105
37.09000307694242,2.973684210526316,2.2,0.3684210526315789
37.196557891069595,2.973684210526316,2.2,0.42105263157894735
38.13037918162479,2.973684210526316,2.2,0.47368421052631576
39.70200936712602,2.973684210526316,2.2,0.5263157894736842
41.82858832191903,2.973684210526316,2.2,0.5789473684210527
44.43130871295594,2.973684210526316,2.2,0.631578947368421
47.4176822250394,2.973684210526316,2.2,0.6842105263157894
50.715473572601574,2.973684210526316,2.2,0.7368421052631579
54.26757306878358,2.973684210526316,2.2,0.7894736842105263
58.02836742627925,2.973684210526316,2.2,0.8421052631578947
61.961120987498866,2.973684210526316,2.2,0.894736842105263
66.03605210443175,2.973684210526316,2.2,0.9473684210526315
70.2288969594609,2.973684210526316,2.2,1.0
95.31791808715262,2.973684210526316,2.2526315789473688,0.0
69.9281931281864,2.973684210526316,2.2526315789473688,0.05263157894736842
54.141051457080884,2.973684210526316,2.2526315789473688,0.10526315789473684
44.45009134048295,2.973684210526316,2.2526315789473688,0.15789473684210525
38.53402717237529,2.973684210526316,2.2526315789473688,0.21052631578947367
35.115022861931735,2.973684210526316,2.2526315789473688,0.2631578947368421
33.46811240012993,2.973684210526316,2.2526315789473688,0.3157894736842105
33.109887685486314,2.973684210526316,2.2526315789473688,0.3684210526315789
33.72166696717119,2.973684210526316,2.2526315789473688,0.42105263157894735
35.074861512797135,2.973684210526316,2.2526315789473688,0.47368421052631576
37.04053231588125,2.973684210526316,2.2526315789473688,0.5263157894736842
39.5407950029384,2.973684210526316,2.2526315789473688,0.5789473684210527
42.468741744338494,2.973684210526316,2.2526315789473688,0.631578947368421
45.74153017425144,2.973684210526316,2.2526315789473688,0.6842105263157894
49.29428461195454,2.973684210526316,2.2526315789473688,0.7368421052631579
53.07560711159219,2.973684210526316,2.2526315789473688,0.7894736842105263
57.04438687906965,2.973684210526316,2.2526315789473688,0.8421052631578947
61.16748851184326,2.973684210526316,2.2526315789473688,0.894736842105263
65.41804715044026,2.973684210526316,2.2526315789473688,0.9473684210526315
69.7741908642405,2.973684210526316,2.2526315789473688,1.0
82.53711560006393,2.973684210526316,2.305263157894737,0.0
60.51704242915178,2.973684210526316,2.305263157894737,0.05263157894736842
46.9688916211723,2.973684210526316,2.305263157894737,0.10526315789473684
38.74584039082721,2.973684210526316,2.305263157894737,0.15789473684210525
33.81452230462244,2.973684210526316,2.305263157894737,0.21052631578947367
31.13764558967138,2.973684210526316,2.305263157894737,0.2631578947368421
30.062141946558988,2.973684210526316,2.305263157894737,0.3157894736842105
30.161462166032077,2.973684210526316,2.305263157894737,0.3684210526315789
31.153636098542236,2.973684210526316,2.305263157894737,0.42105263157894735
32.85065239900668,2.973684210526316,2.305263157894737,0.47368421052631576
35.16114713278593,2.973684210526316,2.305263157894737,0.5263157894736842
37.961129119042795,2.973684210526316,2.305263157894737,0.5789473684210527
41.15278953782141,2.973684210526316,2.305263157894737,0.631578947368421
44.660418157873856,2.973684210526316,2.305263157894737,0.6842105263157894
48.424617777303396,2.973684210526316,2.305263157894737,0.7368421052631579
52.39826727954876,2.973684210526316,2.305263157894737,0.7894736842105263
56.54364513664671,2.973684210526316,2.305263157894737,0.8421052631578947
60.830339633841234,2.973684210526316,2.305263157894737,0.894736842105263
65.23370349536724,2.973684210526316,2.305263157894737,0.9473684210526315
69.73369264217897,2.973684210526316,2.305263157894737,1.0
75.20361519707664,2.973684210526316,2.3578947368421055,0.0
55.03804473495142,2.973684210526316,2.3578947368421055,0.05263157894736842
42.76567001351174,2.973684210526316,2.3578947368421055,0.10526315789473684
35.32272595216512,2.973684210526316,2.3578947368421055,0.15789473684210525
30.961009887839566,2.973684210526316,2.3578947368421055,0.21052631578947367
28.729050727297615,2.973684210526316,2.3578947368421055,0.2631578947368421
28.012150770904313,2.973684210526316,2.3578947368421055,0.3157894736842105
28.414070849104935,2.973684210526316,2.3578947368421055,0.3684210526315789
29.66714968004733,2.973684210526316,2.3578947368421055,0.42105263157894735
31.64489570819149,2.973684210526316,2.3578947368421055,0.47368421052631576
34.20191252003085,2.973684210526316,2.3578947368421055,0.5263157894736842
37.2190396665819,2.973684210526316,2.3578947368421055,0.5789473684210527
40.605309099242255,2.973684210526316,2.3578947368421055,0.631578947368421
44.28948243467317,2.973684210526316,2.3578947368421055,0.6842105263157894
48.215641569799566,2.973684210526316,2.3578947368421055,0.7368421052631579
52.339409925100114,2.973684210526316,2.3578947368421055,0.7894736842105263
56.6252606807931,2.973684210526316,2.3578947368421055,0.8421052631578947
61.044560622293844,2.973684210526316,2.3578947368421055,0.894736842105263
65.57412251839749,2.973684210526316,2.3578947368421055,0.9473684210526315
70.19511622645724,2.973684210526316,2.3578947368421055,1.0
74.11130440501124,2.973684210526316,2.4105263157894736,0.0
54.08701872714609,2.973684210526316,2.4105263157894736,0.05263157894736842
41.9531645272741,2.973684210526316,2.4105263157894736,0.10526315789473684
34.5757567760638,2.973684210526316,2.4105263157894736,0.15789473684210525
30.311157851654528,2.973684210526316,2.4105263157894736,0.21052631578947367
28.17924572155816,2.973684210526316,2.4105263157894736,0.2631578947368421
27.569635148798078,2.973684210526316,2.4105263157894736,0.3157894736842105
28.08093832023884,2.973684210526316,2.4105263157894736,0.3684210526315789
29.49833821799062,2.973684210526316,2.4105263157894736,0.42105263157894735
31.63414762538754,2.973684210526316,2.4105263157894736,0.47368421052631576
34.33195343777018,2.973684210526316,2.4105263157894736,0.5263157894736842
37.4778602391733,2.973684210526316,2.4105263157894736,0.5789473684210527
40.982863318145824,2.973684210526316,2.4105263157894736,0.631578947368421
44.77759043322125,2.973684210526316,2.4105263157894736,0.6842105263157894
48.8078115420603,2.973684210526316,2.4105263157894736,0.7368421052631579
53.03173385560462,2.973684210526316,2.4105263157894736,0.7894736842105263
57.415078044537154,2.973684210526316,2.4105263157894736,0.8421052631578947
61.92991883729132,2.973684210526316,2.4105263157894736,0.894736842105263
66.55366879274783,2.973684210526316,2.4105263157894736,0.9473684210526315
71.26801265645585,2.973684210526316,2.4105263157894736,1.0
80.65399065478717,2.973684210526316,2.463157894736842,0.0
58.65049197494094,2.973684210526316,2.463157894736842,0.05263157894736842
45.25894079904457,2.973684210526316,2.463157894736842,0.10526315789473684
37.09657402948223,2.973684210526316,2.463157894736842,0.15789473684210525
32.34475868840364,2.973684210526316,2.463157894736842,0.21052631578947367
29.902966031253776,2.973684210526316,2.463157894736842,0.2631578947368421
29.09149306332395,2.973684210526316,2.463157894736842,0.3157894736842105
29.520995974010027,2.973684210526316,2.463157894736842,0.3684210526315789
30.917515144941316,2.973684210526316,2.463157894736842,0.42105263157894735
33.05370169540645,2.973684210526316,2.463157894736842,0.47368421052631576
35.76590910183,2.973684210526316,2.463157894736842,0.5263157894736842
38.933314270954426,2.973684210526316,2.463157894736842,0.5789473684210527
42.465908467973826,2.973684210526316,2.463157894736842,0.631578947368421
46.295825625031014,2.973684210526316,2.463157894736842,0.6842105263157894
50.36752374038269,2.973684210526316,2.463157894736842,0.7368421052631579
54.63701857526188,2.973684210526316,2.463157894736842,0.7894736842105263
59.069234856208254,2.973684210526316,2.463157894736842,0.8421052631578947
63.63600622559517,2.973684210526316,2.463157894736842,0.894736842105263
68.31476271612974,2.973684210526316,2.463157894736842,0.9473684210526315
73.08820888530266,2.973684210526316,2.463157894736842,1.0
97.05315384741877,2.973684210526316,2.515789473684211,0.0
70.21686120292158,2.973684210526316,2.515789473684211,0.05263157894736842
53.794937227704,2.973684210526316,2.515789473684211,0.10526315789473684
43.73253638901019,2.973684210526316,2.515789473684211,0.15789473684210525
37.73796952911684,2.973684210526316,2.515789473684211,0.21052631578947367
34.457988105121544,2.973684210526316,2.515789473684211,0.2631578947368421
33.09263886942773,2.973684210526316,2.515789473684211,0.3157894736842105
33.15772548485092,2.973684210526316,2.515789473684211,0.3684210526315789
34.2872983070626,2.973684210526316,2.515789473684211,0.42105263157894735
36.226042268922534,2.973684210526316,2.515789473684211,0.47368421052631576
38.791004846801364,2.973684210526316,2.515789473684211,0.5263157894736842
41.84882078466671,2.973684210526316,2.515789473684211,0.5789473684210527
45.299872232342544,2.973684210526316,2.515789473684211,0.631578947368421
49.06816511189659,2.973684210526316,2.515789473684211,0.6842105263157894
53.09681676100628,2.973684210526316,2.515789473684211,0.7368421052631579
57.34039260243261,2.973684210526316,2.515789473684211,0.7894736842105263
61.76115614738599,2.973684210526316,2.515789473684211,0.8421052631578947
66.32886760741248,2.973684210526316,2.515789473684211,0.894736842105263
71.01915983664948,2.973684210526316,2.515789473684211,0.9473684210526315
75.81233433154038,2.973684210526316,2.515789473684211,1.0
126.67447509742946,2.973684210526316,2.568421052631579,0.0
90.97616453548031,2.973684210526316,2.568421052631579,0.05263157894736842
69.13026555197204,2.973684210526316,2.568421052631579,0.10526315789473684
55.64156633438573,2.973684210526316,2.568421052631579,0.15789473684210525
47.392987475196726,2.973684210526316,2.568421052631579,0.21052631578947367
42.58793110928789,2.973684210526316,2.568421052631579,0.2631578947368421
40.18913375955496,2.973684210526316,2.568421052631579,0.3157894736842105
39.49553466735364,2.973684210526316,2.568421052631579,0.3684210526315789
40.04674892966696,2.973684210526316,2.568421052631579,0.42105263157894735
41.53624431445062,2.973684210526316,2.568421052631579,0.47368421052631576
43.747990945481675,2.973684210526316,2.568421052631579,0.5263157894736842
46.52474655243741,2.973684210526316,2.568421052631579,0.5789473684210527
49.750602370700264,2.973684210526316,2.568421052631579,0.631578947368421
53.33810624329286,2.973684210526316,2.568421052631579,0.6842105263157894
57.21998119767391,2.973684210526316,2.568421052631579,0.7368421052631579
61.34389357240181,2.973684210526316,2.568421052631579,0.7894736842105263
65.6707763788743,2.973684210526316,2.568421052631579,0.8421052631578947
70.16732814775999,2.973684210526316,2.568421052631579,0.894736842105263
74.80605055087071,2.973684210526316,2.568421052631579,0.9473684210526315
79.56474166138494,2.973684210526316,2.568421052631579,1.0
174.57474876224225,2.973684210526316,2.6210526315789475,0.0
124.20930617697073,2.973684210526316,2.6210526315789475,0.05263157894736842
93.49687631189784,2.973684210526316,2.6210526315789475,0.10526315789473684
74.42779841860921,2.973684210526316,2.6210526315789475,0.15789473684210525
62.52769896450249,2.973684210526316,2.6210526315789475,0.21052631578947367
55.280175212384776,2.973684210526316,2.6210526315789475,0.2631578947368421
51.14716722753382,2.973684210526316,2.6210526315789475,0.3157894736842105
49.17168526615303,2.973684210526316,2.6210526315789475,0.3684210526315789
48.74478271234042,2.973684210526316,2.6210526315789475,0.42105263157894735
49.464928424206924,2.973684210526316,2.6210526315789475,0.47368421052631576
51.06122928670572,2.973684210526316,2.6210526315789475,0.5263157894736842
53.34054790569224,2.973684210526316,2.6210526315789475,0.5789473684210527
56.16007522791812,2.973684210526316,2.6210526315789475,0.631578947368421
59.413409182579095,2.973684210526316,2.6210526315789475,0.6842105263157894
63.01951780830654,2.973684210526316,2.6210526315789475,0.7368421052631579
66.91556547450934,2.973684210526316,2.6210526315789475,0.7894736842105263
71.05211504805453,2.973684210526316,2.6210526315789475,0.8421052631578947
75.39055494702617,2.973684210526316,2.6210526315789475,0.894736842105263
79.9015940936854,2.973684210526316,2.6210526315789475,0.9473684210526315
84.55919235305282,2.973684210526316,2.6210526315789475,1.0
248.3832265424896,2.973684210526316,2.673684210526316,0.0
174.79952144376094,2.973684210526316,2.673684210526316,0.05263157894736842
130.1635578092579,2.973684210526316,2.673684210526316,0.10526315789473684
102.41021713581978,2.973684210526316,2.673684210526316,0.15789473684210525
84.9108800259428,2.973684210526316,2.673684210526316,0.21052631578947367
73.87068090373418,2.973684210526316,2.673684210526316,0.2631578947368421
67.04723843263312,2.973684210526316,2.673684210526316,0.3157894736842105
63.087687391967044,2.973684210526316,2.673684210526316,0.3684210526315789
61.147985375384074,2.973684210526316,2.673684210526316,0.42105263157894735
60.68259137758595,2.973684210526316,2.673684210526316,0.47368421052631576
61.32606297926846,2.973684210526316,2.673684210526316,0.5263157894736842
62.82800325020726,2.973684210526316,2.673684210526316,0.5789473684210527
65.00791011018072,2.973684210526316,2.673684210526316,0.631578947368421
67.73013587062957,2.973684210526316,2.673684210526316,0.6842105263157894
70.89250797183836,2.973684210526316,2.673684210526316,0.7368421052631579
74.41648648669758,2.973684210526316,2.673684210526316,0.7894736842105263
78.2406873665501,2.973684210526316,2.673684210526316,0.8421052631578947
82.31649812413283,2.973684210526316,2.673684210526316,0.894736842105263
86.60502844520104,2.973684210526316,2.673684210526316,0.9473684210526315
91.076278056939,2.973684210526316,2.673684210526316,1.0
359.63432462632056,2.973684210526316,2.7263157894736842,0.0
249.9211768846115,2.973684210526316,2.7263157894736842,0.05263157894736842
183.83321268461629,2.973684210526316,2.7263157894736842,0.10526315789473684
142.88260729965006,2.973684210526316,2.7263157894736842,0.15789473684210525
116.90974232263082,2.973684210526316,2.7263157894736842,0.21052631578947367
100.16355845821673,2.973684210526316,2.7263157894736842,0.2631578947368421
89.3258724605686,2.973684210526316,2.7263157894736842,0.3157894736842105
82.42607845658597,2.973684210526316,2.7263157894736842,0.3684210526315789
78.25572280860375,2.973684210526316,2.7263157894736842,0.42105263157894735
76.0477110353947,2.973684210526316,2.7263157894736842,0.47368421052631576
75.29740063127026,2.973684210526316,2.7263157894736842,0.5263157894736842
75.6608347573089,2.973684210526316,2.7263157894736842,0.5789473684210527
76.89818709989503,2.973684210526316,2.7263157894736842,0.631578947368421
78.83471581008315,2.973684210526316,2.7263157894736842,0.6842105263157894
81.33694573657093,2.973684210526316,2.7263157894736842,0.7368421052631579
84.30321360017354,2.973684210526316,2.7263157894736842,0.7894736842105263
87.65463139419653,2.973684210526316,2.7263157894736842,0.8421052631578947
91.32905209854583,2.973684210526316,2.7263157894736842,0.894736842105263
95.27693041765819,2.973684210526316,2.7263157894736842,0.9473684210526315
99.4584079681107,2.973684210526316,2.7263157894736842,1.0
525.6808244360709,2.973684210526316,2.778947368421053,0.0
360.1581924261481,2.973684210526316,2.778947368421053,0.05263157894736842
261.32392834673277,2.973684210526316,2.778947368421053,0.10526315789473684
200.44173349904477,2.973684210526316,2.778947368421053,0.15789473684210525
161.78766477746373,2.973684210526316,2.778947368421053,0.21052631578947367
136.60393711967836,2.973684210526316,2.778947368421053,0.2631578947368421
119.8965525197578,2.973684210526316,2.778947368421053,0.3157894736842105
108.73932002177143,2.973684210526316,2.778947368421053,0.3684210526315789
101.3645022015281,2.973684210526316,2.778947368421053,0.42105263157894735
96.66793122114328,2.973684210526316,2.778947368421053,0.47368421052631576
93.93517243708997,2.973684210526316,2.778947368421053,0.5263157894736842
92.68715212089512,2.973684210526316,2.778947368421053,0.5789473684210527
92.59129809832565,2.973684210526316,2.778947368421053,0.631578947368421
93.41141847069358,2.973684210526316,2.778947368421053,0.6842105263157894
94.97353107683308,2.973684210526316,2.778947368421053,0.7368421052631579
97.14268918476297,2.973684210526316,2.778947368421053,0.7894736842105263
99.81493564173424,2.973684210526316,2.778947368421053,0.8421052631578947
102.90884424731695,2.973684210526316,2.778947368421053,0.894736842105263
106.35975953246535,2.973684210526316,2.778947368421053,0.9473684210526315
110.1157899478526,2.973684210526316,2.778947368421053,1.0
772.7138261338679,2.973684210526316,2.8315789473684214,0.0
521.2244155010134,2.973684210526316,2.8315789473684214,0.05263157894736842
372.51819256801554,2.973684210526316,2.8315789473684214,0.10526315789473684
281.59621396895915,2.973684210526316,2.8315789473684214,0.15789473684210525
224.08328818846644,2.973684210526316,2.8315789473684214,0.21052631578947367
186.5228203835427,2.973684210526316,2.8315789473684214,0.2631578947368421
161.3187199724414,2.973684210526316,2.8315789473684214,0.3157894736842105
144.07195629141142,2.973684210526316,2.8315789473684214,0.3684210526315789
132.15999373892467,2.973684210526316,2.8315789473684214,0.42105263157894735
123.96831677684165,2.973684210526316,2.8315789473684214,0.47368421052631576
118.46809800054021,2.973684210526316,2.8315789473684214,0.5263157894736842
114.97995791072253,2.973684210526316,2.8315789473684214,0.5789473684210527
113.03917641263038,2.973684210526316,2.8315789473684214,0.631578947368421
112.3170713179427,2.973684210526316,2.8315789473684214,0.6842105263157894
112.57585554941141,2.973684210526316,2.8315789473684214,0.7368421052631579
113.63842976622763,2.973684210526316,2.8315789473684214,0.7894736842105263
115.36551630059195,2.973684210526316,2.8315789473684214,0.8421052631578947
117.64860554312284,2.973684210526316,2.8315789473684214,0.894736842105263
120.40193134829869,2.973684210526316,2.8315789473684214,0.9473684210526315
123.55686590202914,2.973684210526316,2.8315789473684214,1.0
1140.4446581941386,2.973684210526316,2.8842105263157896,0.0
756.5603100340785,2.973684210526316,2.8842105263157896,0.05263157894736842
531.8158573315343,2.973684210526316,2.8842105263157896,0.10526315789473684
395.66470145119155,2.973684210526316,2.8842105263157896,0.15789473684210525
310.1527999976555,2.973684210526316,2.8842105263157896,0.21052631578947367
254.48693225369547,2.973684210526316,2.8842105263157896,0.2631578947368421
217.03438092430326,2.973684210526316,2.8842105263157896,0.3157894736842105
191.12829355273897,2.973684210526316,2.8842105263157896,0.3684210526315789
172.84116107806884,2.973684210526316,2.8842105263157896,0.42105263157894735
159.7868368106715,2.973684210526316,2.8842105263157896,0.47368421052631576
150.46617506994141,2.973684210526316,2.8842105263157896,0.5263157894736842
143.90353591886517,2.973684210526316,2.8842105263157896,0.5789473684210527
139.4410203904252,2.973684210526316,2.8842105263157896,0.631578947368421
136.6195119212638,2.973684210526316,2.8842105263157896,0.6842105263157894
135.10827745098976,2.973684210526316,2.8842105263157896,0.7368421052631579
134.6637173484225,2.973684210526316,2.8842105263157896,0.7894736842105263
135.1023999325451,2.973684210526316,2.8842105263157896,0.8421052631578947
136.2783209690925,2.973684210526316,2.8842105263157896,0.894736842105263
138.076478581302,2.973684210526316,2.8842105263157896,0.9473684210526315
140.40519070657498,2.973684210526316,2.8842105263157896,1.0
1689.3682985003325,2.973684210526316,2.936842105263158,0.0
1101.23404011082,2.973684210526316,2.936842105263158,0.05263157894736842
760.4186623769536,2.973684210526316,2.936842105263158,0.10526315789473684
556.0876445824731,2.973684210526316,2.936842105263158,0.15789473684210525
428.9654786183335,2.973684210526316,2.936842105263158,0.21052631578947367
346.802340894421,2.973684210526316,2.936842105263158,0.2631578947368421
291.701974063147,2.973684210526316,2.936842105263158,0.3157894736842105
253.50434041839532,2.973684210526316,2.936842105263158,0.3684210526315789
226.28877265926832,2.973684210526316,2.936842105263158,0.42105263157894735
206.50185548807923,2.973684210526316,2.936842105263158,0.47368421052631576
191.94056683856923,2.973684210526316,2.936842105263158,0.5263157894736842
181.19099935664866,2.973684210526316,2.936842105263158,0.5789473684210527
173.31291960555953,2.973684210526316,2.936842105263158,0.631578947368421
167.65888208957406,2.973684210526316,2.936842105263158,0.6842105263157894
163.7681526290906,2.973684210526316,2.936842105263158,0.7368421052631579
161.30295132795536,2.973684210526316,2.936842105263158,0.7894736842105263
160.01025366576937,2.973684210526316,2.936842105263158,0.8421052631578947
159.6974607327926,2.973684210526316,2.936842105263158,0.894736842105263
160.20971255310175,2.973684210526316,2.936842105263158,0.9473684210526315
161.42375106951647,2.973684210526316,2.936842105263158,1.0
2511.8724814218103,2.973684210526316,2.9894736842105267,0.0
1608.0983344198478,2.973684210526316,2.9894736842105267,0.05263157894736842
1089.7452584646267,2.973684210526316,2.9894736842105267,0.10526315789473684
782.3947785784818,2.973684210526316,2.9894736842105267,0.15789473684210525
593.2782265692998,2.973684210526316,2.9894736842105267,0.21052631578947367
472.2447475782515,2.973684210526316,2.9894736842105267,0.2631578947368421
391.671169984488,2.973684210526316,2.9894736842105267,0.3157894736842105
336.0111623530643,2.973684210526316,2.9894736842105267,0.3684210526315789
296.2958701370099,2.973684210526316,2.9894736842105267,0.42105263157894735
267.20346725658516,2.973684210526316,2.9894736842105267,0.47368421052631576
245.47579116056056,2.973684210526316,2.9894736842105267,0.5263157894736842
229.04953048596548,2.973684210526316,2.9894736842105267,0.5789473684210527
216.5712117520776,2.973684210526316,2.9894736842105267,0.631578947368421
207.1211728230461,2.973684210526316,2.9894736842105267,0.6842105263157894
200.0530626459283,2.973684210526316,2.9894736842105267,0.7368421052631579
194.89827580816547,2.973684210526316,2.9894736842105267,0.7894736842105263
191.30756382414688,2.973684210526316,2.9894736842105267,0.8421052631578947
189.01521775361084,2.973684210526316,2.9894736842105267,0.894736842105263
187.81683821214992,2.973684210526316,2.9894736842105267,0.9473684210526315
187.54671927002175,2.973684210526316,2.9894736842105267,1.0
3749.6817812871845,2.973684210526316,3.042105263157895,0.0
2357.207254141705,2.973684210526316,3.042105263157895,0.05263157894736842
1566.6413925305062,2.973684210526316,3.042105263157895,0.10526315789473684
1103.1703702236252,2.973684210526316,3.042105263157895,0.15789473684210525
821.3799613520598,2.973684210526316,3.042105263157895,0.21052631578947367
643.1258274553949,2.973684210526316,3.042105263157895,0.2631578947368421
525.6632616904569,2.973684210526316,3.042105263157895,0.3157894736842105
445.12924177618595,2.973684210526316,3.042105263157895,0.3684210526315789
387.8853940827084,2.973684210526316,3.042105263157895,0.42105263157894735
345.9253862738444,2.973684210526316,3.042105263157895,0.47368421052631576
314.40575553043243,2.973684210526316,3.042105263157895,0.5263157894736842
290.298580025313,2.973684210526316,3.042105263157895,0.5789473684210527
271.6440588917529,2.973684210526316,3.042105263157895,0.631578947368421
257.1281644560572,2.973684210526316,3.042105263157895,0.6842105263157894
245.83901859062703,2.973684210526316,3.042105263157895,0.7368421052631579
237.1231188861459,2.973684210526316,3.042105263157895,0.7894736842105263
230.49834590885226,2.973684210526316,3.042105263157895,0.8421052631578947
225.59989662526024,2.973684210526316,3.042105263157895,0.894736842105263
222.14630622128286,2.973684210526316,3.042105263157895,0.9473684210526315
219.91882362968929,2.973684210526316,3.042105263157895,1.0
5620.96361106443,2.973684210526316,3.094736842105263,0.0
3470.358702061439,2.973684210526316,3.094736842105263,0.05263157894736842
2261.3556583907816,2.973684210526316,3.094736842105263,0.10526315789473684
1560.5417642976954,2.973684210526316,3.094736842105263,0.15789473684210525
1139.696561746281,2.973684210526316,3.094736842105263,0.21052631578947367
876.8604585813855,2.973684210526316,3.094736842105263,0.2631578947368421
705.7533653025778,2.973684210526316,3.094736842105263,0.3157894736842105
589.6519108251376,2.973684210526316,3.094736842105263,0.3684210526315789
507.75133610431953,2.973684210526316,3.094736842105263,0.42105263157894735
447.9610959285727,2.973684210526316,3.094736842105263,0.47368421052631576
403.0497347489283,2.973684210526316,3.094736842105263,0.5263157894736842
368.5524020856421,2.973684210526316,3.094736842105263,0.5789473684210527
341.61696543583133,2.973684210526316,3.094736842105263,0.631578947368421
320.3563553202894,2.973684210526316,3.094736842105263,0.6842105263157894
303.4777999178828,2.973684210526316,3.094736842105263,0.7368421052631579
290.06586368731615,2.973684210526316,3.094736842105263,0.7894736842105263
279.45238843631284,2.973684210526316,3.094736842105263,0.8421052631578947
271.13646840403453,2.973684210526316,3.094736842105263,0.894736842105263
264.73383342831175,2.973684210526316,3.094736842105263,0.9473684210526315
259.94426563836686,2.973684210526316,3.094736842105263,1.0
8462.565358016169,2.973684210526316,3.1473684210526316,0.0
5133.611061053416,2.973684210526316,3.1473684210526316,0.05263157894736842
3279.785477701917,2.973684210526316,3.1473684210526316,0.10526315789473684
2217.000587992939,2.973684210526316,3.1473684210526316,0.15789473684210525
1586.7004032957198,2.973684210526316,3.1473684210526316,0.21052631578947367
1198.284160789375,2.973684210526316,3.1473684210526316,0.2631578947368421
948.7982749024602,2.973684210526316,3.1473684210526316,0.3157894736842105
781.6034911257834,2.973684210526316,3.1473684210526316,0.3684210526315789
664.8762352589802,2.973684210526316,3.1473684210526316,0.42105263157894735
580.2981180397977,2.973684210526316,3.1473684210526316,0.47368421052631576
517.0308910847399,2.973684210526316,3.1473684210526316,0.5263157894736842
468.46262796744264,2.973684210526316,3.1473684210526316,0.5789473684210527
430.42357415981866,2.973684210526316,3.1473684210526316,0.631578947368421
400.19112497926136,2.973684210526316,3.1473684210526316,0.6842105263157894
375.92429563546943,2.973684210526316,3.1473684210526316,0.7368421052631579
356.33545187283045,2.973684210526316,3.1473684210526316,0.7894736842105263
340.49527766916634,2.973684210526316,3.1473684210526316,0.8421052631578947
327.7139319145828,2.973684210526316,3.1473684210526316,0.894736842105263
317.46664901385566,2.973684210526316,3.1473684210526316,0.9473684210526315
309.345835094384,2.973684210526316,3.1473684210526316,1.0
12795.958369799644,2.973684210526316,3.2,0.0
7632.215876070614,2.973684210526316,3.2,0.05263157894736842
4782.329961175395,2.973684210526316,3.2,0.10526315789473684
3165.8055558030314,2.973684210526316,3.2,0.15789473684210525
2218.8045175768,2.973684210526316,3.2,0.21052631578947367
1643.099126062652,2.973684210526316,3.2,0.2631578947368421
1278.5259215645872,2.973684210526316,3.2,0.3157894736842105
1037.5590753609779,2.973684210526316,3.2,0.3684210526315789
871.4021793613248,2.973684210526316,3.2,0.42105263157894735
752.2190805959877,2.973684210526316,3.2,0.47368421052631576
663.709284447316,2.973684210526316,3.2,0.5263157894736842
596.0427043524985,2.973684210526316,3.2,0.5789473684210527
543.097242166784,2.973684210526316,3.2,0.631578947368421
500.92754633883,2.973684210526316,3.2,0.6842105263157894
466.9006782456007,2.973684210526316,3.2,0.7368421052631579
439.19825574257635,2.973684210526316,3.2,0.7894736842105263
416.52319228103016,2.973684210526316,3.2,0.8421052631578947
397.9226673493505,2.973684210526316,3.2,0.894736842105263
382.6784091908103,2.973684210526316,3.2,0.9473684210526315
370.23678787382926,2.973684210526316,3.2,1.0
118.77601577655209,3.0789473684210527,2.2,0.0
87.10428342050302,3.0789473684210527,2.2,0.05263157894736842
67.13985993869953,3.0789473684210527,2.2,0.10526315789473684
54.568883010489344,3.0789473684210527,2.2,0.15789473684210525
46.73208447879187,3.0789473684210527,2.2,0.21052631578947367
41.879366505563304,3.0789473684210527,2.2,0.2631578947368421
39.119788343825235,3.0789473684210527,2.2,0.3157894736842105
37.87579008947879,3.0789473684210527,2.2,0.3684210526315789
37.756200650199034,3.0789473684210527,2.2,0.42105263157894735
38.50081256279531,3.0789473684210527,2.2,0.47368421052631576
39.91393791582906,3.0789473684210527,2.2,0.5263157894736842
41.881323595195006,3.0789473684210527,2.2,0.5789473684210527
44.34829079870611,3.0789473684210527,2.2,0.631578947368421
47.220360626985745,3.0789473684210527,2.2,0.6842105263157894
50.422388166863456,3.0789473684210527,2.2,0.7368421052631579
53.894944334724606,3.0789473684210527,2.2,0.7894736842105263
57.59054873874894,3.0789473684210527,2.2,0.8421052631578947
61.47095109228209,3.0789473684210527,2.2,0.894736842105263
65.50513404498795,3.0789473684210527,2.2,0.9473684210526315
69.6678219126856,3.0789473684210527,2.2,1.0
100.6132122669164,3.0789473684210527,2.2526315789473688,0.0
73.89965939082698,3.0789473684210527,2.2526315789473688,0.05263157894736842
57.17239558754934,3.0789473684210527,2.2526315789473688,0.10526315789473684
46.79373341439979,3.0789473684210527,2.2526315789473688,0.15789473684210525
40.371492263344045,3.0789473684210527,2.2526315789473688,0.21052631578947367
36.552061525311714,3.0789473684210527,2.2526315789473688,0.2631578947368421
34.58208440868599,3.0789473684210527,2.2526315789473688,0.3157894736842105
33.96027805949529,3.0789473684210527,2.2526315789473688,0.3684210526315789
34.351883817002395,3.0789473684210527,2.2526315789473688,0.42105263157894735
35.52230349926153,3.0789473684210527,2.2526315789473688,0.47368421052631576
37.312927398472596,3.0789473684210527,2.2526315789473688,0.5263157894736842
39.65960625142501,3.0789473684210527,2.2526315789473688,0.5789473684210527
42.458318632933626,3.0789473684210527,2.2526315789473688,0.631578947368421
45.62275363149653,3.0789473684210527,2.2526315789473688,0.6842105263157894
49.08529328349836,3.0789473684210527,2.2526315789473688,0.7368421052631579
52.79234641867555,3.0789473684210527,2.2526315789473688,0.7894736842105263
56.701031852842945,3.0789473684210527,2.2526315789473688,0.8421052631578947
60.77677491543415,3.0789473684210527,2.2526315789473688,0.894736842105263
64.99153474565023,3.0789473684210527,2.2526315789473688,0.9473684210526315
69.3224756461579,3.0789473684210527,2.2526315789473688,1.0
87.84799584183492,3.0789473684210527,2.305263157894737,0.0
64.55599870208607,3.0789473684210527,2.305263157894737,0.05263157894736842
50.10021660139862,3.0789473684210527,2.305263157894737,0.10526315789473684
41.22078800628059,3.0789473684210527,2.305263157894737,0.15789473684210525
35.792304591903,3.0789473684210527,2.305263157894737,0.21052631578947367
32.7229005727659,3.0789473684210527,2.305263157894737,0.2631578947368421
31.33147889066237,3.0789473684210527,2.305263157894737,0.3157894736842105
31.169032899078132,3.0789473684210527,2.305263157894737,0.3684210526315789
31.94163873081181,3.0789473684210527,2.305263157894737,0.42105263157894735
33.43883134976292,3.0789473684210527,2.305263157894737,0.47368421052631576
35.56963676965549,3.0789473684210527,2.305263157894737,0.5263157894736842
38.21850939363603,3.0789473684210527,2.305263157894737,0.5789473684210527
41.28332580825877,3.0789473684210527,2.305263157894737,0.631578947368421
44.685002513371224,3.0789473684210527,2.305263157894737,0.6842105263157894
48.36146817291547,3.0789473684210527,2.305263157894737,0.7368421052631579
52.26345769559013,3.0789473684210527,2.305263157894737,0.7894736842105263
56.35151520676401,3.0789473684210527,2.305263157894737,0.8421052631578947
60.59381652656128,3.0789473684210527,2.305263157894737,0.894736842105263
64.9645587233907,3.0789473684210527,2.305263157894737,0.9473684210526315
69.44274980803023,3.0789473684210527,2.305263157894737,1.0
80.8759704125203,3.0789473684210527,2.3578947368421055,0.0
59.410620339575004,3.0789473684210527,2.3578947368421055,0.05263157894736842
46.21203809094681,3.0789473684210527,2.3578947368421055,0.10526315789473684
38.104369659576875,3.0789473684210527,2.3578947368421055,0.15789473684210525
33.229823160649154,3.0789473684210527,2.3578947368421055,0.21052631578947367
30.59169054741955,3.0789473684210527,2.3578947368421055,0.2631578947368421
29.546569278057994,3.0789473684210527,2.3578947368421055,0.3157894736842105
29.678154746272444,3.0789473684210527,2.3578947368421055,0.3684210526315789
30.69707248580332,3.0789473684210527,2.3578947368421055,0.42105263157894735
32.45968600392935,3.0789473684210527,2.3578947368421055,0.47368421052631576
34.836046803120254,3.0789473684210527,2.3578947368421055,0.5263157894736842
37.70044010147908,3.0789473684210527,2.3578947368421055,0.5789473684210527
40.957395522456686,3.0789473684210527,2.3578947368421055,0.631578947368421
44.53376663503126,3.0789473684210527,2.3578947368421055,0.6842105263157894
48.37098426675852,3.0789473684210527,2.3578947368421055,0.7368421052631579
52.422487857213724,3.0789473684210527,2.3578947368421055,0.7894736842105263
56.65098169956426,3.0789473684210527,2.3578947368421055,0.8421052631578947
61.02639026954596,3.0789473684210527,2.3578947368421055,0.894736842105263
65.52434498663871,3.0789473684210527,2.3578947368421055,0.9473684210526315
70.12504583267278,3.0789473684210527,2.3578947368421055,1.0
80.5726923967932,3.0789473684210527,2.4105263157894736,0.0
59.118470452274956,3.0789473684210527,2.4105263157894736,0.05263157894736842
45.983905101007245,3.0789473684210527,2.4105263157894736,0.10526315789473684
37.87732806059363,3.0789473684210527,2.4105263157894736,0.15789473684210525
33.05345772992787,3.0789473684210527,2.4105263157894736,0.21052631578947367
30.4805936567294,3.0789473684210527,2.4105263157894736,0.2631578947368421
29.5123110258769,3.0789473684210527,2.4105263157894736,0.3157894736842105
29.726062547502373,3.0789473684210527,2.4105263157894736,0.3684210526315789
30.872681682193615,3.0789473684210527,2.4105263157894736,0.42105263157894735
32.78218972025595,3.0789473684210527,2.4105263157894736,0.47368421052631576
35.289791794252324,3.0789473684210527,2.4105263157894736,0.5263157894736842
38.27482324108043,3.0789473684210527,2.4105263157894736,0.5789473684210527
41.64533891652453,3.0789473684210527,2.4105263157894736,0.631578947368421
45.32833630171103,3.0789473684210527,2.4105263157894736,0.6842105263157894
49.26659323900808,3.0789473684210527,2.4105263157894736,0.7368421052631579
53.414748543718666,3.0789473684210527,2.4105263157894736,0.7894736842105263
57.73724597713597,3.0789473684210527,2.4105263157894736,0.8421052631578947
62.20565888729982,3.0789473684210527,2.4105263157894736,0.894736842105263
66.79614101674825,3.0789473684210527,2.4105263157894736,0.9473684210526315
71.48933941631964,3.0789473684210527,2.4105263157894736,1.0
88.45151309244639,3.0789473684210527,2.463157894736842,0.0
64.75137629815828,3.0789473684210527,2.463157894736842,0.05263157894736842
50.195770097470486,3.0789473684210527,2.463157894736842,0.10526315789473684
41.183128769535294,3.0789473684210527,2.463157894736842,0.15789473684210525
35.78574004418532,3.0789473684210527,2.463157894736842,0.21052631578947367
32.837063385881244,3.0789473684210527,2.463157894736842,0.2631578947368421
31.617849497670203,3.0789473684210527,2.463157894736842,0.3157894736842105
31.686858570362567,3.0789473684210527,2.463157894736842,0.3684210526315789
32.78296143049255,3.0789473684210527,2.463157894736842,0.42105263157894735
34.668502985543064,3.0789473684210527,2.463157894736842,0.47368421052631576
37.17069612628868,3.0789473684210527,2.463157894736842,0.5263157894736842
40.16194920461162,3.0789473684210527,2.463157894736842,0.5789473684210527
43.54615011523616,3.0789473684210527,2.463157894736842,0.631578947368421
47.25190195544385,3.0789473684210527,2.463157894736842,0.6842105263157894
51.22139386203985,3.0789473684210527,2.463157894736842,0.7368421052631579
55.4080640274227,3.0789473684210527,2.463157894736842,0.7894736842105263
59.77475586471298,3.0789473684210527,2.463157894736842,0.8421052631578947
64.29160924503068,3.0789473684210527,2.463157894736842,0.894736842105263
68.93451344881488,3.0789473684210527,2.463157894736842,0.9473684210526315
73.68395118016839,3.0789473684210527,2.463157894736842,1.0
106.90183350254239,3.0789473684210527,2.515789473684211,0.0
77.921243502126,3.0789473684210527,2.515789473684211,0.05263157894736842
60.04160402213941,3.0789473684210527,2.515789473684211,0.10526315789473684
48.93082375566749,3.0789473684210527,2.515789473684211,0.15789473684210525
42.15087461667062,3.0789473684210527,2.515789473684211,0.21052631578947367
38.26042984120287,3.0789473684210527,2.515789473684211,0.2631578947368421
36.3877213489186,3.0789473684210527,2.515789473684211,0.3157894736842105
36.03199971425394,3.0789473684210527,2.515789473684211,0.3684210526315789
36.812921374086365,3.0789473684210527,2.515789473684211,0.42105263157894735
38.46118860308313,3.0789473684210527,2.515789473684211,0.47368421052631576
40.78267333841524,3.0789473684210527,2.515789473684211,0.5263157894736842
43.6358310661889,3.0789473684210527,2.515789473684211,0.5789473684210527
46.914889109395,3.0789473684210527,2.515789473684211,0.631578947368421
50.53914005849112,3.0789473684210527,2.515789473684211,0.6842105263157894
54.44666826969266,3.0789473684210527,2.515789473684211,0.7368421052631579
58.59059383236203,3.0789473684210527,2.515789473684211,0.7894736842105263
62.931062893314376,3.0789473684210527,2.515789473684211,0.8421052631578947
67.43585108021476,3.0789473684210527,2.515789473684211,0.894736842105263
72.0789671592989,3.0789473684210527,2.515789473684211,0.9473684210526315
76.83937768400577,3.0789473684210527,2.515789473684211,1.0
139.5154949849782,3.0789473684210527,2.568421052631579,0.0
100.94830769454735,3.0789473684210527,2.568421052631579,0.05263157894736842
77.17937951532492,3.0789473684210527,2.568421052631579,0.10526315789473684
62.33580622155803,3.0789473684210527,2.568421052631579,0.15789473684210525
53.087848310575424,3.0789473684210527,2.568421052631579,0.21052631578947367
47.50325806462726,3.0789473684210527,2.568421052631579,0.2631578947368421
44.47547016067119,3.0789473684210527,2.568421052631579,0.3157894736842105
43.27351985802703,3.0789473684210527,2.568421052631579,0.3684210526315789
43.40691253895739,3.0789473684210527,2.568421052631579,0.42105263157894735
44.54792336514057,3.0789473684210527,2.568421052631579,0.47368421052631576
46.46802302124507,3.0789473684210527,2.568421052631579,0.5263157894736842
48.99966691763508,3.0789473684210527,2.568421052631579,0.5789473684210527
52.0192962274935,3.0789473684210527,2.568421052631579,0.631578947368421
55.433641287587534,3.0789473684210527,2.568421052631579,0.6842105263157894
59.170905505089706,3.0789473684210527,2.568421052631579,0.7368421052631579
63.17493417023928,3.0789473684210527,2.568421052631579,0.7894736842105263
67.40271864152164,3.0789473684210527,2.568421052631579,0.8421052631578947
71.82029645108774,3.0789473684210527,2.568421052631579,0.894736842105263
76.39822387614436,3.0789473684210527,2.568421052631579,0.9473684210526315
81.11268247344233,3.0789473684210527,2.568421052631579,1.0
191.77621268833428,3.0789473684210527,2.6210526315789475,0.0
137.39941324222616,3.0789473684210527,2.6210526315789475,0.05263157894736842
104.05197962076258,3.0789473684210527,2.6210526315789475,0.10526315789473684
83.16465007521977,3.0789473684210527,2.6210526315789475,0.15789473684210525
69.9410224578905,3.0789473684210527,2.6210526315789475,0.21052631578947367
61.67651428070531,3.0789473684210527,2.6210526315789475,0.2631578947368421
56.75039689624159,3.0789473684210527,2.6210526315789475,0.3157894736842105
54.14009700039276,3.0789473684210527,2.6210526315789475,0.3684210526315789
53.19501207109541,3.0789473684210527,2.6210526315789475,0.42105263157894735
53.48612202989786,3.0789473684210527,2.6210526315789475,0.47368421052631576
54.72265511858535,3.0789473684210527,2.6210526315789475,0.5263157894736842
56.69971028232301,3.0789473684210527,2.6210526315789475,0.5789473684210527
59.264605185973416,3.0789473684210527,2.6210526315789475,0.631578947368421
62.30347229870501,3.0789473684210527,2.6210526315789475,0.6842105263157894
65.72953601501167,3.0789473684210527,2.6210526315789475,0.7368421052631579
69.47545446090177,3.0789473684210527,2.6210526315789475,0.7894736842105263
73.48819861984462,3.0789473684210527,2.6210526315789475,0.8421052631578947
77.72557879562888,3.0789473684210527,2.6210526315789475,0.894736842105263
82.15583354835181,3.0789473684210527,2.6210526315789475,0.9473684210526315
86.75209693051548,3.0789473684210527,2.6210526315789475,1.0
271.8820118356122,3.0789473684210527,2.673684210526316,0.0
192.52323372900904,3.0789473684210527,2.673684210526316,0.05263157894736842
144.17545991916737,3.0789473684210527,2.673684210526316,0.10526315789473684
113.91186751089334,3.0789473684210527,2.673684210526316,0.15789473684210525
94.60797754917398,3.0789473684210527,2.673684210526316,0.21052631578947367
82.23040216938517,3.0789473684210527,2.673684210526316,0.2631578947368421
74.37906131687633,3.0789473684210527,2.673684210526316,0.3157894736842105
69.60583213750122,3.0789473684210527,2.673684210526316,0.3684210526315789
67.00721434209834,3.0789473684210527,2.673684210526316,0.42105263157894735
65.99916408444548,3.0789473684210527,2.673684210526316,0.47368421052631576
66.19035278557924,3.0789473684210527,2.673684210526316,0.5263157894736842
67.3112523555064,3.0789473684210527,2.673684210526316,0.5789473684210527
69.16981054763093,3.0789473684210527,2.673684210526316,0.631578947368421
71.62066059319345,3.0789473684210527,2.673684210526316,0.6842105263157894
74.55412656103152,3.0789473684210527,2.673684210526316,0.7368421052631579
77.88583228763643,3.0789473684210527,2.673684210526316,0.7894736842105263
81.54977309673832,3.0789473684210527,2.673684210526316,0.8421052631578947
85.49362584082274,3.0789473684210527,2.673684210526316,0.894736842105263
89.67548676778584,3.0789473684210527,2.673684210526316,0.9473684210526315
94.06182995078036,3.0789473684210527,2.673684210526316,1.0
392.20792944871255,3.0789473684210527,2.7263157894736842,0.0
274.0248334799508,3.0789473684210527,2.7263157894736842,0.05263157894736842
202.60135539884004,3.0789473684210527,2.7263157894736842,0.10526315789473684
158.09787149740166,3.0789473684210527,2.7263157894736842,0.15789473684210525
129.65225093742822,3.0789473684210527,2.7263157894736842,0.21052631578947367
111.10786252460798,3.0789473684210527,2.7263157894736842,0.2631578947368421
98.90955896413239,3.0789473684210527,2.7263157894736842,0.3157894736842105
90.94587647062238,3.0789473684210527,2.7263157894736842,0.3684210526315789
85.92181386617318,3.0789473684210527,2.7263157894736842,0.42105263157894735
83.0151598873378,3.0789473684210527,2.7263157894736842,0.47368421052631576
81.68483984213997,3.0789473684210527,2.7263157894736842,0.5263157894736842
81.5619070572155,3.0789473684210527,2.7263157894736842,0.5789473684210527
82.38776689248294,3.0789473684210527,2.7263157894736842,0.631578947368421
83.97595163834266,3.0789473684210527,2.7263157894736842,0.6842105263157894
86.18322414280992,3.0789473684210527,2.7263157894736842,0.7368421052631579
88.90021158833123,3.0789473684210527,2.7263157894736842,0.7894736842105263
92.04196788320944,3.0789473684210527,2.7263157894736842,0.8421052631578947
95.54150922637514,3.0789473684210527,2.7263157894736842,0.894736842105263
99.34537916213738,3.0789473684210527,2.7263157894736842,0.9473684210526315
103.4105249795768,3.0789473684210527,2.7263157894736842,1.0
571.3741302629487,3.0789473684210527,2.778947368421053,0.0
393.2644034478059,3.0789473684210527,2.778947368421053,0.05263157894736842
286.6315705693642,3.0789473684210527,2.778947368421053,0.10526315789473684
220.68456606894708,3.0789473684210527,2.778947368421053,0.15789473684210525
178.5829698655446,3.0789473684210527,2.778947368421053,0.21052631578947367
150.93983428228682,3.0789473684210527,2.778947368421053,0.2631578947368421
132.40204878753414,3.0789473684210527,2.778947368421053,0.3157894736842105
119.83264774590029,3.0789473684210527,2.778947368421053,0.3684210526315789
111.3362210264507,3.0789473684210527,2.778947368421053,0.42105263157894735
105.72854116987354,3.0789473684210527,2.778947368421053,0.47368421052631576
102.24309669884464,3.0789473684210527,2.778947368421053,0.5263157894736842
100.36565649594084,3.0789473684210527,2.778947368421053,0.5789473684210527
99.73904296525852,3.0789473684210527,2.778947368421053,0.631578947368421
100.1083241004134,3.0789473684210527,2.778947368421053,0.6842105263157894
101.28735604706927,3.0789473684210527,2.778947368421053,0.7368421052631579
103.13121691033349,3.0789473684210527,2.778947368421053,0.7894736842105263
105.5278966983366,3.0789473684210527,2.778947368421053,0.8421052631578947
108.38958137492234,3.0789473684210527,2.778947368421053,0.894736842105263
111.6464756699659,3.0789473684210527,2.778947368421053,0.9473684210526315
115.24250520187653,3.0789473684210527,2.778947368421053,1.0
837.4771780624758,3.0789473684210527,2.8315789473684214,0.0
567.0891280679102,3.0789473684210527,2.8315789473684214,0.05263157894736842
406.88989389428156,3.0789473684210527,2.8315789473684214,0.10526315789473684
308.66270415333213,3.0789473684210527,2.8315789473684214,0.15789473684210525
246.2774217083652,3.0789473684210527,2.8315789473684214,0.21052631578947367
205.30789702359704,3.0789473684210527,2.8315789473684214,0.2631578947368421
177.61005633930648,3.0789473684210527,2.8315789473684214,0.3157894736842105
158.46690175487325,3.0789473684210527,2.8315789473684214,0.3684210526315789
145.06578887266917,3.0789473684210527,2.8315789473684214,0.42105263157894735
135.67469131091548,3.0789473684210527,2.8315789473684214,0.47368421052631576
129.1894984770493,3.0789473684210527,2.8315789473684214,0.5263157894736842
124.88078445034438,3.0789473684210527,2.8315789473684214,0.5789473684210527
122.24932178685894,3.0789473684210527,2.8315789473684214,0.631578947368421
120.94179982015496,3.0789473684210527,2.8315789473684214,0.6842105263157894
120.70144553731559,3.0789473684210527,2.8315789473684214,0.7368421052631579
121.33834530096519,3.0789473684210527,2.8315789473684214,0.7894736842105263
122.70288855831514,3.0789473684210527,2.8315789473684214,0.8421052631578947
124.67804989099301,3.0789473684210527,2.8315789473684214,0.894736842105263
127.1712494172473,3.0789473684210527,2.8315789473684214,0.9473684210526315
130.10833763718995,3.0789473684210527,2.8315789473684214,1.0
1233.1014945137515,3.0789473684210527,2.8842105263157896,0.0
820.646523481365,3.0789473684210527,2.8842105263157896,0.05263157894736842
578.8346036722986,3.0789473684210527,2.8842105263157896,0.10526315789473684
432.0365623224981,3.0789473684210527,2.8842105263157896,0.15789473684210525
339.5625970564922,3.0789473684210527,2.8842105263157896,0.21052631578947367
279.11948527824586,3.0789473684210527,2.8842105263157896,0.2631578947368421
238.23426916727317,3.0789473684210527,2.8842105263157896,0.3157894736842105
209.75761763814305,3.0789473684210527,2.8842105263157896,0.3684210526315789
189.47699779073665,3.0789473684210527,2.8842105263157896,0.42105263157894735
174.83243238016638,3.0789473684210527,2.8842105263157896,0.47368421052631576
164.21501155917224,3.0789473684210527,2.8842105263157896,0.5263157894736842
156.57720985287563,3.0789473684210527,2.8842105263157896,0.5789473684210527
151.21228900996542,3.0789473684210527,2.8842105263157896,0.631578947368421
147.62675721271557,3.0789473684210527,2.8842105263157896,0.6842105263157894
145.46488513495257,3.0789473684210527,2.8842105263157896,0.7368421052631579
144.46360552227958,3.0789473684210527,2.8842105263157896,0.7894736842105263
144.42582501937088,3.0789473684210527,2.8842105263157896,0.8421052631578947
145.1947192095609,3.0789473684210527,2.8842105263157896,0.894736842105263
146.6461967752534,3.0789473684210527,2.8842105263157896,0.9473684210526315
148.68124551637553,3.0789473684210527,2.8842105263157896,1.0
1823.107528272038,3.0789473684210527,2.936842105263158,0.0
1191.5638065697588,3.0789473684210527,2.936842105263158,0.05263157894736842
825.2126026181354,3.0789473684210527,2.936842105263158,0.10526315789473684
605.2307430614551,3.0789473684210527,2.936842105263158,0.15789473684210525
468.0682616786276,3.0789473684210527,2.936842105263158,0.21052631578947367
379.14797946375046,3.0789473684210527,2.936842105263158,0.2631578947368421
319.2806185229312,3.0789473684210527,2.936842105263158,0.3157894736842105
277.5707894232631,3.0789473684210527,2.936842105263158,0.3684210526315789
247.6682323709811,3.0789473684210527,2.936842105263158,0.42105263157894735
225.7608126782114,3.0789473684210527,2.936842105263158,0.47368421052631576
209.48437882936935,3.0789473684210527,2.936842105263158,0.5263157894736842
197.32101756872657,3.0789473684210527,2.936842105263158,0.5789473684210527
188.2608571860446,3.0789473684210527,2.936842105263158,0.631578947368421
181.60812103900108,3.0789473684210527,2.936842105263158,0.6842105263157894
176.8673825373548,3.0789473684210527,2.936842105263158,0.7368421052631579
173.6751914674555,3.0789473684210527,2.936842105263158,0.7894736842105263
171.75836037158186,3.0789473684210527,2.936842105263158,0.8421052631578947
170.90959753462113,3.0789473684210527,2.936842105263158,0.894736842105263
170.9626133084223,3.0789473684210527,2.936842105263158,0.9473684210526315
171.78437938436593,3.0789473684210527,2.936842105263158,1.0
2706.5851498130064,3.0789473684210527,2.9894736842105267,0.0
1736.5237628347345,3.0789473684210527,2.9894736842105267,0.05263157894736842
1179.725863808385,3.0789473684210527,2.9894736842105267,0.10526315789473684
849.1996958231209,3.0789473684210527,2.9894736842105267,0.15789473684210525
645.4863499411507,3.0789473684210527,2.9894736842105267,0.21052631578947367
514.8158167143635,3.0789473684210527,2.9894736842105267,0.2631578947368421
427.5694672426515,3.0789473684210527,2.9894736842105267,0.3157894736842105
367.07623638684305,3.0789473684210527,2.9894736842105267,0.3684210526315789
323.7169954404894,3.0789473684210527,2.9894736842105267,0.42105263157894735
291.7829119141487,3.0789473684210527,2.9894736842105267,0.47368421052631576
267.777945466565,3.0789473684210527,2.9894736842105267,0.5263157894736842
249.4873817880221,3.0789473684210527,2.9894736842105267,0.5789473684210527
235.45782299725235,3.0789473684210527,2.9894736842105267,0.631578947368421
224.7012280905352,3.0789473684210527,2.9894736842105267,0.6842105263157894
216.5228091897567,3.0789473684210527,2.9894736842105267,0.7368421052631579
210.41854663144287,3.0789473684210527,2.9894736842105267,0.7894736842105263
206.01256426132957,3.0789473684210527,2.9894736842105267,0.8421052631578947
203.0180931711781,3.0789473684210527,2.9894736842105267,0.894736842105263
201.21483002086106,3.0789473684210527,2.9894736842105267,0.9473684210526315
200.4249097901163,3.0789473684210527,2.9894736842105267,1.0
4035.498134840296,3.0789473684210527,3.042105263157895,0.0
2541.373046376377,3.0789473684210527,3.042105263157895,0.05263157894736842
1692.617370031957,3.0789473684210527,3.042105263157895,0.10526315789473684
1194.6069167248827,3.0789473684210527,3.042105263157895,0.15789473684210525
891.4413058567593,3.0789473684210527,3.042105263157895,0.21052631578947367
699.3378937227003,3.0789473684210527,3.042105263157895,0.2631578947368421
572.4652258480969,3.0789473684210527,3.042105263157895,0.3157894736842105
485.23487917068945,3.0789473684210527,3.042105263157895,0.3684210526315789
423.0205777219836,3.0789473684210527,3.042105263157895,0.42105263157894735
377.2345800025822,3.0789473684210527,3.042105263157895,0.47368421052631576
342.68050419759027,3.0789473684210527,3.042105263157895,0.5263157894736842
316.10883694098453,3.0789473684210527,3.042105263157895,0.5789473684210527
295.41558582541023,3.0789473684210527,3.042105263157895,0.631578947368421
279.1894367149797,3.0789473684210527,3.042105263157895,0.6842105263157894
266.4505221235669,3.0789473684210527,3.042105263157895,0.7368421052631579
256.49624214541547,3.0789473684210527,3.042105263157895,0.7894736842105263
248.8079648378445,3.0789473684210527,3.042105263157895,0.8421052631578947
242.99303125257808,3.0789473684210527,3.042105263157895,0.894736842105263
238.74782265356987,3.0789473684210527,3.042105263157895,0.9473684210526315
235.83629141361897,3.0789473684210527,3.042105263157895,1.0
6043.764372697885,3.0789473684210527,3.094736842105263,0.0
3736.712957431096,3.0789473684210527,3.094736842105263,0.05263157894736842
2439.221927117741,3.0789473684210527,3.094736842105263,0.10526315789473684
1686.6372466637679,3.0789473684210527,3.094736842105263,0.15789473684210525
1234.283020048505,3.0789473684210527,3.094736842105263,0.21052631578947367
951.4019794165534,3.0789473684210527,3.094736842105263,0.2631578947368421
766.9295526539657,3.0789473684210527,3.094736842105263,0.3157894736842105
641.4887360157956,3.0789473684210527,3.094736842105263,0.3684210526315789
552.7691756964825,3.0789473684210527,3.094736842105263,0.42105263157894735
487.80352599073194,3.0789473684210527,3.094736842105263,0.47368421052631576
438.8344189758219,3.0789473684210527,3.094736842105263,0.5263157894736842
401.0710934788545,3.0789473684210527,3.094736842105263,0.5789473684210527
371.4522668804986,3.0789473684210527,3.094736842105263,0.631578947368421
347.95172990675735,3.0789473684210527,3.094736842105263,0.6842105263157894
329.18079519537633,3.0789473684210527,3.094736842105263,0.7368421052631579
314.15564341657876,3.0789473684210527,3.094736842105263,0.7894736842105263
302.1578431456811,3.0789473684210527,3.094736842105263,0.8421052631578947
292.6485179771815,3.0789473684210527,3.094736842105263,0.894736842105263
285.21404742564863,3.0789473684210527,3.094736842105263,0.9473684210526315
279.53076837645744,3.0789473684210527,3.094736842105263,1.0
9092.536831290796,3.0789473684210527,3.1473684210526316,0.0
5522.038952531027,3.0789473684210527,3.1473684210526316,0.05263157894736842
3533.094936428942,3.0789473684210527,3.1473684210526316,0.10526315789473684
2392.3099464748084,3.0789473684210527,3.1473684210526316,0.15789473684210525
1715.2783957281233,3.0789473684210527,3.1473684210526316,0.21052631578947367
1297.6534283366664,3.0789473684210527,3.1473684210526316,0.2631578947368421
1029.0523505515919,3.0789473684210527,3.1473684210526316,0.3157894736842105
848.7454475048858,3.0789473684210527,3.1473684210526316,0.3684210526315789
722.6080845730997,3.0789473684210527,3.1473684210526316,0.42105263157894735
630.9950592931126,3.0789473684210527,3.1473684210526316,0.47368421052631576
562.2812578110097,3.0789473684210527,3.1473684210526316,0.5263157894736842
509.37323553439876,3.0789473684210527,3.1473684210526316,0.5789473684210527
467.79638393720546,3.0789473684210527,3.1473684210526316,0.631578947368421
434.62810525867485,3.0789473684210527,3.1473684210526316,0.6842105263157894
407.8914434816924,3.0789473684210527,3.1473684210526316,0.7368421052631579
386.2030864306881,3.0789473684210527,3.1473684210526316,0.7894736842105263
368.56421772415194,3.0789473684210527,3.1473684210526316,0.8421052631578947
354.2330578499352,3.0789473684210527,3.1473684210526316,0.894736842105263
342.645060152582,3.0789473684210527,3.1473684210526316,0.9473684210526315
333.36151866651886,3.0789473684210527,3.1473684210526316,1.0
13740.899540004197,3.0789473684210527,3.2,0.0
8203.190853486103,3.0789473684210527,3.2,0.05263157894736842
5146.224142721982,3.0789473684210527,3.2,0.10526315789473684
3411.6314869633816,3.0789473684210527,3.2,0.15789473684210525
2394.9305824626304,3.0789473684210527,3.2,0.21052631578947367
1776.389845296591,3.0789473684210527,3.2,0.2631578947368421
1384.2920752818545,3.0789473684210527,3.2,0.3157894736842105
1124.7934149831592,3.0789473684210527,3.2,0.3684210526315789
945.5716904338957,3.0789473684210527,3.2,0.42105263157894735
816.7766728811534,3.0789473684210527,3.2,0.47368421052631576
720.9261870816489,3.0789473684210527,3.2,0.5263157894736842
647.4757011238761,3.0789473684210527,3.2,0.5789473684210527
589.8567027713708,3.0789473684210527,3.2,0.631578947368421
543.8349904600014,3.0789473684210527,3.2,0.6842105263157894
506.5839481803593,3.0789473684210527,3.2,0.7368421052631579
476.1507226762748,3.0789473684210527,3.2,0.7894736842105263
451.1417539755605,3.0789473684210527,3.2,0.8421052631578947
430.5329252958996,3.0789473684210527,3.2,0.894736842105263
413.55188616682756,3.0789473684210527,3.2,0.9473684210526315
399.6030633087464,3.0789473684210527,3.2,1.0
124.67623577595488,3.1842105263157894,2.2,0.0
91.54530160691355,3.1842105263157894,2.2,0.05263157894736842
70.5528330801696,3.1842105263157894,2.2,0.10526315789473684
57.23096258856269,3.1842105263157894,2.2,0.15789473684210525
48.84427655603889,3.1842105263157894,2.2,0.21052631578947367
43.56777581046966,3.1842105263157894,2.2,0.2631578947368421
40.46969964653166,3.1842105263157894,2.2,0.3157894736842105
38.95097103887303,3.1842105263157894,2.2,0.3684210526315789
38.60474516721696,3.1842105263157894,2.2,0.42105263157894735
39.15949612562245,3.1842105263157894,2.2,0.47368421052631576
40.414567400167364,3.1842105263157894,2.2,0.5263157894736842
42.23109912031407,3.1842105263157894,2.2,0.5789473684210527
44.5626610447581,3.1842105263157894,2.2,0.631578947368421
47.32105920571929,3.1842105263157894,2.2,0.6842105263157894
50.428222739413705,3.1842105263157894,2.2,0.7368421052631579
53.82239023688969,3.1842105263157894,2.2,0.7894736842105263
57.454204037484175,3.1842105263157894,2.2,0.8421052631578947
61.283891355760964,3.1842105263157894,2.2,0.894736842105263
65.27919320729312,3.1842105263157894,2.2,0.9473684210526315
69.41381777245402,3.1842105263157894,2.2,1.0
106.2609258989833,3.1842105263157894,2.2526315789473688,0.0
78.210701003006,3.1842105263157894,2.2526315789473688,0.05263157894736842
60.53486891857,3.1842105263157894,2.2526315789473688,0.10526315789473684
49.460446611548,3.1842105263157894,2.2526315789473688,0.15789473684210525
42.52869574014494,3.1842105263157894,2.2526315789473688,0.21052631578947367
38.307531677649536,3.1842105263157894,2.2526315789473688,0.2631578947368421
36.011984820184146,3.1842105263157894,2.2526315789473688,0.3157894736842105
35.124454489777584,3.1842105263157894,2.2526315789473688,0.3684210526315789
35.294378436691915,3.1842105263157894,2.2526315789473688,0.42105263157894735
36.280724481847436,3.1842105263157894,2.2526315789473688,0.47368421052631576
37.9044898849141,3.1842105263157894,2.2526315789473688,0.5263157894736842
40.09714543797759,3.1842105263157894,2.2526315789473688,0.5789473684210527
42.766554342596386,3.1842105263157894,2.2526315789473688,0.631578947368421
45.82290854188577,3.1842105263157894,2.2526315789473688,0.6842105263157894
49.1958249945805,3.1842105263157894,2.2526315789473688,0.7368421052631579
52.82950108250599,3.1842105263157894,2.2526315789473688,0.7894736842105263
56.67927068839186,3.1842105263157894,2.2526315789473688,0.8421052631578947
60.70910835259828,3.1842105263157894,2.2526315789473688,0.894736842105263
64.88978821697022,3.1842105263157894,2.2526315789473688,0.9473684210526315
69.19750396505636,3.1842105263157894,2.2526315789473688,1.0
93.55147815450462,3.1842105263157894,2.305263157894737,0.0
68.9723977792945,3.1842105263157894,2.305263157894737,0.05263157894736842
53.597884906393425,3.1842105263157894,2.305263157894737,0.10526315789473684
44.05195319108581,3.1842105263157894,2.305263157894737,0.15789473684210525
38.11971186721617,3.1842105263157894,2.305263157894737,0.21052631578947367
34.65260648569676,3.1842105263157894,2.305263157894737,0.2631578947368421
32.94118530144208,3.1842105263157894,2.305263157894737,0.3157894736842105
32.51553232046939,3.1842105263157894,2.305263157894737,0.3684210526315789
33.06817627655448,3.1842105263157894,2.305263157894737,0.42105263157894735
34.37330458555429,3.1842105263157894,2.305263157894737,0.47368421052631576
36.32284320664745,3.1842105263157894,2.305263157894737,0.5263157894736842
38.819533331090135,3.1842105263157894,2.305263157894737,0.5789473684210527
41.756887005684156,3.1842105263157894,2.305263157894737,0.631578947368421
45.052408009777565,3.1842105263157894,2.305263157894737,0.6842105263157894
48.64131937760714,3.1842105263157894,2.305263157894737,0.7368421052631579
52.47218673869118,3.1842105263157894,2.305263157894737,0.7894736842105263
56.503799496730615,3.1842105263157894,2.305263157894737,0.8421052631578947
60.70290463646348,3.1842105263157894,2.305263157894737,0.894736842105263
65.04253051227136,3.1842105263157894,2.305263157894737,0.9473684210526315
69.50072695007226,3.1842105263157894,2.305263157894737,1.0
86.99492142475333,3.1842105263157894,2.3578947368421055,0.0
64.2081395253982,3.1842105263157894,2.3578947368421055,0.05263157894736842
50.0661954971241,3.1842105263157894,2.3578947368421055,0.10526315789473684
41.281506954191194,3.1842105263157894,2.3578947368421055,0.15789473684210525
35.885314217571036,3.1842105263157894,2.3578947368421055,0.21052631578947367
32.83375600775607,3.1842105263157894,2.3578947368421055,0.2631578947368421
31.455191967852794,3.1842105263157894,2.3578947368421055,0.3157894736842105
31.31181486441935,3.1842105263157894,2.3578947368421055,0.3684210526315789
32.101612681145916,3.1842105263157894,2.3578947368421055,0.42105263157894735
33.64725373726245,3.1842105263157894,2.3578947368421055,0.47368421052631576
35.84064336612369,3.1842105263157894,2.3578947368421055,0.5263157894736842
38.55176005132283,3.1842105263157894,2.3578947368421055,0.5789473684210527
41.680177502208466,3.1842105263157894,2.3578947368421055,0.631578947368421
45.148249413631355,3.1842105263157894,2.3578947368421055,0.6842105263157894
48.89616162307311,3.1842105263157894,2.3578947368421055,0.7368421052631579
52.87546688253256,3.1842105263157894,2.3578947368421055,0.7894736842105263
57.04707245686299,3.1842105263157894,2.3578947368421055,0.8421052631578947
61.379437707748735,3.1842105263157894,2.3578947368421055,0.894736842105263
65.84699427129202,3.1842105263157894,2.3578947368421055,0.9473684210526315
70.42895745738265,3.1842105263157894,2.3578947368421055,1.0
87.54877532079989,3.1842105263157894,2.4105263157894736,0.0
64.63362464527047,3.1842105263157894,2.4105263157894736,0.05263157894736842
50.47423835802421,3.1842105263157894,2.4105263157894736,0.10526315789473684
41.62207360268064,3.1842105263157894,2.4105263157894736,0.15789473684210525
36.226313026503526,3.1842105263157894,2.4105263157894736,0.21052631578947367
33.20281792635823,3.1842105263157894,2.4105263157894736,0.2631578947368421
31.868416451137602,3.1842105263157894,2.4105263157894736,0.3157894736842105
31.782776797844186,3.1842105263157894,2.4105263157894736,0.3684210526315789
32.6577333646756,3.1842105263157894,2.4105263157894736,0.42105263157894735
34.33670855347225,3.1842105263157894,2.4105263157894736,0.47368421052631576
36.65115880239543,3.1842105263157894,2.4105263157894736,0.5263157894736842
39.472996433371506,3.1842105263157894,2.4105263157894736,0.5789473684210527
42.70697780015113,3.1842105263157894,2.4105263157894736,0.631578947368421
46.27680960732305,3.1842105263157894,2.4105263157894736,0.6842105263157894
50.12233859170863,3.1842105263157894,2.4105263157894736,0.7368421052631579
54.19585506784333,3.1842105263157894,2.4105263157894736,0.7894736842105263
58.459180745979076,3.1842105263157894,2.4105263157894736,0.8421052631578947
62.881755066963855,3.1842105263157894,2.4105263157894736,0.894736842105263
67.439777289391,3.1842105263157894,2.4105263157894736,0.9473684210526315
72.11304355850143,3.1842105263157894,2.4105263157894736,1.0
96.85073552174998,3.1842105263157894,2.463157894736842,0.0
71.40942489646066,3.1842105263157894,2.463157894736842,0.05263157894736842
55.656532362938705,3.1842105263157894,2.463157894736842,0.10526315789473684
45.77073278519636,3.1842105263157894,2.463157894736842,0.15789473684210525
39.71034860697487,3.1842105263157894,2.463157894736842,0.21052631578947367
36.24169559135903,3.1842105263157894,2.463157894736842,0.2631578947368421
34.60439950772378,3.1842105263157894,2.463157894736842,0.3157894736842105
34.31269686425597,3.1842105263157894,2.463157894736842,0.3684210526315789
35.101048929717074,3.1842105263157894,2.463157894736842,0.42105263157894735
36.729899967939254,3.1842105263157894,2.463157894736842,0.47368421052631576
39.01707361316496,3.1842105263157894,2.463157894736842,0.5263157894736842
41.82801349883403,3.1842105263157894,2.463157894736842,0.5789473684210527
45.061099363262464,3.1842105263157894,2.463157894736842,0.631578947368421
48.639663925256876,3.1842105263157894,2.463157894736842,0.6842105263157894
52.50433069554467,3.1842105263157894,2.463157894736842,0.7368421052631579
56.60586840251951,3.1842105263157894,2.463157894736842,0.7894736842105263
60.904923837158115,3.1842105263157894,2.463157894736842,0.8421052631578947
65.36983062561065,3.1842105263157894,2.463157894736842,0.894736842105263
69.97498043097865,3.1842105263157894,2.463157894736842,0.9473684210526315
74.69960580938877,3.1842105263157894,2.463157894736842,1.0
117.43763330241184,3.1842105263157894,2.515789473684211,0.0
86.24661637479907,3.1842105263157894,2.515789473684211,0.05263157894736842
66.86518142105463,3.1842105263157894,2.515789473684211,0.10526315789473684
54.6742135903029,3.1842105263157894,2.515789473684211,0.15789473684210525
47.08546303824516,3.1842105263157894,2.515789473684211,0.21052631578947367
42.565911704988466,3.1842105263157894,2.515789473684211,0.2631578947368421
40.1799155104119,3.1842105263157894,2.515789473684211,0.3157894736842105
39.391304513845554,3.1842105263157894,2.515789473684211,0.3684210526315789
39.81355689551486,3.1842105263157894,2.515789473684211,0.42105263157894735
41.162882288175254,3.1842105263157894,2.515789473684211,0.47368421052631576
43.233860743170816,3.1842105263157894,2.515789473684211,0.5263157894736842
45.876569083554216,3.1842105263157894,2.515789473684211,0.5789473684210527
48.978942785404826,3.1842105263157894,2.515789473684211,0.631578947368421
52.455438840418104,3.1842105263157894,2.515789473684211,0.6842105263157894
56.239674958056156,3.1842105263157894,2.515789473684211,0.7368421052631579
60.281658439180745,3.1842105263157894,2.515789473684211,0.7894736842105263
64.54021756025097,3.1842105263157894,2.515789473684211,0.8421052631578947
68.98108710875913,3.1842105263157894,2.515789473684211,0.894736842105263
73.57660566115972,3.1842105263157894,2.515789473684211,0.9473684210526315
78.30436693102462,3.1842105263157894,2.515789473684211,1.0
153.1876315180918,3.1842105263157894,2.568421052631579,0.0
111.65617642027418,3.1842105263157894,2.568421052631579,0.05263157894736842
85.90122198707553,3.1842105263157894,2.568421052631579,0.10526315789473684
69.65811393959139,3.1842105263157894,2.568421052631579,0.15789473684210525
59.37823635591022,3.1842105263157894,2.568421052631579,0.21052631578947367
52.9976669246553,3.1842105263157894,2.568421052631579,0.2631578947368421
49.32069240835327,3.1842105263157894,2.568421052631579,0.3157894736842105
47.59402952354459,3.1842105263157894,2.568421052631579,0.3684210526315789
47.2962148708161,3.1842105263157894,2.568421052631579,0.42105263157894735
48.07772732953531,3.1842105263157894,2.568421052631579,0.47368421052631576
49.69679815727209,3.1842105263157894,2.568421052631579,0.5263157894736842
51.975511161943665,3.1842105263157894,2.568421052631579,0.5789473684210527
54.78242272095784,3.1842105263157894,2.568421052631579,0.631578947368421
58.01826699410353,3.1842105263157894,2.568421052631579,0.6842105263157894
61.60658866473766,3.1842105263157894,2.568421052631579,0.7368421052631579
65.48754942451059,3.1842105263157894,2.568421052631579,0.7894736842105263
69.6140902860401,3.1842105263157894,2.568421052631579,0.8421052631578947
73.950713887563,3.1842105263157894,2.568421052631579,0.894736842105263
78.46656091112742,3.1842105263157894,2.568421052631579,0.9473684210526315
83.13614522800489,3.1842105263157894,2.568421052631579,1.0
209.9999607030546,3.1842105263157894,2.6210526315789475,0.0
151.47525065337368,3.1842105263157894,2.6210526315789475,0.05263157894736842
115.40250986530828,3.1842105263157894,2.6210526315789475,0.10526315789473684
92.63468252701138,3.1842105263157894,2.6210526315789475,0.15789473684210525
78.04981839742749,3.1842105263157894,2.6210526315789475,0.21052631578947367
68.7344881708603,3.1842105263157894,2.6210526315789475,0.2631578947368421
62.987954389624996,3.1842105263157894,2.6210526315789475,0.3157894736842105
59.720846991018924,3.1842105263157894,2.6210526315789475,0.3684210526315789
58.23954249690572,3.1842105263157894,2.6210526315789475,0.42105263157894735
58.08665844995526,3.1842105263157894,2.6210526315789475,0.47368421052631576
58.95109554220802,3.1842105263157894,2.6210526315789475,0.5263157894736842
60.61529174269613,3.1842105263157894,2.6210526315789475,0.5789473684210527
62.9166666385439,3.1842105263157894,2.6210526315789475,0.631578947368421
65.73364165331554,3.1842105263157894,2.6210526315789475,0.6842105263157894
68.97350793584441,3.1842105263157894,2.6210526315789475,0.7368421052631579
72.5642680103449,3.1842105263157894,2.6210526315789475,0.7894736842105263
76.44918140339963,3.1842105263157894,2.6210526315789475,0.8421052631578947
80.5830153830899,3.1842105263157894,2.6210526315789475,0.894736842105263
84.93026098715073,3.1842105263157894,2.6210526315789475,0.9473684210526315
89.4635678538675,3.1842105263157894,2.6210526315789475,1.0
296.66549805742244,3.1842105263157894,2.673684210526316,0.0
211.33060753100253,3.1842105263157894,2.673684210526316,0.05263157894736842
159.14086458777138,3.1842105263157894,2.673684210526316,0.10526315789473684
126.2812129265603,3.1842105263157894,2.673684210526316,0.15789473684210525
105.11554891308515,3.1842105263157894,2.673684210526316,0.21052631578947367
91.35299839841234,3.1842105263157894,2.673684210526316,0.2631578947368421
82.43682446441584,3.1842105263157894,2.673684210526316,0.3157894736842105
76.82041740370221,3.1842105263157894,2.673684210526316,0.3684210526315789
73.5388056718154,3.1842105263157894,2.673684210526316,0.42105263157894735
71.96813911023737,3.1842105263157894,2.673684210526316,0.47368421052631576
71.69032722054546,3.1842105263157894,2.673684210526316,0.5263157894736842
72.41633493732115,3.1842105263157894,2.673684210526316,0.5789473684210527
73.94157396906,3.1842105263157894,2.673684210526316,0.631578947368421
76.11095045342404,3.1842105263157894,2.673684210526316,0.6842105263157894
78.80702623582039,3.1842105263157894,2.673684210526316,0.7368421052631579
81.93938653700698,3.1842105263157894,2.673684210526316,0.7894736842105263
85.43724496641947,3.1842105263157894,2.673684210526316,0.8421052631578947
89.24443765194782,3.1842105263157894,2.673684210526316,0.894736842105263
93.31594121129815,3.1842105263157894,2.673684210526316,0.9473684210526315
97.6153885920485,3.1842105263157894,2.673684210526316,1.0
426.42791877522995,3.1842105263157894,2.7263157894736842,0.0
299.4769315423992,3.1842105263157894,2.7263157894736842,0.05263157894736842
222.52917630214318,3.1842105263157894,2.7263157894736842,0.10526315789473684
174.35532900077214,3.1842105263157894,2.7263157894736842,0.15789473684210525
143.34807366890078,3.1842105263157894,2.7263157894736842,0.21052631578947367
122.94009509278622,3.1842105263157894,2.7263157894736842,0.2631578947368421
109.33112056219586,3.1842105263157894,2.7263157894736842,0.3157894736842105
100.2639762468452,3.1842105263157894,2.7263157894736842,0.3684210526315789
94.35412967252721,3.1842105263157894,2.7263157894736842,0.42105263157894735
90.72234945814051,3.1842105263157894,2.7263157894736842,0.47368421052631576
88.78986732232713,3.1842105263157894,2.7263157894736842,0.5263157894736842
88.16187842409306,3.1842105263157894,2.7263157894736842,0.5789473684210527
88.56064679314656,3.1842105263157894,2.7263157894736842,0.631578947368421
89.78696250414117,3.1842105263157894,2.7263157894736842,0.6842105263157894
91.6878111209784,3.1842105263157894,2.7263157894736842,0.7368421052631579
94.14583569595568,3.1842105263157894,2.7263157894736842,0.7894736842105263
97.06981495733297,3.1842105263157894,2.7263157894736842,0.8421052631578947
100.38775393454286,3.1842105263157894,2.7263157894736842,0.894736842105263
104.04214314623952,3.1842105263157894,2.7263157894736842,0.9473684210526315
107.98661900498497,3.1842105263157894,2.7263157894736842,1.0
619.2194292035135,3.1842105263157894,2.778947368421053,0.0
428.0787813566834,3.1842105263157894,2.778947368421053,0.05263157894736842
313.3793877066851,3.1842105263157894,2.778947368421053,0.10526315789473684
242.18616862832798,3.1842105263157894,2.778947368421053,0.15789473684210525
196.51211810088023,3.1842105263157894,2.778947368421053,0.21052631578947367
166.31931378818493,3.1842105263157894,2.778947368421053,0.2631578947368421
145.88307524100296,3.1842105263157894,2.778947368421053,0.3157894736842105
131.84834214889221,3.1842105263157894,2.778947368421053,0.3684210526315789
122.18758950969294,3.1842105263157894,2.778947368421053,0.42105263157894735
115.63373714961712,3.1842105263157894,2.778947368421053,0.47368421052631576
111.36637330384715,3.1842105263157894,2.778947368421053,0.5263157894736842
108.83487284485675,3.1842105263157894,2.778947368421053,0.5789473684210527
107.65658267752747,3.1842105263157894,2.778947368421053,0.631578947368421
107.55745036653819,3.1842105263157894,2.778947368421053,0.6842105263157894
108.33812194255775,3.1842105263157894,2.778947368421053,0.7368421052631579
109.84367364550096,3.1842105263157894,2.778947368421053,0.7894736842105263
111.95374974676415,3.1842105263157894,2.778947368421053,0.8421052631578947
114.57391451156411,3.1842105263157894,2.778947368421053,0.894736842105263
117.62904348717669,3.1842105263157894,2.778947368421053,0.9473684210526315
121.0587243702196,3.1842105263157894,2.778947368421053,1.0
905.1089522770069,3.1842105263157894,2.8315789473684214,0.0
615.164992447672,3.1842105263157894,2.8315789473684214,0.05263157894736842
443.0645997334984,3.1842105263157894,2.8315789473684214,0.10526315789473684
337.27021975851835,3.1842105263157894,2.8315789473684214,0.15789473684210525
269.83578633828586,3.1842105263157894,2.8315789473684214,0.21052631578947367
225.3318813660037,3.1842105263157894,2.8315789473684214,0.2631578947368421
195.04737424146117,3.1842105263157894,2.8315789473684214,0.3157894736842105
173.9362151554365,3.1842105263157894,2.8315789473684214,0.3684210526315789
158.98900844503106,3.1842105263157894,2.8315789473684214,0.42105263157894735
148.35209815235086,3.1842105263157894,2.8315789473684214,0.47368421052631576
140.8434411278989,3.1842105263157894,2.8315789473684214,0.5263157894736842
135.68179506762087,3.1842105263157894,2.8315789473684214,0.5789473684210527
132.33219779414827,3.1842105263157894,2.8315789473684214,0.631578947368421
130.4158286481976,3.1842105263157894,2.8315789473684214,0.6842105263157894
129.65653498956493,3.1842105263157894,2.8315789473684214,0.7368421052631579
129.85050298419654,3.1842105263157894,2.8315789473684214,0.7894736842105263
130.83774813533896,3.1842105263157894,2.8315789473684214,0.8421052631578947
132.49241532105023,3.1842105263157894,2.8315789473684214,0.894736842105263
134.71485810275163,3.1842105263157894,2.8315789473684214,0.9473684210526315
137.4251990933947,3.1842105263157894,2.8315789473684214,1.0
1329.6610926679011,3.1842105263157894,2.8842105263157896,0.0
887.6324745566102,3.1842105263157894,2.8842105263157896,0.05263157894736842
628.1477238998528,3.1842105263157894,2.8842105263157896,0.10526315789473684
470.3217084139809,3.1842105263157894,2.8842105263157896,0.15789473684210525
370.6336794695595,3.1842105263157894,2.8842105263157896,0.21052631578947367
305.23818620674456,3.1842105263157894,2.8842105263157896,0.2631578947368421
260.79274330510003,3.1842105263157894,2.8842105263157896,0.3157894736842105
229.6486966342935,3.1842105263157894,2.8842105263157896,0.3684210526315789
207.2985154988823,3.1842105263157894,2.8842105263157896,0.42105263157894735
191.00228998251387,3.1842105263157894,2.8842105263157896,0.47368421052631576
179.0374772739541,3.1842105263157894,2.8842105263157896,0.5263157894736842
170.28212008701152,3.1842105263157894,2.8842105263157896,0.5789473684210527
163.97890100823744,3.1842105263157894,2.8842105263157896,0.631578947368421
159.5987206102505,3.1842105263157894,2.8842105263157896,0.6842105263157894
156.75995118475387,3.1842105263157894,2.8842105263157896,0.7368421052631579
155.17964489949676,3.1842105263157894,2.8842105263157896,0.7894736842105263
154.6459178362259,3.1842105263157894,2.8842105263157896,0.8421052631578947
154.99106694330024,3.1842105263157894,2.8842105263157896,0.894736842105263
156.08157372262298,3.1842105263157894,2.8842105263157896,0.9473684210526315
157.81082170697036,3.1842105263157894,2.8842105263157896,1.0
1962.245688025278,3.1842105263157894,2.936842105263158,0.0
1285.7657452965661,3.1842105263157894,2.936842105263158,0.05263157894736842
892.9751617012749,3.1842105263157894,2.936842105263158,0.10526315789473684
656.7841524965798,3.1842105263157894,2.936842105263158,0.15789473684210525
509.2195031242281,3.1842105263157894,2.936842105263158,0.21052631578947367
413.2956109398037,3.1842105263157894,2.936842105263158,0.2631578947368421
348.4850913100431,3.1842105263157894,2.936842105263158,0.3157894736842105
303.13152294832133,3.1842105263157894,2.936842105263158,0.3684210526315789
270.4400186834228,3.1842105263157894,2.936842105263158,0.42105263157894735
246.33064309125695,3.1842105263157894,2.936842105263158,0.47368421052631576
228.27243780175914,3.1842105263157894,2.936842105263158,0.5263157894736842
214.63980179458574,3.1842105263157894,2.936842105263158,0.5789473684210527
204.35074631513112,3.1842105263157894,2.936842105263158,0.631578947368421
196.6594327041853,3.1842105263157894,2.936842105263158,0.6842105263157894
191.03449142226327,3.1842105263157894,2.936842105263158,0.7368421052631579
187.0858703980673,3.1842105263157894,2.936842105263158,0.7894736842105263
184.51978118083858,3.1842105263157894,2.936842105263158,0.8421052631578947
183.11306169461162,3.1842105263157894,2.936842105263158,0.894736842105263
182.68791359447187,3.1842105263157894,2.936842105263158,0.9473684210526315
183.1011736985537,3.1842105263157894,2.936842105263158,1.0
2908.8874126943556,3.1842105263157894,2.9894736842105267,0.0
1870.211611690014,3.1842105263157894,2.9894736842105267,0.05263157894736842
1273.6122878425924,3.1842105263157894,2.9894736842105267,0.10526315789473684
919.0868625930677,3.1842105263157894,2.9894736842105267,0.15789473684210525
700.2532807601465,3.1842105263157894,2.9894736842105267,0.21052631578947367
559.5963093206434,3.1842105263157894,2.9894736842105267,0.2631578947368421
465.4322888616554,3.1842105263157894,2.9894736842105267,0.3157894736842105
399.92615282617044,3.1842105263157894,2.9894736842105267,0.3684210526315789
352.78575181068146,3.1842105263157894,2.9894736842105267,0.42105263157894735
317.9016739431544,3.1842105263157894,2.9894736842105267,0.47368421052631576
291.5316296830752,3.1842105263157894,2.9894736842105267,0.5263157894736842
271.3041507961401,3.1842105263157894,2.9894736842105267,0.5789473684210527
255.662365487034,3.1842105263157894,2.9894736842105267,0.631578947368421
243.5474110055303,3.1842105263157894,2.9894736842105267,0.6842105263157894
234.21432149549688,3.1842105263157894,2.9894736842105267,0.7368421052631579
227.12238181278022,3.1842105263157894,2.9894736842105267,0.7894736842105263
221.86811852746527,3.1842105263157894,2.9894736842105267,0.8421052631578947
218.14323372757602,3.1842105263157894,2.9894736842105267,0.894736842105263
215.7102879824571,3.1842105263157894,2.9894736842105267,0.9473684210526315
214.37915422354752,3.1842105263157894,2.9894736842105267,1.0
4332.1497108196745,3.1842105263157894,3.042105263157895,0.0
2732.8116334510187,3.1842105263157894,3.042105263157895,0.05263157894736842
1823.8182256890084,3.1842105263157894,3.042105263157895,0.10526315789473684
1290.0455487054019,3.1842105263157894,3.042105263157895,0.15789473684210525
964.7420347517078,3.1842105263157894,3.042105263157895,0.21052631578947367
758.2903593836731,3.1842105263157894,3.042105263157895,0.2631578947368421
621.6647290359869,3.1842105263157894,3.042105263157895,0.3157894736842105
527.4911104299767,3.1842105263157894,3.042105263157895,0.3684210526315789
460.1207949840313,3.1842105263157894,3.042105263157895,0.42105263157894735
410.36426401247775,3.1842105263157894,3.042105263157895,0.47368421052631576
372.65981617098095,3.1842105263157894,3.042105263157895,0.5263157894736842
343.5285309895122,3.1842105263157894,3.042105263157895,0.5789473684210527
320.7171156451563,3.1842105263157894,3.042105263157895,0.631578947368421
302.7135044986366,3.1842105263157894,3.042105263157895,0.6842105263157894
288.4674052167585,3.1842105263157894,3.042105263157895,0.7368421052631579
277.2253509983206,3.1842105263157894,3.042105263157895,0.7894736842105263
268.4308734159346,3.1842105263157894,3.042105263157895,0.8421052631578947
261.6624413236791,3.1842105263157894,3.042105263157895,0.894736842105263
256.59377603989213,3.1842105263157894,3.042105263157895,0.9473684210526315
252.97024045275282,3.1842105263157894,3.042105263157895,1.0
6482.249853315648,3.1842105263157894,3.094736842105263,0.0
4013.277651486902,3.1842105263157894,3.094736842105263,0.05263157894736842
2624.1917392963655,3.1842105263157894,3.094736842105263,0.10526315789473684
1818.0096428810207,3.1842105263157894,3.094736842105263,0.15789473684210525
1333.0272630945965,3.1842105263157894,3.094736842105263,0.21052631578947367
1029.383305512868,3.1842105263157894,3.094736842105263,0.2631578947368421
831.062004231418,3.1842105263157894,3.094736842105263,0.3157894736842105
695.9401715278497,3.1842105263157894,3.094736842105263,0.3684210526315789
600.1492761347675,3.1842105263157894,3.094736842105263,0.42105263157894735
529.8144914172044,3.1842105263157894,3.094736842105263,0.47368421052631576
476.634087709858,3.1842105263157894,3.094736842105263,0.5263157894736842
435.4799224765033,3.1842105263157894,3.094736842105263,0.5789473684210527
403.07417218918357,3.1842105263157894,3.094736842105263,0.631578947368421
377.24654786413566,3.1842105263157894,3.094736842105263,0.6842105263157894
356.50902344984854,3.1842105263157894,3.094736842105263,0.7368421052631579
339.8069416040376,3.1842105263157894,3.094736842105263,0.7894736842105263
326.3697829951833,3.1842105263157894,3.094736842105263,0.8421052631578947
315.6193220292482,3.1842105263157894,3.094736842105263,0.894736842105263
307.11151623234633,3.1842105263157894,3.094736842105263,0.9473684210526315
300.4986763410955,3.1842105263157894,3.094736842105263,1.0
9745.493006282542,3.1842105263157894,3.1473684210526316,0.0
5925.010636229611,3.1842105263157894,3.1473684210526316,0.05263157894736842
3796.2135191821494,3.1842105263157894,3.1473684210526316,0.10526315789473684
2574.6843673126828,3.1842105263157894,3.1473684210526316,0.15789473684210525
1849.268357405108,3.1842105263157894,3.1473684210526316,0.21052631578947367
1401.3939747879988,3.1842105263157894,3.1473684210526316,0.2631578947368421
1112.9906413675626,3.1842105263157894,3.1473684210526316,0.3157894736842105
919.0955900938286,3.1842105263157894,3.1473684210526316,0.3684210526315789
783.2028221406769,3.1842105263157894,3.1473684210526316,0.42105263157894735
684.2939450215791,3.1842105263157894,3.1473684210526316,0.47368421052631576
609.9294168431293,3.1842105263157894,3.1473684210526316,0.5263157894736842
552.5173610136899,3.1842105263157894,3.1473684210526316,0.5789473684210527
507.26756942692685,3.1842105263157894,3.1473684210526316,0.631578947368421
471.05037265102305,3.1842105263157894,3.1473684210526316,0.6842105263157894
441.74800824569235,3.1842105263157894,3.1473684210526316,0.7368421052631579
417.8780664085865,3.1842105263157894,3.1473684210526316,0.7894736842105263
398.3697330730724,3.1842105263157894,3.1473684210526316,0.8421052631578947
382.4274139414727,3.1842105263157894,3.1473684210526316,0.894736842105263
369.4453364009861,3.1842105263157894,3.1473684210526316,0.9473684210526315
358.9525464201226,3.1842105263157894,3.1473684210526316,1.0
14719.88552332077,3.1842105263157894,3.2,0.0
8795.15601143123,3.1842105263157894,3.2,0.05263157894736842
5523.8641008439035,3.1842105263157894,3.2,0.10526315789473684
3667.0596116859156,3.1842105263157894,3.2,0.15789473684210525
2578.2017099329123,3.1842105263157894,3.2,0.21052631578947367
1915.3064358231914,3.1842105263157894,3.2,0.2631578947368421
1494.7005165667401,3.1842105263157894,3.2,0.3157894736842105
1216.0019193190335,3.1842105263157894,3.2,0.3684210526315789
1023.2397407087495,3.1842105263157894,3.2,0.42105263157894735
884.4793436722209,3.1842105263157894,3.2,0.47368421052631576
781.0155345350097,3.1842105263157894,3.2,0.5263157894736842
701.5642846671764,3.1842105263157894,3.2,0.5789473684210527
639.0949681765271,3.1842105263157894,3.2,0.631578947368421
589.0743386405735,3.1842105263157894,3.2,0.6842105263157894
548.475238498241,3.1842105263157894,3.2,0.7368421052631579
515.2055556835888,3.1842105263157894,3.2,0.7894736842105263
487.7718052324549,3.1842105263157894,3.2,0.8421052631578947
465.07601053102167,3.1842105263157894,3.2,0.894736842105263
446.2897881690671,3.1842105263157894,3.2,0.9473684210526315
430.774098342884,3.1842105263157894,3.2,1.0
130.8848064958578,3.289473684210526,2.2,0.0
96.28740974408353,3.289473684210526,2.2,0.05263157894736842
74.26324438691194,3.289473684210526,2.2,0.10526315789473684
60.18748975183553,3.289473684210526,2.2,0.15789473684210525
51.24631693634063,3.289473684210526,2.2,0.21052631578947367
45.54339401410236,3.289473684210526,2.2,0.2631578947368421
42.10475496345617,3.289473684210526,2.2,0.3157894736842105
40.309772900537986,3.289473684210526,2.2,0.3684210526315789
39.73638155463393,3.289473684210526,2.2,0.42105263157894735
40.1006199826168,3.289473684210526,2.2,0.47368421052631576
41.19734964847855,3.289473684210526,2.2,0.5263157894736842
42.871517246956756,3.289473684210526,2.2,0.5789473684210527
45.06802180079257,3.289473684210526,2.2,0.631578947368421
47.71338031092067,3.289473684210526,2.2,0.6842105263157894
50.72657963993295,3.289473684210526,2.2,0.7368421052631579
54.04351312495947,3.289473684210526,2.2,0.7894736842105263
57.61293567216553,3.289473684210526,2.2,0.8421052631578947
61.39354412761609,3.289473684210526,2.2,0.894736842105263
65.35183194102788,3.289473684210526,2.2,0.9473684210526315
69.46048688844681,3.289473684210526,2.2,1.0
112.25200888557929,3.289473684210526,2.2526315789473688,0.0
82.8545020662097,3.289473684210526,2.2526315789473688,0.05263157894736842
64.2224585424613,3.289473684210526,2.2526315789473688,0.10526315789473684
52.444457907340336,3.289473684210526,2.2526315789473688,0.15789473684210525
44.99854893688697,3.289473684210526,2.2526315789473688,0.21052631578947367
40.37292038834724,3.289473684210526,2.2526315789473688,0.2631578947368421
37.751767879089165,3.289473684210526,2.2526315789473688,0.3157894736842105
36.596380933023404,3.289473684210526,2.2526315789473688,0.3684210526315789
36.543340938750276,3.289473684210526,2.2526315789473688,0.42105263157894735
37.3443145730654,3.289473684210526,2.2526315789473688,0.47368421052631576
38.80882212488639,3.289473684210526,2.2526315789473688,0.5263157894736842
40.84701491227673,3.289473684210526,2.2526315789473688,0.5789473684210527
43.38705122300741,3.289473684210526,2.2526315789473688,0.631578947368421
46.33559725509983,3.289473684210526,2.2526315789473688,0.6842105263157894
49.61948209488156,3.289473684210526,2.2526315789473688,0.7368421052631579
53.18067345276423,3.289473684210526,2.2526315789473688,0.7894736842105263
56.972705735397064,3.289473684210526,2.2526315789473688,0.8421052631578947
60.958091173016314,3.289473684210526,2.2526315789473688,0.894736842105263
65.10640991408093,3.289473684210526,2.2526315789473688,0.9473684210526315
69.39287817061644,3.289473684210526,2.2526315789473688,1.0
99.64165823861121,3.289473684210526,2.305263157894737,0.0
73.76033536131504,3.289473684210526,2.305263157894737,0.05263157894736842
57.45599223669466,3.289473684210526,2.305263157894737,0.10526315789473684
47.23340325224858,3.289473684210526,2.305263157894737,0.15789473684210525
40.79097110597473,3.289473684210526,2.305263157894737,0.21052631578947367
36.92099030387675,3.289473684210526,2.305263157894737,0.2631578947368421
34.88548815431088,3.289473684210526,2.305263157894737,0.3157894736842105
34.1942057635729,3.289473684210526,2.305263157894737,0.3684210526315789
34.52496831021336,3.289473684210526,2.305263157894737,0.42105263157894735
35.6450542732565,3.289473684210526,2.305263157894737,0.47368421052631576
37.41435848270497,3.289473684210526,2.305263157894737,0.5263157894736842
39.75780328108574,3.289473684210526,2.305263157894737,0.5789473684210527
42.56707547977819,3.289473684210526,2.305263157894737,0.631578947368421
45.75623699677354,3.289473684210526,2.305263157894737,0.6842105263157894
49.25777374105906,3.289473684210526,2.305263157894737,0.7368421052631579
53.01805675853256,3.289473684210526,2.305263157894737,0.7894736842105263
56.994100356227115,3.289473684210526,2.305263157894737,0.8421052631578947
61.151206313228506,3.289473684210526,2.305263157894737,0.894736842105263
65.46122121168983,3.289473684210526,2.305263157894737,0.9473684210526315
69.90122641798575,3.289473684210526,2.305263157894737,1.0
93.55456393431379,3.289473684210526,2.3578947368421055,0.0
69.42469799295911,3.289473684210526,2.3578947368421055,0.05263157894736842
54.32365852701168,3.289473684210526,2.3578947368421055,0.10526315789473684
44.8483648114208,3.289473684210526,2.3578947368421055,0.15789473684210525
38.921501050007464,3.289473684210526,2.3578947368421055,0.21052631578947367
35.449474083719934,3.289473684210526,2.3578947368421055,0.2631578947368421
33.73215174466922,3.289473684210526,2.3578947368421055,0.3157894736842105
33.30924131605621,3.289473684210526,2.3578947368421055,0.3684210526315789
33.868509899862175,3.289473684210526,2.3578947368421055,0.42105263157894735
35.20115184710584,3.289473684210526,2.3578947368421055,0.47368421052631576
37.209300414364286,3.289473684210526,2.3578947368421055,0.5263157894736842
39.76543632431987,3.289473684210526,2.3578947368421055,0.5789473684210527
42.7646971587766,3.289473684210526,2.3578947368421055,0.631578947368421
46.125768424605646,3.289473684210526,2.3578947368421055,0.6842105263157894
49.78477598842394,3.289473684210526,2.3578947368421055,0.7368421052631579
53.69194935073731,3.289473684210526,2.3578947368421055,0.7894736842105263
57.807135302369915,3.289473684210526,2.3578947368421055,0.8421052631578947
62.097305286582795,3.289473684210526,2.3578947368421055,0.894736842105263
66.53567272203807,3.289473684210526,2.3578947368421055,0.9473684210526315
71.1004534502676,3.289473684210526,2.3578947368421055,1.0
95.03364887756933,3.289473684210526,2.4105263157894736,0.0
70.62657700667071,3.289473684210526,2.4105263157894736,0.05263157894736842
55.41839127373787,3.289473684210526,2.4105263157894736,0.10526315789473684
45.80422037773767,3.289473684210526,2.4105263157894736,0.15789473684210525
39.823950716794236,3.289473684210526,2.4105263157894736,0.21052631578947367
36.33991451490704,3.289473684210526,2.4105263157894736,0.2631578947368421
34.63214153709073,3.289473684210526,2.4105263157894736,0.3157894736842105
34.24061197636096,3.289473684210526,2.4105263157894736,0.3684210526315789
34.847095615117205,3.289473684210526,2.4105263157894736,0.42105263157894735
36.29130647471707,3.289473684210526,2.4105263157894736,0.47368421052631576
38.40924255530317,3.289473684210526,2.4105263157894736,0.5263157894736842
41.065982165727114,3.289473684210526,2.4105263157894736,0.5789473684210527
44.16138231870624,3.289473684210526,2.4105263157894736,0.631578947368421
47.61661269973793,3.289473684210526,2.4105263157894736,0.6842105263157894
51.36853139013243,3.289473684210526,2.4105263157894736,0.7368421052631579
55.36703404655625,3.289473684210526,2.4105263157894736,0.7894736842105263
59.5720055809906,3.289473684210526,2.4105263157894736,0.8421052631578947
63.95111266805718,3.289473684210526,2.4105263157894736,0.894736842105263
68.47794503966914,3.289473684210526,2.4105263157894736,0.9473684210526315
73.13177459191418,3.289473684210526,2.4105263157894736,1.0
105.83402099552025,3.289473684210526,2.463157894736842,0.0
78.60755303327385,3.289473684210526,2.463157894736842,0.05263157894736842
61.62461307695657,3.289473684210526,2.463157894736842,0.10526315789473684
50.8429065333371,3.289473684210526,2.463157894736842,0.15789473684210525
44.10203944459684,3.289473684210526,2.463157894736842,0.21052631578947367
40.10001299349751,3.289473684210526,2.463157894736842,0.2631578947368421
38.03322653189081,3.289473684210526,2.463157894736842,0.3157894736842105
37.37989332446245,3.289473684210526,2.463157894736842,0.3684210526315789
37.85226993231165,3.289473684210526,2.463157894736842,0.42105263157894735
39.21737517588875,3.289473684210526,2.463157894736842,0.47368421052631576
41.283449070799556,3.289473684210526,2.463157894736842,0.5263157894736842
43.908839418138854,3.289473684210526,2.463157894736842,0.5789473684210527
46.98653998460582,3.289473684210526,2.463157894736842,0.631578947368421
50.4346080030254,3.289473684210526,2.463157894736842,0.6842105263157894
54.19125625043171,3.289473684210526,2.463157894736842,0.7368421052631579
58.20515186541783,3.289473684210526,2.463157894736842,0.7894736842105263
62.434752695028685,3.289473684210526,2.463157894736842,0.8421052631578947
66.84660932569794,3.289473684210526,2.463157894736842,0.894736842105263
71.41365287937045,3.289473684210526,2.463157894736842,0.9473684210526315
76.11391555393867,3.289473684210526,2.463157894736842,1.0
128.65432361473054,3.289473684210526,2.515789473684211,0.0
95.1867291881356,3.289473684210526,2.515789473684211,0.05263157894736842
74.25928506483443,3.289473684210526,2.515789473684211,0.10526315789473684
60.956222598562604,3.289473684210526,2.515789473684211,0.15789473684210525
52.534779513782766,3.289473684210526,2.515789473684211,0.21052631578947367
47.36785828287815,3.289473684210526,2.515789473684211,0.2631578947368421
44.46210765307362,3.289473684210526,2.515789473684211,0.3157894736842105
43.22848298719267,3.289473684210526,2.515789473684211,0.3684210526315789
43.28231880558319,3.289473684210526,2.515789473684211,0.42105263157894735
44.324389091469186,3.289473684210526,2.515789473684211,0.47368421052631576
46.13798338823169,3.289473684210526,2.515789473684211,0.5263157894736842
48.564573583252326,3.289473684210526,2.515789473684211,0.5789473684210527
51.485633785896695,3.289473684210526,2.515789473684211,0.631578947368421
54.81065514999616,3.289473684210526,2.515789473684211,0.6842105263157894
58.46930421190572,3.289473684210526,2.515789473684211,0.7368421052631579
62.40718877256942,3.289473684210526,2.515789473684211,0.7894736842105263
66.58222249787633,3.289473684210526,2.515789473684211,0.8421052631578947
70.95817804272623,3.289473684210526,2.515789473684211,0.894736842105263
75.50567769191251,3.289473684210526,2.515789473684211,0.9473684210526315
80.2009044222776,3.289473684210526,2.515789473684211,1.0
167.68498039730798,3.289473684210526,2.568421052631579,0.0
123.09399768807366,3.289473684210526,2.568421052631579,0.05263157894736842
95.29001994263659,3.289473684210526,2.568421052631579,0.10526315789473684
77.60271646389853,3.289473684210526,2.568421052631579,0.15789473684210525
66.25834172371178,3.289473684210526,2.568421052631579,0.21052631578947367
59.062828615142124,3.289473684210526,2.568421052631579,0.2631578947368421
54.71840285228191,3.289473684210526,2.568421052631579,0.3157894736842105
52.45066601358711,3.289473684210526,2.568421052631579,0.3684210526315789
51.708187337027894,3.289473684210526,2.568421052631579,0.42105263157894735
52.11925855731546,3.289473684210526,2.568421052631579,0.47368421052631576
53.4279187032433,3.289473684210526,2.568421052631579,0.5263157894736842
55.44588163504384,3.289473684210526,2.568421052631579,0.5789473684210527
58.03358420077392,3.289473684210526,2.568421052631579,0.631578947368421
61.085585712521464,3.289473684210526,2.568421052631579,0.6842105263157894
64.52063302629846,3.289473684210526,2.568421052631579,0.7368421052631579
68.27509394082911,3.289473684210526,2.568421052631579,0.7894736842105263
72.29849366211023,3.289473684210526,2.568421052631579,0.8421052631578947
76.55218280686645,3.289473684210526,2.568421052631579,0.894736842105263
81.00466400550053,3.289473684210526,2.568421052631579,0.9473684210526315
85.62873227475325,3.289473684210526,2.568421052631579,1.0
229.24021978181597,3.289473684210526,2.6210526315789475,0.0
166.4310453858263,3.289473684210526,2.6210526315789475,0.05263157894736842
127.54269402094758,3.289473684210526,2.6210526315789475,0.10526315789473684
102.83208588649464,3.289473684210526,2.6210526315789475,0.15789473684210525
86.84143362540634,3.289473684210526,2.6210526315789475,0.21052631578947367
76.4476992325303,3.289473684210526,2.6210526315789475,0.2631578947368421
69.8534420573646,3.289473684210526,2.6210526315789475,0.3157894736842105
65.90753758771228,3.289473684210526,2.6210526315789475,0.3684210526315789
63.87197633945199,3.289473684210526,2.6210526315789475,0.42105263157894735
63.260116325275895,3.289473684210526,2.6210526315789475,0.47368421052631576
63.74015290725442,3.289473684210526,2.6210526315789475,0.5263157894736842
65.0808946364922,3.289473684210526,2.6210526315789475,0.5789473684210527
67.10986193531016,3.289473684210526,2.6210526315789475,0.631578947368421
69.69751959609142,3.289473684210526,2.6210526315789475,0.6842105263157894
72.7450359204853,3.289473684210526,2.6210526315789475,0.7368421052631579
76.17560847251944,3.289473684210526,2.6210526315789475,0.7894736842105263
79.92866574840014,3.289473684210526,2.6210526315789475,0.8421052631578947
83.9558819206087,3.289473684210526,2.6210526315789475,0.894736842105263
88.21847875976286,3.289473684210526,2.6210526315789475,0.9473684210526315
92.68720747278957,3.289473684210526,2.6210526315789475,1.0
322.72791218333356,3.289473684210526,2.673684210526316,0.0
231.215869825154,3.289473684210526,2.673684210526316,0.05263157894736842
175.0538533512429,3.289473684210526,2.673684210526316,0.10526315789473684
139.50981576416746,3.289473684210526,2.673684210526316,0.15789473684210525
116.42719646735705,3.289473684210526,2.673684210526316,0.21052631578947367
101.23207194049635,3.289473684210526,2.673684210526316,0.2631578947368421
91.21413022493219,3.289473684210526,2.673684210526316,0.3157894736842105
84.72504554025073,3.289473684210526,2.673684210526316,0.3684210526315789
80.73636171421587,3.289473684210526,2.673684210526316,0.42105263157894735
78.58311880464242,3.289473684210526,2.673684210526316,0.47368421052631576
77.8195873680715,3.289473684210526,2.673684210526316,0.5263157894736842
78.13685334533218,3.289473684210526,2.673684210526316,0.5789473684210527
79.31680272414863,3.289473684210526,2.673684210526316,0.631578947368421
81.19460780100187,3.289473684210526,2.673684210526316,0.6842105263157894
83.64480934588553,3.289473684210526,2.673684210526316,0.7368421052631579
86.5707515844898,3.289473684210526,2.673684210526316,0.7894736842105263
89.89670532527404,3.289473684210526,2.673684210526316,0.8421052631578947
93.56253590718867,3.289473684210526,2.673684210526316,0.894736842105263
97.51999412541865,3.289473684210526,2.673684210526316,0.9473684210526315
101.73006985768632,3.289473684210526,2.673684210526316,1.0
462.2885195812857,3.289473684210526,2.7263157894736842,0.0
326.27169804736974,3.289473684210526,2.7263157894736842,0.05263157894736842
243.61086550703595,3.289473684210526,2.7263157894736842,0.10526315789473684
191.64858215944213,3.289473684210526,2.7263157894736842,0.15789473684210525
157.99081286672939,3.289473684210526,2.7263157894736842,0.21052631578947367
135.6538585124321,3.289473684210526,2.7263157894736842,0.2631578947368421
120.58415960443953,3.289473684210526,2.7263157894736842,0.3157894736842105
110.37398013493511,3.289473684210526,2.7263157894736842,0.3684210526315789
103.54627257734646,3.289473684210526,2.7263157894736842,0.42105263157894735
99.16288209748323,3.289473684210526,2.7263157894736842,0.47368421052631576
96.60608542151235,3.289473684210526,2.7263157894736842,0.5263157894736842
95.4543512076223,3.289473684210526,2.7263157894736842,0.5789473684210527
95.4104291515665,3.289473684210526,2.7263157894736842,0.631578947368421
96.26135075715939,3.289473684210526,2.7263157894736842,0.6842105263157894
97.84430902075701,3.289473684210526,2.7263157894736842,0.7368421052631579
100.03368827272763,3.289473684210526,2.7263157894736842,0.7894736842105263
102.7317749662478,3.289473684210526,2.7263157894736842,0.8421052631578947
105.86138857272964,3.289473684210526,2.7263157894736842,0.894736842105263
109.36082471964514,3.289473684210526,2.7263157894736842,0.9473684210526315
113.18029239401578,3.289473684210526,2.7263157894736842,1.0
669.2109482331798,3.289473684210526,2.778947368421053,0.0
464.5953641588363,3.289473684210526,2.778947368421053,0.05263157894736842
341.5608394898052,3.289473684210526,2.778947368421053,0.10526315789473684
264.9401435268682,3.289473684210526,2.778947368421053,0.15789473684210525
215.56871183315127,3.289473684210526,2.778947368421053,0.21052631578947367
182.7359779870532,3.289473684210526,2.778947368421053,0.2631578947368421
160.33323422984503,3.289473684210526,2.778947368421053,0.3157894736842105
144.78000558042785,3.289473684210526,2.778947368421053,0.3684210526315789
133.91221000093535,3.289473684210526,2.778947368421053,0.42105263157894735
126.37712151005442,3.289473684210526,2.778947368421053,0.47368421052631576
121.29860460177807,3.289473684210526,2.778947368421053,0.5263157894736842
118.0884035173234,3.289473684210526,2.778947368421053,0.5789473684210527
116.33751958481321,3.289473684210526,2.778947368421053,0.631578947368421
115.75239961874834,3.289473684210526,2.778947368421053,0.6842105263157894
116.1194311129791,3.289473684210526,2.778947368421053,0.7368421052631579
117.27366173994602,3.289473684210526,2.778947368421053,0.7894736842105263
119.08609713669732,3.289473684210526,2.778947368421053,0.8421052631578947
121.45544600692295,3.289473684210526,2.778947368421053,0.894736842105263
124.30106533377827,3.289473684210526,2.778947368421053,0.9473684210526315
127.55804980256232,3.289473684210526,2.778947368421053,1.0
975.6033757528749,3.289473684210526,2.8315789473684214,0.0
665.4412101935859,3.289473684210526,2.8315789473684214,0.05263157894736842
481.0359124353465,3.289473684210526,2.8315789473684214,0.10526315789473684
367.4123631341984,3.289473684210526,2.8315789473684214,0.15789473684210525
294.75198442790935,3.289473684210526,2.8315789473684214,0.21052631578947367
246.58837576044382,3.289473684210526,2.8315789473684214,0.2631578947368421
213.62427602858608,3.289473684210526,2.8315789473684214,0.3157894736842105
190.47349884278168,3.289473684210526,2.8315789473684214,0.3684210526315789
173.92325480569053,3.289473684210526,2.8315789473684214,0.42105263157894735
161.99413965082834,3.289473684210526,2.8315789473684214,0.47368421052631576
153.42352830276948,3.289473684210526,2.8315789473684214,0.5263157894736842
147.3765921122326,3.289473684210526,2.8315789473684214,0.5789473684210527
143.281406784179,3.289473684210526,2.8315789473684214,0.631578947368421
140.7327601517513,3.289473684210526,2.8315789473684214,0.6842105263157894
139.43472625583993,3.289473684210526,2.8315789473684214,0.7368421052631579
139.16850516560234,3.289473684210526,2.8315789473684214,0.7894736842105263
139.76369738134417,3.289473684210526,2.8315789473684214,0.8421052631578947
141.08530418297497,3.289473684210526,2.8315789473684214,0.894736842105263
143.02635975449235,3.289473684210526,2.8315789473684214,0.9473684210526315
145.50105262032403,3.289473684210526,2.8315789473684214,1.0
1430.1120554056745,3.289473684210526,2.8842105263157896,0.0
957.511765609493,3.289473684210526,2.8842105263157896,0.05263157894736842
679.7488203638782,3.289473684210526,2.8842105263157896,0.10526315789473684
510.5137420753207,3.289473684210526,2.8842105263157896,0.15789473684210525
403.3596495865375,3.289473684210526,2.8842105263157896,0.21052631578947367
332.836637388872,3.289473684210526,2.8842105263157896,0.2631578947368421
284.7034056874646,3.289473684210526,2.8842105263157896,0.3157894736842105
250.79513289087103,3.289473684210526,2.8842105263157896,0.3684210526315789
226.29931655218616,3.289473684210526,2.8842105263157896,0.42105263157894735
208.29001196739478,3.289473684210526,2.8842105263157896,0.47368421052631576
194.92717456396747,3.289473684210526,2.8842105263157896,0.5263157894736842
185.0118689709532,3.289473684210526,2.8842105263157896,0.5789473684210527
177.73445873492187,3.289473684210526,2.8842105263157896,0.631578947368421
172.529004463549,3.289473684210526,2.8842105263157896,0.6842105263157894
168.98707795007434,3.289473684210526,2.8842105263157896,0.7368421052631579
166.805437829755,3.289473684210526,2.8842105263157896,0.7894736842105263
165.75628073279083,3.289473684210526,2.8842105263157896,0.8421052631578947
165.66096651999118,3.289473684210526,2.8842105263157896,0.894736842105263
166.37621177309123,3.289473684210526,2.8842105263157896,0.9473684210526315
167.78752162804025,3.289473684210526,2.8842105263157896,1.0
2106.776380109735,3.289473684210526,2.936842105263158,0.0
1383.8334586409221,3.289473684210526,2.936842105263158,0.05263157894736842
963.6999419760535,3.289473684210526,2.936842105263158,0.10526315789473684
710.741475237528,3.289473684210526,2.936842105263158,0.15789473684210525
552.4128053048157,3.289473684210526,2.936842105263158,0.21052631578947367
449.2388376722622,3.289473684210526,2.936842105263158,0.2631578947368421
379.3089947741636,3.289473684210526,2.936842105263158,0.3157894736842105
330.1801433432508,3.289473684210526,2.936842105263158,0.3684210526315789
294.5977339462741,3.289473684210526,2.936842105263158,0.42105263157894735
268.20494907689704,3.289473684210526,2.936842105263158,0.47368421052631576
248.29834610541897,3.289473684210526,2.936842105263158,0.5263157894736842
233.14095438390666,3.289473684210526,2.936842105263158,0.5789473684210527
221.57618934249945,3.289473684210526,2.936842105263158,0.631578947368421
212.8064194348076,3.289473684210526,2.936842105263158,0.6842105263157894
206.26308163349665,3.289473684210526,2.936842105263158,0.7368421052631579
201.52859046947123,3.289473684210526,2.936842105263158,0.7894736842105263
198.28811709841372,3.289473684210526,2.936842105263158,0.8421052631578947
196.30145556244497,3.289473684210526,2.936842105263158,0.894736842105263
195.3792157609308,3.289473684210526,2.936842105263158,0.9473684210526315
195.3677363617603,3.289473684210526,2.936842105263158,1.0
3118.772872415544,3.289473684210526,2.9894736842105267,0.0
2009.1554833353694,3.289473684210526,2.9894736842105267,0.05263157894736842
1371.39813291693,3.289473684210526,2.9894736842105267,0.10526315789473684
992.0498812380036,3.289473684210526,2.9894736842105267,0.15789473684210525
757.5726213759684,3.289473684210526,2.9894736842105267,0.21052631578947367
606.5798277467726,3.289473684210526,2.9894736842105267,0.2631578947368421
505.25323719117984,3.289473684210526,2.9894736842105267,0.3157894736842105
434.5545140207268,3.289473684210526,2.9894736842105267,0.3684210526315789
383.49574159726706,3.289473684210526,2.9894736842105267,0.42105263157894735
345.55335569328275,3.289473684210526,2.9894736842105267,0.47368421052631576
316.73044615977204,3.289473684210526,2.9894736842105267,0.5263157894736842
294.49343985999997,3.289473684210526,2.9894736842105267,0.5789473684210527
277.178441571103,3.289473684210526,2.9894736842105267,0.631578947368421
263.65332391771227,3.289473684210526,2.9894736842105267,0.6842105263157894
253.12120191282955,3.289473684210526,2.9894736842105267,0.7368421052631579
245.00338370185847,3.289473684210526,2.9894736842105267,0.7894736842105263
238.86782897223475,3.289473684210526,2.9894736842105267,0.8421052631578947
234.38419969789078,3.289473684210526,2.9894736842105267,0.894736842105263
231.29681444661884,3.289473684210526,2.9894736842105267,0.9473684210526315
229.40305491999612,3.289473684210526,2.9894736842105267,1.0
4639.630111575007,3.289473684210526,3.042105263157895,0.0
2931.5166177153114,3.289473684210526,3.042105263157895,0.05263157894736842
1960.2375618513388,3.289473684210526,3.042105263157895,0.10526315789473684
1389.4798685148642,3.289473684210526,3.042105263157895,0.15789473684210525
1041.2757503865848,3.289473684210526,3.042105263157895,0.21052631578947367
819.976826787994,3.289473684210526,3.042105263157895,0.2631578947368421
673.2553736038068,3.289473684210526,3.042105263157895,0.3157894736842105
571.8915379037285,3.289473684210526,3.042105263157895,0.3684210526315789
499.1796482185314,3.289473684210526,3.042105263157895,0.42105263157894735
445.30804065321115,3.289473684210526,3.042105263157895,0.47368421052631576
404.3372938002853,3.289473684210526,3.042105263157895,0.5263157894736842
372.55126452057635,3.289473684210526,3.042105263157895,0.5789473684210527
347.5422507006716,3.289473684210526,3.042105263157895,0.631578947368421
327.69397015670864,3.289473684210526,3.042105263157895,0.6842105263157894
311.8832702198831,3.289473684210526,3.042105263157895,0.7368421052631579
299.3040477945418,3.289473684210526,3.042105263157895,0.7894736842105263
289.360673992803,3.289473684210526,3.042105263157895,0.8421052631578947
281.60172918824344,3.289473684210526,3.042105263157895,0.894736842105263
275.67762337654636,3.289473684210526,3.042105263157895,0.9473684210526315
271.314273096772,3.289473684210526,3.042105263157895,1.0
6936.413655267393,3.289473684210526,3.094736842105263,0.0
4300.046386578537,3.289473684210526,3.094736842105263,0.05263157894736842
2816.258697276334,3.289473684210526,3.094736842105263,0.10526315789473684
1954.652555299138,3.289473684210526,3.094736842105263,0.15789473684210525
1435.922893234236,3.289473684210526,3.094736842105263,0.21052631578947367
1110.7980392200088,3.289473684210526,3.094736842105263,0.2631578947368421
898.1443223846164,3.289473684210526,3.094736842105263,0.3157894736842105
752.9998197109811,3.289473684210526,3.094736842105263,0.3684210526315789
649.8852397688555,3.289473684210526,3.094736842105263,0.42105263157894735
573.987594557671,3.289473684210526,3.094736842105263,0.47368421052631576
516.4423433007177,3.289473684210526,3.094736842105263,0.5263157894736842
471.77249142826906,3.289473684210526,3.094736842105263,0.5789473684210527
436.4762837115669,3.289473684210526,3.094736842105263,0.631578947368421
408.23441154210525,3.289473684210526,3.094736842105263,0.6842105263157894
385.4560870309803,3.289473684210526,3.094736842105263,0.7368421052631579
367.01336059937387,3.289473684210526,3.094736842105263,0.7894736842105263
352.0818103344996,3.289473684210526,3.094736842105263,0.8421052631578947
340.0424829099153,3.289473684210526,3.094736842105263,0.894736842105263
330.4198421980854,3.289473684210526,3.094736842105263,0.9473684210526315
322.8413672862374,3.289473684210526,3.094736842105263,1.0
10421.427485341079,3.289473684210526,3.1473684210526316,0.0
6342.519714498851,3.289473684210526,3.1473684210526316,0.05263157894736842
4069.1348283112266,3.289473684210526,3.1473684210526316,0.10526315789473684
2764.117452856245,3.289473684210526,3.1473684210526316,0.15789473684210525
1988.6638906763528,3.289473684210526,3.1473684210526316,0.21052631578947367
1509.4994024930518,3.289473684210526,3.1473684210526316,0.2631578947368421
1200.606749700054,3.289473684210526,3.1473684210526316,0.3157894736842105
992.6475212422932,3.289473684210526,3.1473684210526316,0.3684210526315789
846.6540503113927,3.289473684210526,3.1473684210526316,0.42105263157894735
740.188377574878,3.289473684210526,3.1473684210526316,0.47368421052631576
659.9689705307791,3.289473684210526,3.1473684210526316,0.5263157894736842
597.8886067549964,3.289473684210526,3.1473684210526316,0.5789473684210527
548.8307329786629,3.289473684210526,3.1473684210526316,0.631578947368421
509.4515295059863,3.289473684210526,3.1473684210526316,0.6842105263157894
477.4875922771495,3.289473684210526,3.1473684210526316,0.7368421052631579
451.35399415620645,3.289473684210526,3.1473684210526316,0.7894736842105263
429.9054260656087,3.289473684210526,3.1473684210526316,0.8421052631578947
412.29060253887656,3.289473684210526,3.1473684210526316,0.894736842105263
397.8610801087486,3.289473684210526,3.1473684210526316,0.9473684210526315
386.1125207048756,3.289473684210526,3.1473684210526316,1.0
15732.90992209904,3.289473684210526,3.2,0.0
9408.104952255662,3.289473684210526,3.2,0.05263157894736842
5915.243437890845,3.289473684210526,3.2,0.10526315789473684
3932.0835323203196,3.289473684210526,3.2,0.15789473684210525
2768.6115023373313,3.289473684210526,3.2,0.21052631578947367
2059.8424999921335,3.289473684210526,3.2,0.2631578947368421
1609.7448477689256,3.289473684210526,3.2,0.3157894736842105
1311.1781907182842,3.289473684210526,3.2,0.3684210526315789
1104.3999325355653,3.289473684210526,3.2,0.42105263157894735
955.3206953188721,3.289473684210526,3.2,0.47368421052631576
843.97092915708,3.289473684210526,3.2,0.5263157894736842
758.3020573320805,3.289473684210526,3.2,0.5789473684210527
690.8056407319339,3.289473684210526,3.2,0.631578947368421
636.6391932302264,3.289473684210526,3.2,0.6842105263157894
592.5681515489268,3.289473684210526,3.2,0.7368421052631579
556.3563571141982,3.289473684210526,3.2,0.7894736842105263
526.4069484013933,3.289473684210526,3.2,0.8421052631578947
501.54552540439846,3.289473684210526,3.2,0.894736842105263
480.8857175472095,3.289473684210526,3.2,0.9473684210526315
463.74349532592214,3.289473684210526,3.2,1.0
137.39624095695376,3.394736842105263,2.2,0.0
101.32500605382012,3.394736842105263,2.2,0.05263157894736842
78.26385039939358,3.394736842105263,2.2,0.10526315789473684
63.43156462299428,3.394736842105263,2.2,0.15789473684210525
53.932414001629056,3.394736842105263,2.2,0.21052631578947367
47.8009937641376,3.394736842105263,2.2,0.2631578947368421
44.019726942274986,3.394736842105263,2.2,0.3157894736842105
41.94696832214985,3.394736842105263,2.2,0.3684210526315789
41.145747567261566,3.394736842105263,2.2,0.42105263157894735
41.31892340287203,3.394736842105263,2.2,0.47368421052631576
42.2570239298563,3.394736842105263,2.2,0.5263157894736842
43.79669318860093,3.394736842105263,2.2,0.5789473684210527
45.85858012902475,3.394736842105263,2.2,0.631578947368421
48.39153100480517,3.394736842105263,2.2,0.6842105263157894
51.31166593063648,3.394736842105263,2.2,0.7368421052631579
54.552520061149174,3.394736842105263,2.2,0.7894736842105263
58.06095070500831,3.394736842105263,2.2,0.8421052631578947
61.79411647006273,3.394736842105263,2.2,0.894736842105263
65.71725730840747,3.394736842105263,2.2,0.9473684210526315
69.80203632287919,3.394736842105263,2.2,1.0
118.58111500774311,3.394736842105263,2.2526315789473688,0.0
87.82571636147675,3.394736842105263,2.2526315789473688,0.05263157894736842
68.22963221464697,3.394736842105263,2.2526315789473688,0.10526315789473684
55.74092698338328,3.394736842105263,2.2526315789473688,0.15789473684210525
47.7758245012464,3.394736842105263,2.2526315789473688,0.21052631578947367
42.742122031849036,3.394736842105263,2.2526315789473688,0.2631578947368421
39.79373305449456,3.394736842105263,2.2526315789473688,0.3157894736842105
38.37038522218866,3.394736842105263,2.2526315789473688,0.3684210526315789
38.093510592271194,3.394736842105263,2.2526315789473688,0.42105263157894735
38.70781304200908,3.394736842105263,2.2526315789473688,0.47368421052631576
40.01729431915219,3.394736842105263,2.2526315789473688,0.5263157894736842
41.903421736537744,3.394736842105263,2.2526315789473688,0.5789473684210527
44.3140163363819,3.394736842105263,2.2526315789473688,0.631578947368421
47.15502683335393,3.394736842105263,2.2526315789473688,0.6842105263157894
50.350471646616796,3.394736842105263,2.2526315789473688,0.7368421052631579
53.84007059166547,3.394736842105263,2.2526315789473688,0.7894736842105263
57.57554405607375,3.394736842105263,2.2526315789473688,0.8421052631578947
61.51793043890347,3.394736842105263,2.2526315789473688,0.894736842105263
65.63560689919758,3.394736842105263,2.2526315789473688,0.9473684210526315
69.90280532505344,3.394736842105263,2.2526315789473688,1.0
106.11318987519324,3.394736842105263,2.305263157894737,0.0
78.91446522918636,3.394736842105263,2.305263157894737,0.05263157894736842
61.66919237334102,3.394736842105263,2.305263157894737,0.10526315789473684
50.75977883764464,3.394736842105263,2.305263157894737,0.15789473684210525
43.800854955854966,3.394736842105263,2.305263157894737,0.21052631578947367
39.522824674982125,3.394736842105263,2.305263157894737,0.2631578947368421
37.159160096945,3.394736842105263,2.305263157894737,0.3157894736842105
36.199538599893344,3.394736842105263,2.305263157894737,0.3684210526315789
36.30660346971508,3.394736842105263,2.305263157894737,0.42105263157894735
37.240484138680394,3.394736842105263,2.305263157894737,0.47368421052631576
38.83658716544101,3.394736842105263,2.305263157894737,0.5263157894736842
41.02741900398938,3.394736842105263,2.305263157894737,0.5789473684210527
43.70809829275611,3.394736842105263,2.305263157894737,0.631578947368421
46.79069653657439,3.394736842105263,2.305263157894737,0.6842105263157894
50.205038325486484,3.394736842105263,2.305263157894737,0.7368421052631579
53.89527481732952,3.394736842105263,2.305263157894737,0.7894736842105263
57.81662484746877,3.394736842105263,2.305263157894737,0.8421052631578947
61.9329286190716,3.394736842105263,2.305263157894737,0.894736842105263
66.2148378838614,3.394736842105263,2.305263157894737,0.9473684210526315
70.63845527398588,3.394736842105263,2.305263157894737,1.0
100.54955172224034,3.394736842105263,2.3578947368421055,0.0
75.05494952329634,3.394736842105263,2.3578947368421055,0.05263157894736842
58.979150370395196,3.394736842105263,2.3578947368421055,0.10526315789473684
48.79971587894196,3.394736842105263,2.3578947368421055,0.15789473684210525
42.33308080327534,3.394736842105263,2.3578947368421055,0.21052631578947367
38.433617422987425,3.394736842105263,2.3578947368421055,0.2631578947368421
36.37181993018245,3.394736842105263,2.3578947368421055,0.3157894736842105
35.66517337027667,3.394736842105263,2.3578947368421055,0.3684210526315789
35.99022937709275,3.394736842105263,2.3578947368421055,0.42105263157894735
37.115044955806255,3.394736842105263,2.3578947368421055,0.47368421052631576
38.9362250100573,3.394736842105263,2.3578947368421055,0.5263157894736842
41.33567598268543,3.394736842105263,2.3578947368421055,0.5789473684210527
44.20462376684058,3.394736842105263,2.3578947368421055,0.631578947368421
47.45819499745323,3.394736842105263,2.3578947368421055,0.6842105263157894
51.029686745268705,3.394736842105263,2.3578947368421055,0.7368421052631579
54.866093840608265,3.394736842105263,2.3578947368421055,0.7894736842105263
58.925377298300305,3.394736842105263,2.3578947368421055,0.8421052631578947
63.17420006826337,3.394736842105263,2.3578947368421055,0.894736842105263
67.58458740109215,3.394736842105263,2.3578947368421055,0.9473684210526315
72.1337408735428,3.394736842105263,2.3578947368421055,1.0
103.02196684621737,3.394736842105263,2.4105263157894736,0.0
77.09198131751434,3.394736842105263,2.4105263157894736,0.05263157894736842
60.81113649582434,3.394736842105263,2.4105263157894736,0.10526315789473684
50.41854103344098,3.394736842105263,2.4105263157894736,0.15789473684210525
43.84114255543807,3.394736842105263,2.4105263157894736,0.21052631578947367
39.88661118867337,3.394736842105263,2.4105263157894736,0.2631578947368421
37.79817750103906,3.394736842105263,2.4105263157894736,0.3157894736842105
37.094179131445834,3.394736842105263,2.4105263157894736,0.3684210526315789
37.434698530665656,3.394736842105263,2.4105263157894736,0.42105263157894735
38.63966593932089,3.394736842105263,2.4105263157894736,0.47368421052631576
40.557343443066685,3.394736842105263,2.4105263157894736,0.5263157894736842
43.04640116761589,3.394736842105263,2.4105263157894736,0.5789473684210527
46.00051448756612,3.394736842105263,2.4105263157894736,0.631578947368421
49.33865105654575,3.394736842105263,2.4105263157894736,0.6842105263157894
52.99468534222063,3.394736842105263,2.4105263157894736,0.7368421052631579
56.91600650215022,3.394736842105263,2.4105263157894736,0.7894736842105263
61.060453049578584,3.394736842105263,2.4105263157894736,0.8421052631578947
65.39400550334173,3.394736842105263,2.4105263157894736,0.894736842105263
69.88908334827829,3.394736842105263,2.4105263157894736,0.9473684210526315
74.5232661408889,3.394736842105263,2.4105263157894736,1.0
115.38345656407004,3.394736842105263,2.463157894736842,0.0
86.32734774338638,3.394736842105263,2.463157894736842,0.05263157894736842
68.08141820964632,3.394736842105263,2.463157894736842,0.10526315789473684
56.38093809080246,3.394736842105263,2.463157894736842,0.15789473684210525
48.942157635405856,3.394736842105263,2.463157894736842,0.21052631578947367
44.39356297157254,3.394736842105263,2.463157894736842,0.2631578947368421
41.88630032372294,3.394736842105263,2.463157894736842,0.3157894736842105
40.87046879579725,3.394736842105263,2.463157894736842,0.3684210526315789
41.01956628745959,3.394736842105263,2.463157894736842,0.42105263157894735
42.114875197783014,3.394736842105263,2.463157894736842,0.47368421052631576
43.95490337658869,3.394736842105263,2.463157894736842,0.5263157894736842
46.39074068638503,3.394736842105263,2.463157894736842,0.5789473684210527
49.30987222304884,3.394736842105263,2.463157894736842,0.631578947368421
52.62565893143475,3.394736842105263,2.463157894736842,0.6842105263157894
56.27238467426289,3.394736842105263,2.463157894736842,0.7368421052631579
60.19733867991908,3.394736842105263,2.463157894736842,0.7894736842105263
64.35673881999472,3.394736842105263,2.463157894736842,0.8421052631578947
68.71531106181662,3.394736842105263,2.463157894736842,0.894736842105263
73.24449198105336,3.394736842105263,2.463157894736842,0.9473684210526315
77.92108558677934,3.394736842105263,2.463157894736842,1.0
140.54655822053707,3.394736842105263,2.515789473684211,0.0
104.73635458981155,3.394736842105263,2.515789473684211,0.05263157894736842
82.21868760115508,3.394736842105263,2.515789473684211,0.10526315789473684
67.77162342812285,3.394736842105263,2.515789473684211,0.15789473684210525
58.49348323703768,3.394736842105263,2.515789473684211,0.21052631578947367
52.661008843965654,3.394736842105263,2.515789473684211,0.2631578947368421
49.225298202045835,3.394736842105263,2.515789473684211,0.3157894736842105
47.53774219651052,3.394736842105263,2.515789473684211,0.3684210526315789
47.21341416650662,3.394736842105263,2.515789473684211,0.42105263157894735
47.93991607518019,3.394736842105263,2.515789473684211,0.47368421052631576
49.48924833581318,3.394736842105263,2.515789473684211,0.5263157894736842
51.69405162749841,3.394736842105263,2.515789473684211,0.5789473684210527
54.42916917308588,3.394736842105263,2.515789473684211,0.631578947368421
57.59899604944047,3.394736842105263,2.515789473684211,0.6842105263157894
61.12920601898236,3.394736842105263,2.515789473684211,0.7368421052631579
64.96139189474331,3.394736842105263,2.515789473684211,0.7894736842105263
69.0512847684058,3.394736842105263,2.515789473684211,0.8421052631578947
73.36133094433129,3.394736842105263,2.515789473684211,0.894736842105263
77.86039031377251,3.394736842105263,2.515789473684211,0.9473684210526315
82.52319721997996,3.394736842105263,2.515789473684211,1.0
183.00219540366558,3.394736842105263,2.568421052631579,0.0
135.256544145622,3.394736842105263,2.568421052631579,0.05263157894736842
105.34054602968428,3.394736842105263,2.568421052631579,0.10526315789473684
86.16438644215577,3.394736842105263,2.568421052631579,0.15789473684210525
73.72290368307372,3.394736842105263,2.568421052631579,0.21052631578947367
65.68737119397795,3.394736842105263,2.568421052631579,0.2631578947368421
60.66280855467239,3.394736842105263,2.568421052631579,0.3157894736842105
57.83763639036976,3.394736842105263,2.568421052631579,0.3684210526315789
56.63703699980805,3.394736842105263,2.568421052631579,0.42105263157894735
56.66672411069626,3.394736842105263,2.568421052631579,0.47368421052631576
57.65559172137399,3.394736842105263,2.568421052631579,0.5263157894736842
59.4049853991508,3.394736842105263,2.568421052631579,0.5789473684210527
61.76698772915689,3.394736842105263,2.568421052631579,0.631578947368421
64.62980450505657,3.394736842105263,2.568421052631579,0.6842105263157894
67.9072456519873,3.394736842105263,2.568421052631579,0.7368421052631579
71.53177478141012,3.394736842105263,2.568421052631579,0.7894736842105263
75.44978589431861,3.394736842105263,2.568421052631579,0.8421052631578947
79.61891027121338,3.394736842105263,2.568421052631579,0.894736842105263
84.00674022147892,3.394736842105263,2.568421052631579,0.9473684210526315
88.58465067590264,3.394736842105263,2.568421052631579,1.0
249.49184387679855,3.394736842105263,2.6210526315789475,0.0
182.2615700872601,3.394736842105263,2.6210526315789475,0.05263157894736842
140.4673047353568,3.394736842105263,2.6210526315789475,0.10526315789473684
113.75145967611078,3.394736842105263,2.6210526315789475,0.15789473684210525
96.3093613786441,3.394736842105263,2.6210526315789475,0.21052631578947367
84.81035452793056,3.394736842105263,2.6210526315789475,0.2631578947368421
77.34106696167574,3.394736842105263,2.6210526315789475,0.3157894736842105
72.694375852688,3.394736842105263,2.6210526315789475,0.3684210526315789
70.08652066094952,3.394736842105263,2.6210526315789475,0.42105263157894735
69.00070271807505,3.394736842105263,2.6210526315789475,0.47368421052631576
69.08403427593979,3.394736842105263,2.6210526315789475,0.5263157894736842
70.09072602592653,3.394736842105263,2.6210526315789475,0.5789473684210527
71.83839813848748,3.394736842105263,2.6210526315789475,0.631578947368421
74.18931318924774,3.394736842105263,2.6210526315789475,0.6842105263157894
77.03832703114958,3.394736842105263,2.6210526315789475,0.7368421052631579
80.3036829096406,3.394736842105263,2.6210526315789475,0.7894736842105263
83.92085871706139,3.394736842105263,2.6210526315789475,0.8421052631578947
87.83833858484452,3.394736842105263,2.6210526315789475,0.894736842105263
92.01462962496947,3.394736842105263,2.6210526315789475,0.9473684210526315
96.41722284949687,3.394736842105263,2.6210526315789475,1.0
350.0640268610219,3.394736842105263,2.673684210526316,0.0
252.17379325914004,3.394736842105263,2.673684210526316,0.05263157894736842
191.90919885725813,3.394736842105263,2.673684210526316,0.10526315789473684
153.5924152928084,3.394736842105263,2.673684210526316,0.15789473684210525
128.53712727420478,3.394736842105263,2.673684210526316,0.21052631578947367
111.86182985785246,3.394736842105263,2.673684210526316,0.2631578947368421
100.70518566064074,3.394736842105263,2.673684210526316,0.3157894736842105
93.31392360936198,3.394736842105263,2.673684210526316,0.3684210526315789
88.59408953151505,3.394736842105263,2.673684210526316,0.42105263157894735
85.83831022987566,3.394736842105263,2.673684210526316,0.47368421052631576
84.57234029037274,3.394736842105263,2.673684210526316,0.5263157894736842
84.46701464175472,3.394736842105263,2.673684210526316,0.5789473684210527
85.28970387511198,3.394736842105263,2.673684210526316,0.631578947368421
86.86583969814224,3.394736842105263,2.673684210526316,0.6842105263157894
89.06168295344224,3.394736842105263,2.673684210526316,0.7368421052631579
91.77413449230018,3.394736842105263,2.673684210526316,0.7894736842105263
94.92236123551739,3.394736842105263,2.673684210526316,0.8421052631578947
98.44212766876052,3.394736842105263,2.673684210526316,0.894736842105263
102.28185257236254,3.394736842105263,2.673684210526316,0.9473684210526315
106.39979532085236,3.394736842105263,2.673684210526316,1.0
499.7845045145557,3.394736842105263,2.7263157894736842,0.0
354.4039056425379,3.394736842105263,2.7263157894736842,0.05263157894736842
265.84116228261263,3.394736842105263,2.7263157894736842,0.10526315789473684
209.9713860993341,3.394736842105263,2.7263157894736842,0.15789473684210525
173.57467559312926,3.394736842105263,2.7263157894736842,0.21052631578947367
149.24335984576075,3.394736842105263,2.7263157894736842,0.2631578947368421
132.66288315307884,3.394736842105263,2.7263157894736842,0.3157894736842105
121.27009519710737,3.394736842105263,2.7263157894736842,0.3684210526315789
113.49244964284622,3.394736842105263,2.7263157894736842,0.42105263157894735
108.33096486758153,3.394736842105263,2.7263157894736842,0.47368421052631576
105.12770120191097,3.394736842105263,2.7263157894736842,0.5263157894736842
103.43353247001835,3.394736842105263,2.7263157894736842,0.5789473684210527
102.93132102995806,3.394736842105263,2.7263157894736842,0.631578947368421
103.39332345961245,3.394736842105263,2.7263157894736842,0.6842105263157894
104.6469249043611,3.394736842105263,2.7263157894736842,0.7368421052631579
106.55797638086234,3.394736842105263,2.7263157894736842,0.7894736842105263
109.02205497216917,3.394736842105263,2.7263157894736842,0.8421052631578947
111.95662020315072,3.394736842105263,2.7263157894736842,0.894736842105263
115.2956309445696,3.394736842105263,2.7263157894736842,0.9473684210526315
118.98575220888455,3.394736842105263,2.7263157894736842,1.0
721.3434599996235,3.394736842105263,2.778947368421053,0.0
502.80856070371647,3.394736842105263,2.778947368421053,0.05263157894736842
371.16504028892655,3.394736842105263,2.778947368421053,0.10526315789473684
288.94069782678315,3.394736842105263,2.778947368421053,0.15789473684210525
235.74695812457287,3.394736842105263,2.778947368421053,0.21052631578947367
200.18403394110715,3.394736842105263,2.778947368421053,0.2631578947368421
175.74673281627554,3.394736842105263,2.778947368421053,0.3157894736842105
158.6218451027222,3.394736842105263,2.778947368421053,0.3684210526315789
146.5042895623931,3.394736842105263,2.778947368421053,0.42105263157894735
137.95290131340104,3.394736842105263,2.778947368421053,0.47368421052631576
132.0339976548526,3.394736842105263,2.778947368421053,0.5263157894736842
128.12045557555615,3.394736842105263,2.778947368421053,0.5789473684210527
125.7760607493309,3.394736842105263,2.778947368421053,0.631578947368421
124.68737891925934,3.394736842105263,2.778947368421053,0.6842105263157894
124.62549062054863,3.394736842105263,2.778947368421053,0.7368421052631579
125.41538825588378,3.394736842105263,2.778947368421053,0.7894736842105263
126.91914593035159,3.394736842105263,2.778947368421053,0.8421052631578947
129.02838292321397,3.394736842105263,2.778947368421053,0.894736842105263
131.65674827198592,3.394736842105263,2.778947368421053,0.9473684210526315
134.73468856112007,3.394736842105263,2.778947368421053,1.0
1048.955221137755,3.394736842105263,2.8315789473684214,0.0
717.9084793867484,3.394736842105263,2.8315789473684214,0.05263157894736842
520.7980390620409,3.394736842105263,2.8315789473684214,0.10526315789473684
399.08334134258763,3.394736842105263,2.8315789473684214,0.15789473684210525
321.0202230394509,3.394736842105263,2.8315789473684214,0.21052631578947367
269.07158726913235,3.394736842105263,2.8315789473684214,0.2631578947368421
233.33496876289647,3.394736842105263,2.8315789473684214,0.3157894736842105
208.0729598791241,3.394736842105263,2.8315789473684214,0.3684210526315789
189.8627350168631,3.394736842105263,2.8315789473684214,0.42105263157894735
176.59502286856326,3.394736842105263,2.8315789473684214,0.47368421052631576
166.92396706387635,3.394736842105263,2.8315789473684214,0.5263157894736842
159.95938264639483,3.394736842105263,2.8315789473684214,0.5789473684210527
155.09115581916646,3.394736842105263,2.8315789473684214,0.631578947368421
151.8868013930313,3.394736842105263,2.8315789473684214,0.6842105263157894
150.03021965484197,3.394736842105263,2.8315789473684214,0.7368421052631579
149.28655890739782,3.394736842105263,2.8315789473684214,0.7894736842105263
149.4749433585458,3.394736842105263,2.8315789473684214,0.8421052631578947
150.4509235389826,3.394736842105263,2.8315789473684214,0.894736842105263
152.09996143468473,3.394736842105263,2.8315789473684214,0.9473684210526315
154.33010528019346,3.394736842105263,2.8315789473684214,1.0
1534.4490484313933,3.394736842105263,2.8842105263157896,0.0
1030.2786037022286,3.394736842105263,2.8842105263157896,0.05263157894736842
733.6321001265893,3.394736842105263,2.8842105263157896,0.10526315789473684
552.6068703687324,3.394736842105263,2.8842105263157896,0.15789473684210525
437.7347144696411,3.394736842105263,2.8842105263157896,0.21052631578947367
361.9090458868436,3.394736842105263,2.8842105263157896,0.2631578947368421
309.96046337658225,3.394736842105263,2.8842105263157896,0.3157894736842105
273.19113347009096,3.394736842105263,2.8842105263157896,0.3684210526315789
246.4736080128636,3.394736842105263,2.8842105263157896,0.42105263157894735
226.6898053970242,3.394736842105263,2.8842105263157896,0.47368421052631576
211.87831049142778,3.394736842105263,2.8842105263157896,0.5263157894736842
200.7606635669163,3.394736842105263,2.8842105263157896,0.5789473684210527
192.47316925223393,3.394736842105263,2.8842105263157896,0.631578947368421
186.4118158348265,3.394736842105263,2.8842105263157896,0.6842105263157894
182.1404724931292,3.394736842105263,2.8842105263157896,0.7368421052631579
179.3351333247084,3.394736842105263,2.8842105263157896,0.7894736842105263
177.75112077128088,3.394736842105263,2.8842105263157896,0.8421052631578947
177.19862500184894,3.394736842105263,2.8842105263157896,0.894736842105263
177.5243179888735,3.394736842105263,2.8842105263157896,0.9473684210526315
178.60555234180046,3.394736842105263,2.8842105263157896,1.0
2256.6938115876214,3.394736842105263,2.936842105263158,0.0
1485.7611536650425,3.394736842105263,2.936842105263158,0.05263157894736842
1037.3811505046858,3.394736842105263,2.936842105263158,0.10526315789473684
767.0969183465147,3.394736842105263,2.936842105263158,0.15789473684210525
597.6423752826058,3.394736842105263,2.936842105263158,0.21052631578947367
486.9718667233404,3.394736842105263,2.936842105263158,0.2631578947368421
411.74653597750773,3.394736842105263,2.936842105263158,0.3157894736842105
358.7108576702668,3.394736842105263,2.936842105263158,0.3684210526315789
320.13558522175043,3.394736842105263,2.936842105263158,0.42105263157894735
291.3779376973462,3.394736842105263,2.936842105263158,0.47368421052631576
269.55631080256444,3.394736842105263,2.936842105263158,0.5263157894736842
252.8186823989046,3.394736842105263,2.936842105263158,0.5789473684210527
239.93139333036498,3.394736842105263,2.936842105263158,0.631578947368421
230.04328829308278,3.394736842105263,2.936842105263158,0.6842105263157894
222.54736023327024,3.394736842105263,2.936842105263158,0.7368421052631579
216.99755874388225,3.394736842105263,2.936842105263158,0.7894736842105263
213.05741346649654,3.394736842105263,2.936842105263158,0.8421052631578947
210.46898620033616,3.394736842105263,2.936842105263158,0.894736842105263
209.0307268700146,3.394736842105263,2.936842105263158,0.9473684210526315
208.57827443620084,3.394736842105263,2.936842105263158,1.0
3336.235736038786,3.394736842105263,2.9894736842105267,0.0
2153.3495848330153,3.394736842105263,2.9894736842105267,0.05263157894736842
1473.0776060936125,3.394736842105263,2.9894736842105267,0.10526315789473684
1068.0829588201439,3.394736842105263,2.9894736842105267,0.15789473684210525
817.438578850831,3.394736842105263,2.9894736842105267,0.21052631578947367
655.7605790549655,3.394736842105263,2.9894736842105267,0.2631578947368421
547.0265192934406,3.394736842105263,2.9894736842105267,0.3157894736842105
470.95552703272745,3.394736842105263,2.9894736842105267,0.3684210526315789
415.8411718624619,3.394736842105263,2.9894736842105267,0.42105263157894735
374.7321642267491,3.394736842105263,2.9894736842105267,0.47368421052631576
343.3686019588703,3.394736842105263,2.9894736842105267,0.5263157894736842
319.04945604181717,3.394736842105263,2.9894736842105267,0.5789473684210527
300.0002583116749,3.394736842105263,2.9894736842105267,0.631578947368421
285.0131738892963,3.394736842105263,2.9894736842105267,0.6842105263157894
273.23765750397007,3.394736842105263,2.9894736842105267,0.7368421052631579
264.05575936089264,3.394736842105263,2.9894736842105267,0.7894736842105263
257.0059026578533,3.394736842105263,2.9894736842105267,0.8421052631578947
251.73498684288418,3.394736842105263,2.9894736842105267,0.894736842105263
247.96861647556142,3.394736842105263,2.9894736842105267,0.9473684210526315
245.49081894167733,3.394736842105263,2.9894736842105267,1.0
4957.9335441685025,3.394736842105263,3.042105263157895,0.0
3137.482206231468,3.394736842105263,3.042105263157895,0.05263157894736842
2101.8695855811634,3.394736842105263,3.042105263157895,0.10526315789473684
1492.904083215484,3.394736842105263,3.042105263157895,0.15789473684210525
1121.0366598236071,3.394736842105263,3.042105263157895,0.21052631578947367
884.3915029978781,3.394736842105263,3.042105263157895,0.2631578947368421
727.2313666137724,3.394736842105263,3.042105263157895,0.3157894736842105
618.4303686541598,3.394736842105263,3.042105263157895,0.3684210526315789
540.1913444876997,3.394736842105263,3.042105263157895,0.42105263157894735
482.0601169869979,3.394736842105263,3.042105263157895,0.47368421052631576
437.7071441477182,3.394736842105263,3.042105263157895,0.5263157894736842
403.1712445963924,3.394736842105263,3.042105263157895,0.5789473684210527
375.88519805417167,3.394736842105263,3.042105263157895,0.631578947368421
354.1250407514112,3.394736842105263,3.042105263157895,0.6842105263157894
336.69232419515555,3.394736842105263,3.042105263157895,0.7368421052631579
322.7265395962944,3.394736842105263,3.042105263157895,0.7894736842105263
311.59157363066515,3.394736842105263,3.042105263157895,0.8421052631578947
302.8051019084867,3.394736842105263,3.042105263157895,0.894736842105263
295.99342601833536,3.394736842105263,3.042105263157895,0.9473684210526315
290.8625964078912,3.394736842105263,3.042105263157895,1.0
7406.24998561535,3.394736842105263,3.094736842105263,0.0
4597.013369768218,3.394736842105263,3.094736842105263,0.05263157894736842
3015.417008119864,3.394736842105263,3.094736842105263,0.10526315789473684
2096.5601909803318,3.394736842105263,3.094736842105263,0.15789473684210525
1542.9641175296383,3.394736842105263,3.094736842105263,0.21052631578947367
1195.6403876001928,3.394736842105263,3.094736842105263,0.2631578947368421
968.1707141757757,3.394736842105263,3.094736842105263,0.3157894736842105
812.6618876274041,3.394736842105263,3.094736842105263,0.3684210526315789
701.9712736609619,3.394736842105263,3.094736842105263,0.42105263157894735
620.3170424743479,3.394736842105263,3.094736842105263,0.47368421052631576
558.2533928106151,3.394736842105263,3.094736842105263,0.5263157894736842
509.94300739636714,3.394736842105263,3.094736842105263,0.5789473684210527
471.65280850986403,3.394736842105263,3.094736842105263,0.631578947368421
440.90952800288136,3.394736842105263,3.094736842105263,0.6842105263157894
416.0161930009863,3.394736842105263,3.094736842105263,0.7368421052631579
395.7691074648025,3.394736842105263,3.094736842105263,0.7894736842105263
379.28813222584563,3.394736842105263,3.094736842105263,0.8421052631578947
365.91220768139823,3.394736842105263,3.094736842105263,0.894736842105263
355.13323238508127,3.394736842105263,3.094736842105263,0.9473684210526315
346.5530044241467,3.394736842105263,3.094736842105263,1.0
11120.334475528623,3.394736842105263,3.1473684210526316,0.0
6774.560394400956,3.394736842105263,3.1473684210526316,0.05263157894736842
4351.853070878384,3.394736842105263,3.1473684210526316,0.10526315789473684
2960.6034101677064,3.394736842105263,3.1473684210526316,0.15789473684210525
2133.459202604073,3.394736842105263,3.1473684210526316,0.21052631578947367
1621.9639185140413,3.394736842105263,3.1473684210526316,0.2631578947368421
1291.8948826112812,3.394736842105263,3.1473684210526316,0.3157894736842105
1069.3954480124944,3.394736842105263,3.1473684210526316,0.3684210526315789
912.9559761474619,3.394736842105263,3.1473684210526316,0.42105263157894735
798.6725640152235,3.394736842105263,3.1473684210526316,0.47368421052631576
712.3941259361742,3.394736842105263,3.1473684210526316,0.5263157894736842
645.4811798205337,3.394736842105263,3.1473684210526316,0.5789473684210527
592.4800816546292,3.394736842105263,3.1473684210526316,0.631578947368421
549.8257828857803,3.394736842105263,3.1473684210526316,0.6842105263157894
515.1044026382793,3.394736842105263,3.1473684210526316,0.7368421052631579
486.62507673576306,3.394736842105263,3.1473684210526316,0.7894736842105263
463.165503763976,3.394736842105263,3.1473684210526316,0.8421052631578947
443.8168307043615,3.394736842105263,3.1473684210526316,0.894736842105263
427.8864983380842,3.394736842105263,3.1473684210526316,0.9473684210526315
414.8356485829931,3.394736842105263,3.1473684210526316,1.0
16779.966943401207,3.394736842105263,3.2,0.0
10042.031883021626,3.394736842105263,3.2,0.05263157894736842
6320.356360925019,3.394736842105263,3.2,0.10526315789473684
4206.697455928805,3.394736842105263,3.2,0.15789473684210525
2966.1541667380993,3.394736842105263,3.2,0.21052631578947367
2209.992244865634,3.394736842105263,3.2,0.2631578947368421
1729.4192759506252,3.394736842105263,3.2,0.3157894736842105
1410.3164362431241,3.394736842105263,3.2,0.3684210526315789
1189.0464729765597,3.394736842105263,3.2,0.42105263157894735
1029.2949348833213,3.394736842105263,3.2,0.47368421052631576
909.7865780100745,3.394736842105263,3.2,0.5263157894736842
817.6832261808037,3.394736842105263,3.2,0.5789473684210527
744.9829274998059,3.394736842105263,3.2,0.631578947368421
686.5237612911757,3.394736842105263,3.2,0.6842105263157894
638.8568943946324,3.394736842105263,3.2,0.7368421052631579
599.5973340303185,3.394736842105263,3.2,0.7894736842105263
567.0413905445916,3.394736842105263,3.2,0.8421052631578947
539.9356769782444,3.394736842105263,3.2,0.894736842105263
517.3338813634703,3.394736842105263,3.2,0.9473684210526315
498.5054613200766,3.394736842105263,3.2,1.0
144.20568283001063,3.5,2.2,0.0
106.65321188615826,3.5,2.2,0.05263157894736842
82.54978451718465,3.5,2.2,0.10526315789473684
66.95676372095365,3.5,2.2,0.15789473684210525
56.89604539081075,3.5,2.2,0.21052631578947367
50.33580072635103,3.5,2.2,0.2631578947368421
46.20986722829482,3.5,2.2,0.3157894736842105
43.85780894901536,3.5,2.2,0.3684210526315789
42.827729716852886,3.5,2.2,0.42105263157894735
42.80962771168969,3.5,2.2,0.47368421052631576
43.5888115696022,3.5,2.2,0.5263157894736842
44.99673988305293,3.5,2.2,0.5789473684210527
46.929073915555556,3.5,2.2,0.631578947368421
49.35024917347365,3.5,2.2,0.6842105263157894
52.17821949762516,3.5,2.2,0.7368421052631579
55.34414893155972,3.5,2.2,0.7894736842105263
58.79298702211337,3.5,2.2,0.8421052631578947
62.48034626920182,3.5,2.2,0.894736842105263
66.37020719553279,3.5,2.2,0.9473684210526315
70.4332039618521,3.5,2.2,1.0
125.2433879362425,3.5,2.2526315789473688,0.0
93.11948755957495,3.5,2.2526315789473688,0.05263157894736842
72.5515290203984,3.5,2.2526315789473688,0.10526315789473684
59.346285294296365,3.5,2.2526315789473688,0.15789473684210525
50.855774078529926,3.5,2.2526315789473688,0.21052631578947367
45.410388253461626,3.5,2.2526315789473688,0.2631578947368421
42.13205246778415,3.5,2.2526315789473688,0.3157894736842105
40.43945051844327,3.5,2.2526315789473688,0.3684210526315789
39.93946596849305,3.5,2.2526315789473688,0.42105263157894735
40.36644121398006,3.5,2.2526315789473688,0.47368421052631576
41.52012901757116,3.5,2.2526315789473688,0.5263157894736842
43.2611037968615,3.5,2.2526315789473688,0.5789473684210527
45.542187568820815,3.5,2.2526315789473688,0.631578947368421
48.27593516274897,3.5,2.2526315789473688,0.6842105263157894
51.38353153588712,3.5,2.2526315789473688,0.7368421052631579
54.80243038531063,3.5,2.2526315789473688,0.7894736842105263
58.48252353652288,3.5,2.2526315789473688,0.8421052631578947
62.383364036360675,3.5,2.2526315789473688,0.894736842105263
66.4721170584211,3.5,2.2526315789473688,0.9473684210526315
70.72202331446823,3.5,2.2526315789473688,1.0
112.96121673501852,3.5,2.305263157894737,0.0
84.42993105367631,3.5,2.305263157894737,0.05263157894736842
66.23262898710028,3.5,2.305263157894737,0.10526315789473684
54.62633159258071,3.5,2.305263157894737,0.15789473684210525
47.14461506216353,3.5,2.305263157894737,0.21052631578947367
42.45336124431956,3.5,2.305263157894737,0.2631578947368421
39.757452774651185,3.5,2.305263157894737,0.3157894736842105
38.526752154732314,3.5,2.305263157894737,0.3684210526315789
38.408170396923474,3.5,2.305263157894737,0.42105263157894735
39.15401680604166,3.5,2.305263157894737,0.47368421052631576
40.58294243821124,3.5,2.305263157894737,0.5263157894736842
42.62104324385537,3.5,2.305263157894737,0.5789473684210527
45.174397599246504,3.5,2.305263157894737,0.631578947368421
48.150524515281035,3.5,2.305263157894737,0.6842105263157894
51.47785101699031,3.5,2.305263157894737,0.7368421052631579
55.09857880118295,3.5,2.305263157894737,0.7894736842105263
58.966110856556526,3.5,2.305263157894737,0.8421052631578947
63.042809440093656,3.5,2.305263157894737,0.894736842105263
67.29811841488697,3.5,2.305263157894737,0.9473684210526315
71.70715140417363,3.5,2.305263157894737,1.0
107.97502845930074,3.5,2.3578947368421055,0.0
81.09403778717767,3.5,2.3578947368421055,0.05263157894736842
64.02781469804245,3.5,2.3578947368421055,0.10526315789473684
53.13081180206143,3.5,2.3578947368421055,0.15789473684210525
46.11530512268137,3.5,2.3578947368421055,0.21052631578947367
41.781437670865216,3.5,2.3578947368421055,0.2631578947368421
39.36937695461326,3.5,2.3578947368421055,0.3157894736842105
38.374832352382306,3.5,2.3578947368421055,0.3684210526315789
38.46199243813925,3.5,2.3578947368421055,0.42105263157894735
39.38352157012562,3.5,2.3578947368421055,0.47368421052631576
41.016155039303634,3.5,2.3578947368421055,0.5263157894736842
43.257216912520434,3.5,2.3578947368421055,0.5789473684210527
45.99469521250123,3.5,2.3578947368421055,0.631578947368421
49.14010479938965,3.5,2.3578947368421055,0.6842105263157894
52.62387921420924,3.5,2.3578947368421055,0.7368421052631579
56.390717194670984,3.5,2.3578947368421055,0.7894736842105263
60.39626201405287,3.5,2.3578947368421055,0.8421052631578947
64.60455360528435,3.5,2.3578947368421055,0.894736842105263
68.98737081134541,3.5,2.3578947368421055,0.9473684210526315
73.52105949115283,3.5,2.3578947368421055,1.0
111.49816015959532,3.5,2.4105263157894736,0.0
84.0145132623152,3.5,2.4105263157894736,0.05263157894736842
66.63730728267156,3.5,2.4105263157894736,0.10526315789473684
55.44972432731651,3.5,2.4105263157894736,0.15789473684210525
48.26223693184614,3.5,2.4105263157894736,0.21052631578947367
43.82673829404431,3.5,2.4105263157894736,0.2631578947368421
41.34965656579004,3.5,2.4105263157894736,0.3157894736842105
40.32582956861437,3.5,2.4105263157894736,0.3684210526315789
40.401077497820175,3.5,2.4105263157894736,0.42105263157894735
41.361951441060434,3.5,2.4105263157894736,0.47368421052631576
43.07482862267178,3.5,2.4105263157894736,0.5263157894736842
45.39243734821138,3.5,2.4105263157894736,0.5789473684210527
48.20264951283517,3.5,2.4105263157894736,0.631578947368421
51.421096587482126,3.5,2.4105263157894736,0.6842105263157894
54.979311237293174,3.5,2.4105263157894736,0.7368421052631579
58.8221897830145,3.5,2.4105263157894736,0.7894736842105263
62.90555292693983,3.5,2.4105263157894736,0.8421052631578947
67.19373635724108,3.5,2.4105263157894736,0.894736842105263
71.657812415527,3.5,2.4105263157894736,0.9473684210526315
76.27425461005579,3.5,2.4105263157894736,1.0
125.49418222476328,3.5,2.463157894736842,0.0
94.56393321574613,3.5,2.463157894736842,0.05263157894736842
75.0221636790368,3.5,2.463157894736842,0.10526315789473684
62.38003545559569,3.5,2.463157894736842,0.15789473684210525
54.22591511941479,3.5,2.463157894736842,0.21052631578947367
49.1173911149482,3.5,2.463157894736842,0.2631578947368421
46.15883391161865,3.5,2.463157894736842,0.3157894736842105
44.77463252996945,3.5,2.463157894736842,0.3684210526315789
44.59767588126179,3.5,2.463157894736842,0.42105263157894735
45.41713791972299,3.5,2.463157894736842,0.47368421052631576
47.026174416633296,3.5,2.463157894736842,0.5263157894736842
49.26845518967353,3.5,2.463157894736842,0.5789473684210527
52.02583396469241,3.5,2.463157894736842,0.631578947368421
55.20730109137881,3.5,2.463157894736842,0.6842105263157894
58.74245385313914,3.5,2.463157894736842,0.7368421052631579
62.57716673212417,3.5,2.463157894736842,0.7894736842105263
66.66562009815716,3.5,2.463157894736842,0.8421052631578947
70.97067372006761,3.5,2.463157894736842,0.894736842105263
75.46223562212829,3.5,2.463157894736842,0.9473684210526315
80.11585379401178,3.5,2.463157894736842,1.0
153.10948079059935,3.5,2.515789473684211,0.0
114.89074422513394,3.5,2.515789473684211,0.05263157894736842
90.7386406753233,3.5,2.515789473684211,0.10526315789473684
75.11566772429042,3.5,2.515789473684211,0.15789473684210525
64.95682585331662,3.5,2.515789473684211,0.21052631578947367
58.440584713552475,3.5,2.515789473684211,0.2631578947368421
54.46003146313419,3.5,2.515789473684211,0.3157894736842105
52.313820027900064,3.5,2.515789473684211,0.3684210526315789
51.601580864386094,3.5,2.515789473684211,0.42105263157894735
52.0042011254092,3.5,2.515789473684211,0.47368421052631576
53.28239347201617,3.5,2.515789473684211,0.5263157894736842
55.25974110239341,3.5,2.515789473684211,0.5789473684210527
57.80428683307328,3.5,2.515789473684211,0.631578947368421
60.81519942485202,3.5,2.515789473684211,0.6842105263157894
64.21405772472917,3.5,2.515789473684211,0.7368421052631579
67.93899185837388,3.5,2.515789473684211,0.7894736842105263
71.94214225794019,3.5,2.515789473684211,0.8421052631578947
76.18528369967521,3.5,2.515789473684211,0.894736842105263
80.63548141284069,3.5,2.515789473684211,0.9473684210526315
85.26598321023262,3.5,2.515789473684211,1.0
199.13442020793255,3.5,2.568421052631579,0.0
148.139067438226,3.5,2.568421052631579,0.05263157894736842
116.04805189352548,3.5,2.568421052631579,0.10526315789473684
95.33837551966994,3.5,2.568421052631579,0.15789473684210525
81.76714355929762,3.5,2.568421052631579,0.21052631578947367
72.86611200235329,3.5,2.568421052631579,0.2631578947368421
67.14864740162557,3.5,2.568421052631579,0.3157894736842105
63.74967853999348,3.5,2.568421052631579,0.3684210526315789
62.077501745257514,3.5,2.568421052631579,0.42105263157894735
61.714861875778766,3.5,2.568421052631579,0.47368421052631576
62.374555097765075,3.5,2.568421052631579,0.5263157894736842
63.847560340365476,3.5,2.568421052631579,0.5789473684210527
65.97737119220784,3.5,2.568421052631579,0.631578947368421
68.64566125780983,3.5,2.568421052631579,0.6842105263157894
71.76116442790511,3.5,2.568421052631579,0.7368421052631579
75.25232983235446,3.5,2.568421052631579,0.7894736842105263
79.06233164713458,3.5,2.568421052631579,0.8421052631578947
83.14563416670462,3.5,2.568421052631579,0.894736842105263
87.46752744516351,3.5,2.568421052631579,0.9473684210526315
91.99863831755401,3.5,2.568421052631579,1.0
270.751255766259,3.5,2.6210526315789475,0.0
198.96207640298175,3.5,2.6210526315789475,0.05263157894736842
154.17159365384268,3.5,2.6210526315789475,0.10526315789473684
125.38771278609511,3.5,2.6210526315789475,0.15789473684210525
106.44882298244222,3.5,2.6210526315789475,0.21052631578947367
93.81719194316211,3.5,2.6210526315789475,0.2631578947368421
85.44556698865932,3.5,2.6210526315789475,0.3157894736842105
80.07609967204709,3.5,2.6210526315789475,0.3684210526315789
76.87791334749916,3.5,2.6210526315789475,0.42105263157894735
75.30315551445365,3.5,2.6210526315789475,0.47368421052631576
74.97747753436495,3.5,2.6210526315789475,0.5263157894736842
75.6395237971,3.5,2.6210526315789475,0.5789473684210527
77.0970131341768,3.5,2.6210526315789475,0.631578947368421
79.20376031888556,3.5,2.6210526315789475,0.6842105263157894
81.84811915393824,3.5,2.6210526315789475,0.7368421052631579
84.94322920780924,3.5,2.6210526315789475,0.7894736842105263
88.4204981954844,3.5,2.6210526315789475,0.8421052631578947
92.2251232618983,3.5,2.6210526315789475,0.894736842105263
96.31293127282468,3.5,2.6210526315789475,0.9473684210526315
100.64835187009034,3.5,2.6210526315789475,1.0
378.66909373579375,3.5,2.673684210526316,0.0
274.19962947826735,3.5,2.673684210526316,0.05263157894736842
209.70215275112375,3.5,2.673684210526316,0.10526315789473684
168.5242328377849,3.5,2.673684210526316,0.15789473684210525
141.43916748361772,3.5,2.673684210526316,0.21052631578947367
123.23701003658145,3.5,2.673684210526316,0.2631578947368421
110.9047286576423,3.5,2.673684210526316,0.3157894736842105
102.58178949713687,3.5,2.673684210526316,0.3684210526315789
97.10672700981382,3.5,2.673684210526316,0.42105263157894735
93.72845127203816,3.5,2.673684210526316,0.47368421052631576
91.94332387355003,3.5,2.673684210526316,0.5263157894736842
91.40155671268977,3.5,2.673684210526316,0.5789473684210527
91.85501530805102,3.5,2.673684210526316,0.631578947368421
93.11938403094602,3.5,2.673684210526316,0.6842105263157894
95.05238494459141,3.5,2.673684210526316,0.7368421052631579
97.54427314653901,3.5,2.673684210526316,0.7894736842105263
100.50895058325044,3.5,2.673684210526316,0.8421052631578947
103.87795082276432,3.5,2.673684210526316,0.894736842105263
107.59625443823076,3.5,2.673684210526316,0.9473684210526315
111.61930286764753,3.5,2.673684210526316,1.0
538.911125220347,3.5,2.7263157894736842,0.0
383.8688059732111,3.5,2.7263157894736842,0.05263157894736842
289.2152865808451,3.5,2.7263157894736842,0.10526315789473684
229.313143527627,3.5,2.7263157894736842,0.15789473684210525
190.0943997342012,3.5,2.7263157894736842,0.21052631578947367
163.7033369788733,3.5,2.7263157894736842,0.2631578947368421
145.56202909421458,3.5,2.7263157894736842,0.3157894736842105
132.94705931946285,3.5,2.7263157894736842,0.3684210526315789
124.18739875512736,3.5,2.7263157894736842,0.42105263157894735
118.22133565453605,3.5,2.7263157894736842,0.47368421052631576
114.34945254962389,3.5,2.7263157894736842,0.5263157894736842
112.0941600973823,3.5,2.7263157894736842,0.5789473684210527
111.11804161613303,3.5,2.7263157894736842,0.631578947368421
111.1776184976014,3.5,2.7263157894736842,0.6842105263157894
112.09039665789146,3.5,2.7263157894736842,0.7368421052631579
113.71343790646071,3.5,2.7263157894736842,0.7894736842105263
115.93539286119804,3.5,2.7263157894736842,0.8421052631578947
118.66818671190708,3.5,2.7263157894736842,0.894736842105263
121.84129970711375,3.5,2.7263157894736842,0.9473684210526315
125.39773633569216,3.5,2.7263157894736842,1.0
775.612216148151,3.5,2.778947368421053,0.0
542.7136087920926,3.5,2.778947368421053,0.05263157894736842
402.1845323275878,3.5,2.778947368421053,0.10526315789473684
314.1825694141734,3.5,2.778947368421053,0.15789473684210525
257.04159486124615,3.5,2.778947368421053,0.21052631578947367
218.65821953644763,3.5,2.778947368421053,0.2631578947368421
192.1183088863956,3.5,2.778947368421053,0.3157894736842105
173.36859860187667,3.5,2.778947368421053,0.3684210526315789
159.95856608016751,3.5,2.778947368421053,0.42105263157894735
150.3558144457578,3.5,2.778947368421053,0.47368421052631576
143.56729034917183,3.5,2.778947368421053,0.5263157894736842
138.92576690565588,3.5,2.778947368421053,0.5789473684210527
135.96694405718156,3.5,2.778947368421053,0.631578947368421
134.3570443081986,3.5,2.778947368421053,0.6842105263157894
133.85103835136715,3.5,2.778947368421053,0.7368421052631579
134.26359107941542,3.5,2.778947368421053,0.7894736842105263
135.44763401382755,3.5,2.778947368421053,0.8421052631578947
137.28746314653824,3.5,2.778947368421053,0.894736842105263
139.6908301879006,3.5,2.778947368421053,0.9473684210526315
142.5833785319937,3.5,2.778947368421053,1.0
1125.1597400769542,3.5,2.8315789473684214,0.0
772.5620213524605,3.5,2.8315789473684214,0.05263157894736842
562.3457174996829,3.5,2.8315789473684214,0.10526315789473684
432.277892269787,3.5,2.8315789473684214,0.15789473684210525
348.6352400590109,3.5,2.8315789473684214,0.21052631578947367
292.77625377817054,3.5,2.8315789473684214,0.2631578947368421
254.17419033049333,3.5,2.8315789473684214,0.3157894736842105
226.72933615056473,3.5,2.8315789473684214,0.3684210526315789
206.80218696464956,3.5,2.8315789473684214,0.42105263157894735
192.14948569165665,3.5,2.8315789473684214,0.47368421052631576
181.33949529732035,3.5,2.8315789473684214,0.5263157894736842
173.4249045562084,3.5,2.8315789473684214,0.5789473684210527
167.75618278521128,3.5,2.8315789473684214,0.631578947368421
163.87269025813853,3.5,2.8315789473684214,0.6842105263157894
161.43757749787636,3.5,2.8315789473684214,0.7368421052631579
160.19940209568392,3.5,2.8315789473684214,0.7894736842105263
159.9662239530449,3.5,2.8315789473684214,0.8421052631578947
160.58401127517396,3.5,2.8315789473684214,0.894736842105263
161.93040102942973,3.5,2.8315789473684214,0.9473684210526315
163.90709495910355,3.5,2.8315789473684214,1.0
1642.667001487644,3.5,2.8842105263157896,0.0
1105.9277267209195,3.5,2.8842105263157896,0.05263157894736842
789.792301074088,3.5,2.8842105263157896,0.10526315789473684
596.5958311803182,3.5,2.8842105263157896,0.15789473684210525
473.75361200497224,3.5,2.8842105263157896,0.21052631578947367
392.45014958676046,3.5,2.8842105263157896,0.2631578947368421
336.5586542585535,3.5,2.8842105263157896,0.3157894736842105
296.8314362580541,3.5,2.8842105263157896,0.3684210526315789
267.8161277670156,3.5,2.8842105263157896,0.42105263157894735
246.19640815750316,3.5,2.8842105263157896,0.47368421052631576
229.8856229424356,3.5,2.8842105263157896,0.5263157894736842
217.52324176100163,3.5,2.8842105263157896,0.5789473684210527
208.18977044627462,3.5,2.8842105263157896,0.631578947368421
201.24189261018378,3.5,2.8842105263157896,0.6842105263157894
196.21487270001944,3.5,2.8842105263157896,0.7368421052631579
192.76327589338985,3.5,2.8842105263157896,0.7894736842105263
190.625175837797,3.5,2.8842105263157896,0.8421052631578947
189.5987802749745,3.5,2.8842105263157896,0.894736842105263
189.52063025607066,3.5,2.8842105263157896,0.9473684210526315
190.25965173435176,3.5,2.8842105263157896,1.0
2411.9899146382004,3.5,2.936842105263158,0.0
1591.5435682550287,3.5,2.936842105263158,0.05263157894736842
1114.0135251732736,3.5,2.936842105263158,0.10526315789473684
825.8452197096417,3.5,2.936842105263158,0.15789473684210525
644.9029509436991,3.5,2.936842105263158,0.21052631578947367
526.4894359791396,3.5,2.936842105263158,0.2631578947368421
445.7924528061768,3.5,2.936842105263158,0.3157894736842105
388.71840381547025,3.5,2.936842105263158,0.3684210526315789
347.04831039595285,3.5,2.936842105263158,0.42105263157894735
315.84434683870586,3.5,2.936842105263158,0.47368421052631576
292.0410697792964,3.5,2.936842105263158,0.5263157894736842
273.66772372568045,3.5,2.936842105263158,0.5789473684210527
259.4110961648288,3.5,2.936842105263158,0.631578947368421
248.3647771651124,3.5,2.936842105263158,0.6842105263157894
239.8820651076848,3.5,2.936842105263158,0.7368421052631579
233.48751310740192,3.5,2.936842105263158,0.7894736842105263
228.82229675788417,3.5,2.936842105263158,0.8421052631578947
225.61039149438636,3.5,2.936842105263158,0.894736842105263
223.63718480782399,3.5,2.936842105263158,0.9473684210526315
222.72752580797655,3.5,2.936842105263158,1.0
3561.2707414501824,3.5,2.9894736842105267,0.0
2302.7886540690515,3.5,2.9894736842105267,0.05263157894736842
1578.645445258741,3.5,2.9894736842105267,0.10526315789473684
1147.1808332255896,3.5,2.9894736842105267,0.15789473684210525
879.845891070836,3.5,2.9894736842105267,0.21052631578947367
707.133301131324,3.5,2.9894736842105267,0.2631578947368421
590.7468730545381,3.5,2.9894736842105267,0.3157894736842105
509.12392974827344,3.5,2.9894736842105267,0.3684210526315789
449.8167804923665,3.5,2.9894736842105267,0.42105263157894735
405.4328374296545,3.5,2.9894736842105267,0.47368421052631576
371.4408349664715,3.5,2.9894736842105267,0.5263157894736842
344.9669372276924,3.5,2.9894736842105267,0.5789473684210527
324.12255359485044,3.5,2.9894736842105267,0.631578947368421
307.6216988063835,3.5,2.9894736842105267,0.6842105263157894
294.55842615501916,3.5,2.9894736842105267,0.7368421052631579
284.2742466759838,3.5,2.9894736842105267,0.7894736842105263
276.2770774704217,3.5,2.9894736842105267,0.8421052631578947
270.19030390082344,3.5,2.9894736842105267,0.894736842105263
265.720431955386,3.5,2.9894736842105267,0.9473684210526315
262.637184174692,3.5,2.9894736842105267,1.0
5287.054746486265,3.5,3.042105263157895,0.0
3350.703136885592,3.5,3.042105263157895,0.05263157894736842
2248.7090347645844,3.5,3.042105263157895,0.10526315789473684
1600.3129306933622,3.5,3.042105263157895,0.15789473684210525
1204.019500948875,3.5,3.042105263157895,0.21052631578947367
951.5291258994272,3.5,3.042105263157895,0.2631578947368421
783.5874459519843,3.5,3.042105263157895,0.3157894736842105
667.1023405673712,3.5,3.042105263157895,0.3684210526315789
583.1506216776368,3.5,3.042105263157895,0.42105263157894735
520.6152308999394,3.5,3.042105263157895,0.47368421052631576
472.76410509938125,3.5,3.042105263157895,0.5263157894736842
435.3832091030615,3.5,3.042105263157895,0.5789473684210527
405.7406955917573,3.5,3.042105263157895,0.631578947368421
382.00145416884476,3.5,3.042105263157895,0.6842105263157894
362.889305028677,3.5,3.042105263157895,0.7368421052631579
347.48756428967937,3.5,3.042105263157895,0.7894736842105263
335.1183102156219,3.5,3.042105263157895,0.8421052631578947
325.26729737050994,3.5,3.042105263157895,0.894736842105263
317.53592185130566,3.5,3.042105263157895,0.9473684210526315
311.609948272212,3.5,3.042105263157895,1.0
7891.753582245605,3.5,3.094736842105263,0.0
4904.173338942051,3.5,3.094736842105263,0.05263157894736842
3221.661409713054,3.5,3.094736842105263,0.10526315789473684
2243.7272878107065,3.5,3.094736842105263,0.15789473684210525
1654.1456738669056,3.5,3.094736842105263,0.21052631578947367
1283.90508853952,3.5,3.094736842105263,0.2631578947368421
1041.1359174909971,3.5,3.094736842105263,0.3157894736842105
874.9211131632204,3.5,3.094736842105263,0.3684210526315789
756.4021156971871,3.5,3.094736842105263,0.42105263157894735
668.7975730533342,3.5,3.094736842105263,0.47368421052631576
602.0619741256526,3.5,3.094736842105263,0.5263157894736842
549.9862082668988,3.5,3.094736842105263,0.5789473684210527
508.5984844701756,3.5,3.094736842105263,0.631578947368421
475.26663513256506,3.5,3.094736842105263,0.6842105263157894
448.1840792459679,3.5,3.094736842105263,0.7368421052631579
426.06892008642467,3.5,3.094736842105263,0.7894736842105263
407.9834865553221,3.5,3.094736842105263,0.8421052631578947
393.2232342297978,3.5,3.094736842105263,0.894736842105263
381.2464246794345,3.5,3.094736842105263,0.9473684210526315
371.62832564092423,3.5,3.094736842105263,1.0
11842.208714731281,3.5,3.1473684210526316,0.0
7221.127413822037,3.5,3.1473684210526316,0.05263157894736842
4644.362984769722,3.5,3.1473684210526316,0.10526315789473684
3164.1369771331733,3.5,3.1473684210526316,0.15789473684210525
2283.649031074372,3.5,3.1473684210526316,0.21052631578947367
1738.7822607370667,3.5,3.1473684210526316,0.2631578947368421
1386.8497779873458,3.5,3.1473684210526316,0.3157894736842105
1149.3341082905335,3.5,3.1473684210526316,0.3684210526315789
982.1033375349857,3.5,3.1473684210526316,0.42105263157894735
859.7412422287176,3.5,3.1473684210526316,0.47368421052631576
767.1996209454162,3.5,3.1473684210526316,0.5263157894736842
695.2898180964025,3.5,3.1473684210526316,0.5789473684210527
638.2103533409271,3.5,3.1473684210526316,0.631578947368421
592.1678706765058,3.5,3.1473684210526316,0.6842105263157894
554.5931772151823,3.5,3.1473684210526316,0.7368421052631579
523.6860520333571,3.5,3.1473684210526316,0.7894736842105263
498.1447040542752,3.5,3.1473684210526316,0.8421052631578947
477.0008363240288,3.5,3.1473684210526316,0.894736842105263
459.51632897509484,3.5,3.1473684210526316,0.9473684210526315
445.116667940576,3.5,3.1473684210526316,1.0
17861.051325113393,3.5,3.2,0.0
10696.931541615222,3.5,3.2,0.05263157894736842
6739.197607832523,3.5,3.2,0.10526315789473684
4490.896120397475,3.5,3.2,0.15789473684210525
3170.8244410213206,3.5,3.2,0.21052631578947367
2365.750408329793,3.5,3.2,0.2631578947368421
1853.7185389979425,3.5,3.2,0.3157894736842105
1513.4113937796549,3.5,3.2,0.3684210526315789
1277.1740999178328,3.5,3.2,0.42105263157894735
1106.396800251671,3.5,3.2,0.47368421052631576
978.4572189800945,3.5,3.2,0.5263157894736842
879.7025290994471,3.5,3.2,0.5789473684210527
801.6215663662445,3.5,3.2,0.631578947368421
738.7227807095225,3.5,3.2,0.6842105263157894
687.3362049214578,3.5,3.2,0.7368421052631579
644.9232243180519,3.5,3.2,0.7894736842105263
609.6698695481509,3.5,3.2,0.8421052631578947
580.2412031386607,3.5,3.2,0.894736842105263
555.6290175039501,3.5,3.2,0.9473684210526315
535.0547342114476,3.5,3.2,1.0
